type,case_submitter_id,patient_filename,ajcc_pathologic_t,T14,ajcc_pathologic_n,N03,text,rag_reasoning,rag_stage
CHOL,TCGA-3X-AAV9,TCGA-3X-AAV9.3E7DD345-7A2C-4D7B-B5A2-2207949186CA,T1,0.0,N0,0.0,"CONFIDENTIAL. Demographics (for. verification purposes). Date of Birth: Sex: M. Collected Date/Time. Received Date/Time. Specimen Description. A. Small bowel nodule. B. Mesenteric node. C. Gallbladder. D. Right lobe liver. Clinical Information. Mass in liver. Cholangiocarcinoma - query. Colon adenocarcinoma. Diagnosis. A. Small Bowel Nodule, Biopsy: Focal fibrosis, negative for malignancy. B. Mesenteric Node, Biopsy: One lymph node, negative for malignancy. C. Gallbladder, Cholecystectomy: Unremarkable gallbladder, negative for malignancy. D. Right Lobe Liver, Wedge Resection: Moderately differentiated cholangiocarcinoma. 7.7 x 6.0 x 5.5 cm. Less than 0.1 cm to the liver resection margin and the tumor focally. involves the liver capsule. Positive perineural invasion. Surrounding background liver parenchyma shows moderate portal. inflammation, likely due to mass effect. Verified: Gross Description. Received are specimens A to D. All requisitions and specimen containers are labelled. with the patient's name. The cassettes and. identifiers are. labelled with the Surgicar. A. Two small fragments of tan soft tissue, 0.7 x 0.3 x 0.2 cm in aggregate. Submitted in. toto for FS. B. One piece of oval-shaped nodular tissue encompassing a seemingly lymph node, 1.2 cm in. greatest dimension. The node is bisected and submitted in toto in two blocks (FS1 and. FS2) for FS. C. The specimen is received fresh and is subsequently placed into formalin and consists. of an intact gallbladder measuring 8.2 x 3 x 2.1 cm. The serosal surface is tan, smooth. and glistening and the adventitial surface is tan, slightly hemorrhagic and roughened. The cystic duct resection margin is identified and is patent. The cystic duct lymph node. is grossly identified and measures 1.2 cm in maximum dimension. The lumen is filled with. thick green bile (about 4 ml). The mucosal surface is green and velvety. The wall. thickness of the gallbladder is ranging from 0.2 to 0.5 cm. The specimen is serially. sectioned and representative sections are submitted in cassettes C1 and C2, cassette. C1. representing the cystic duct resection margin and cystic duct lymph node bisected,. cassette C2 representing sections from neck, body and fundus. D. The specimen is received in formalin and consists of a lobe of liver weighing 403 g. and measuring 13.7 x 11 x 5.5 cm. The resection margin is marked with blue dye. A white. solid area is identified on the serosal surface measuring 5 x 1.5 cm. The cut surface. reveals a tan solid mass measuring 7.7 x 6 x 5.5 cm. This mass also grossly extends up. the serosal surface. The remaining cut surface appears grossly unremarkable. Sections are submitted as follows: D1 - mass in relationship with the serosal surface (white solid area on the serosal. surface). D2-3 - mass with closest inked resection margin. D4 - blood vessel within the mass. D5-6 - further sections from the mass with fascicles. D7 - grossly unremarkable parenchyma adjacent to the mass. Please note a portion of specimen D is sent for tumor banking. Frozen Section Diagnosis. A. Small Bowel Nodule: - Benign fibrous tissue, negative for malignancy. B. Mesenteric Node: - Reactive lymph node, negative for malignancy. Pathologist Comment. D. The moderately differentiated adenocarcinoma cells are strongly positive for CK7,. CK19, focally positive for CK20 and negative for TTF-1 and CDX2. This. immunohistochemical profile is consistent with cholangiocarcinoma. Encounter Number. Patient Location.","Based on the information provided in the pathology report, we can determine the T stage for this cholangiocarcinoma case. The AJCC Cancer Staging Manual (7th edition) defines the T stage for cholangiocarcinoma as follows: 

T1: Solitary tumor without vascular invasion
T2a: Solitary tumor with vascular invasion
T2b: Multiple tumors, with or without vascular invasion
T3: Tumor perforating the visceral peritoneum or involving the local extra hepatic structures by direct invasion
T4: Tumor with periductal invasion

From the pathology report, we know that the patient had a moderately differentiated cholangiocarcinoma in the right lobe of the liver, measuring 7.7 x 6.0 x 5.5 cm. The tumor focally involved the liver capsule and had positive perineural invasion. However, there is no mention of vascular invasion, tumor perforating the visceral peritoneum, or involving local extrahepatic structures. Therefore, we can conclude that the tumor does not meet the criteria for T3 or T4 stages.

The report also mentions that the tumor was less than 0.1 cm from the liver resection margin. While this is close, it does not meet the criteria for a T4 stage, which requires the tumor to invade the resection margin. Therefore, we can rule out T4.

Since there is no mention of multiple tumors, we can assume that this is a solitary tumor. Furthermore, there is no mention of vascular invasion, so we cannot classify this as T2a. Therefore, based on the information provided, the T stage for this cholangiocarcinoma case would be T1, as it is a solitary tumor without vascular invasion.

In summary:
T1: Solitary tumor without vascular invasion
T2a: Solitary tumor with vascular invasion
T2b: Multiple tumors, with or without vascular invasion
T3: Tumor perforating the visceral peritoneum or involving the local extra hepatic structures by direct invasion
T4: Tumor with periductal invasion

Final T stage prediction: T1",T1
CHOL,TCGA-3X-AAVA,TCGA-3X-AAVA.4C9A220D-03E9-41CF-8FA9-4B7FD05A625A,T2b,1.0,,,"CONFIDENTIAL. Demographics (for. verification purposes). Date of Birth: Sex: F. Collected Date/Time. Received Date/Time. Specimen Description. A. Portal tissue at. B. Liver segment at. Clinical Information. Infectious patient No. Immunocompromised: No. Liver mass. Diagnosis. A. Portal Tissue, Excision: Benign fibroadipose tissue. B. Liver, Segmental Resection: Moderately-differentiated cholangiocarcinoma (see Synoptic Report) . Tumor < 0.1 cm from hepatic resection margin. Background liver parenchyma with prominent chronic portal. inflammation. Verified: Synoptic Report. B: Intrahepatic Bile Ducts, Resection Macro. Specimen: Liver. PROCEDURE: Wedge resection. TUMOR SIZE: Greatest dimension: 7.3. cm. Additional dimensions: 5.8 x 4.8 cm. TUMOR FOCALITY: Multiple (specify location) : 2 foci within segment. B: Intrahepatic Bile Ducts, ,Resection, Micro. HISTOLOGIC TYPE: Cholangiocarcinoma. HISTOLOGIC GRADE: GII: Moderately differentiated. TUMOR GROWTH PATTERN: Mass-forming. MICROSCOPIC TUMOR EXTENSION: Tumor confined to hepatic parenchyma. HEPATIC PARENCHYMAL MARGIN: Uninvolved by invasive carcinoma. Distance of invasive carcinoma from closest margin: 1. mm. BILE DUCT MARGIN: Cannot be assessed. VENOUS (LARGE VESSEL) INVASION (V) : Not identified. SMALL VESSAL INVASION (L) : Not identified. PERINEURAL INVASION: Present. PRIMARY TUMOR (pT) : pT2b: Multiple tumors, with or without vascular invasion. REGIONAL LYMPH NODES (pN) : pNX: Cannot be assessed. Gross Description. Received are specimens A to B. All requisitions and specimen containers are labelled. with the patient's name,. The cassettes and. identifiers are labelled. with the Surgical Number. A. Specimen is labelled ""portal tissue. A single soft grey tan irregular portion of tissue measuring 1.8 x 1.0 x 0.6 cm. This. portion of tissue is bisected and submitted in toto in A1. Also submitted in the. container multiple soft yellow lobulated tissue fragments measuring in aggregate 1.4 x. 0.9 x 0.3 cm and totally submitted in A2. B. The specimen is received fresh and is subsequently placed into formalin. The container. is designated ""liver segment"" and consists of a 218.4 g segmental hepatectomy specimen. measuring 11.8 x 8.4 x 5.4 cm. The capsular surface appears relatively smooth expect for. two focal indurated light tan appearing areas measuring 5.4 x 4.3 cm on the anterior. surface and on the posterior surface measuring 4.4 x 2.0 cm. The surgical resection. margin is dyed with black ink. The specimen is serially sectioned to reveal a well. circumscribed light tan lesion measuring 7.3 x 5.8 x 4.8 cm which grossly appears to. extends right to the black inked surgical resection margin and also corresponds with the. two indurated light tan capsular areas identified on both anterior and posterior. surfaces. There is also secondary nodule measuring 1.0 x 0.9 x 0.9 cm which grossly is. 0.8 cm away from the larger tumor, 2.8 cm from the black inked surgical resection margin. and grossly appears to come right to the capsular surface. Summary sections: B1, 2. - representative sections of the larger lesion and grossly points of invasion. to black inked. resection margin. B3. - representative section of gross capsular surface involvement of the larger. lesion on the. anterior surface. B4. - representative section of the larger lesion capsular surface involvement on. the posterior. surface. B6. - representative section of the smaller lesion and the capsular surface. involvement. Pathologist Comment. Comparison is made to previous liver biopsy specimen. The portal chronic inflammation is likely secondary to mass effect/reactive changes. secondary to the tumor. Note is made of the negative autoantibody and viral hepatitis. serology. Clinical correlation is required for a more definitive diagnosis. Encounter Number. Patient Location.","The pathology report provides the following information: the patient is a female with a moderately-differentiated cholangiocarcinoma (histologic type GII) in the liver, specifically in segmental resection. The tumor is 7.3 cm in its greatest dimension with multiple foci (2) within the segment. The growth pattern is mass-forming, and the tumor is confined to the hepatic parenchyma. There is no vascular invasion (large or small vessels), but there is perineural invasion present. The tumor is 1 mm from the closest hepatic resection margin, and the bile duct margin cannot be assessed. The primary tumor (pT) is described as pT2b due to multiple tumors, with or without vascular invasion. The regional lymph nodes (pN) cannot be assessed (pNX).

Now, let's compare this information with the AJCC 7th edition excerpt:

- The T category is based on three major prognostic factors including tumor number, vascular invasion, and direct extrahepatic tumoral extension.
- The nodal category (N) is a binary classiﬁcation based on the presence or absence of regional lymph node metastasis.
- The metastasis category (M) is a binary classiﬁcation based on the presence or absence of distant disease.

Based on the pathology report, the patient has multiple tumors (T2b) without vascular invasion and without direct extrahepatic tumoral extension. The regional lymph nodes cannot be assessed (pNX). Therefore, the patient's T stage is T2b, and M stage is M0 (no distant metastasis). The N stage cannot be determined based on the available information.

In summary, the final predicted T stage is: {T2}",T2
CHOL,TCGA-3X-AAVB,TCGA-3X-AAVB.BEA4C577-73ED-48F0-9417-AA8BD143B5C8,T3,2.0,N1,1.0,"CONFIDENTIAL. Demographics (for. verification purposes). Date of Birth: . Sex: F. Collected Date/Time. Received Date/Time. Specimen Description. A. Lymph node #8 at. B. Gallbladder at. C. Portal lymph node at. D. Pancreatic duct margin at. E. Whipple specimen at. Clinical Information. Pancreatic cancer. Is 0/20/14. Infectious patient:No. Immunocompromised: Yes. History of neoplasm: Yes. Diagnosis. A. Lymph Node # 8: One reactive lymph node, negative for malignancy. B. Gallbladder: Unremarkable gallbladder. Negative for malignancy or dysplasia. c. Portal Lymph Node: One reactive lymph node, negative for malignancy. D. Pancreatic Duct Margin: Negative for malignancy. E. Pancreas and Duodenum, Partial Pancreaticoduodenectomy: Invasive moderately differentiated adenocarcinoma with mucinous. features in the periampullary region, most consistent with biliary. (common bile duct) origin. Tumor invaded into pancreas and periampullary duodenal wall. (muscle layer only) . Tumor invaded into peripancreatic fat. Positive for perineural invasion. Positive for lymphatic channel invasion. PanIN 2 and 3.. Resection margins free of tumor: 0.2 cm from vascular bed margin,. 0.4 cm from the outer surface of the peripancreatic fat, 0.2 cm from. uncinate margin, and 0.7 cm from pancreatic distal transection. margin. One incidental pancreatic well differentiated neuroendocrine tumor. (0.15 cm) in the midst of infiltrating adenocarcinoma. 5 of 15 peripancreatic /biliary lymph nodes positive for metastatic. carcinoma. See Synoptic report and Comment. Verified: Synoptic Report. E: Extrahepatic Bile Ducts, Macroscopic. SPECIMEN: Common bile duct. OTHER ORGANS RECEIVED: Duodenum. Pancreas. Ampulla. Gallbladder. PROCEDURE: Pancreaticoduodenectomy. TUMOR SITE: Common bile duct. Extrapancreatic. Intrapancreatic. TUMOR SIZE: Greatest dimension: 2.5 cm. E: Extrahepatic Bile Ducts, Microscopic. HISTOLOGIC TYPE: Adenocarcinoma (not otherwise characterized). HISTOLOGIC GRADE: G2: Moderately differentiated. MICROSCOPIC TUMOR EXTENSION: Tumor invades beyond the wall of the bile duct. Tumor invades the duodenum. Tumor invades the pancreas. MARGINS: SEGMENTAL RESECTION SPECIMEN. MARGINS: PANCREATICODUODENAL RESECTION SPECIMEN: Uninvolved by invasive carcinoma. Uninvolved by invasive carcinoma. Uninvolved by invasive carcinoma. Margin uninvolved by invasive carcinoma. Margin uninvolved by invasive carcinoma. Distance of invasive carcinoma from closest margin: 0.2 cm. Specified margin: Uncinate. LYMPHATIC (SMALL VESSEL) INVASION (L) : Present. PERINEURAL INVASION: Present. PRIMARY TUMOR (pT) : pT3 : Tumor invades the gallbladder, pancreas, duodenum, or other adjacent organs without. involvement of the celiac axís or the superior mesenteric artery. REGIONAL LYMPH NODES (pN) : pN1: Regional lymph node metastasis. DISTANT METASTASIS (pM) : Not applicable. Gross Description. Received are specimen containers A to E. All requisitions and specimen containers are. labelled with the patient's name,. The cassettes and. identifiers are. labelled with the Surgical Number. A The specimen is received in formalin and designated as ""lymph node #8"". The specimen. consists of one piece of fibroadipose tissue measuring 1.4 x 1.2 x 0.4 cm. One lymph. node is retrieved, 1.1 cm in greatest dimension. The specimen is submitted entirely in. one cassette. B. The specimen is received fresh and is subsequently placed into formalin, designated. as ""gallbladder. The specimen consists of an intact cholecystectomy specimen. The. gallbladder measures 9.0 x 4.0 x 3.0 cm. The serosal surface is smooth. The cystic duct. is patent. No gallstones are identified. The cystic mucosa is smooth and velvety with. no obvious lesions identified. Representative sections are submitted in one cassette. c. The specimen is received fresh and designated as ""portal lymph node"" The specimen. consists of one piece of lymph node measuring 1.3 cm in greatest dimension. The lymph. node is bisected and submitted in two cassettes. D. The specimen consists of a piece of pancreatic tissue which measures 1.2 x 0.7 cm. All tissue submitted for QS in one block. E. The specimen is designated as ""Whipple specimen"". The specimen consists of a partial. pancreaticoduodenal resection specimen including a segment of duodenum 22.0 cm in length. and 5.4 cm in maximum circumference, and portion of pancreatic head attached. The. portion of pancreas measures 3.5 x 3.5 x 3.3 cm. A portion of common bile duct is. identified, 2.8 cm in length and 1.5 cm in the circumference at the proximal resection. margin. The distal portion of the common bile duct appears to be compressed by the. surrounding structure. The ampullary region is prominent. The rest of the duodenal. mucosa appears unremarkable. The resection margin of pancreas is inked blue, the. vascular bed inked green, and margin of uncinate inked in orange. Serial cross sections. through the pancreas reveal an ill-defined firm mass lesion, 2.5 cm in greatest. dimension. On cut surface, the pancreatic mass appears homogenous and whitish with no. necrosis, hemorrhage or cystic changes. The tissue around the common bile duct appears. to be fibrotic and involved by tumor. Grossly, the tumor is 0.7 cm from the closest. resection margin of pancreas, approximately 0.1 cm from the vascular bed margin, and 0.2. cm from the uncinate margin. Representative sections are submitted in cassettes labelled as follows: E1. proximal margin of duodenum. E2. distal margin of duodenum. E3. shaved proximal margin of common bile duct. E4. cross section of common bile duct next to shaved margin with vascular bed. margin. E5-6. single cross section next to E4 with E6 including uncinate margin. E7. peripancreatic fat and lymph node next to E6. E8. cross section through common bile duct and surrounding tissue, next to E5 and. E6. E9. cross section through distal common bile duct and surrounding tissue, next to. E8. E10-11. single cross section, including uncinate margin, vascular bed margin and. pancreatic. resection margin. E12-13. single cross section through the pancreatic mass and ampulla. E14-16. single cross section through the pancreatic tumor and ampullary region. E17. cross section through ampullary region and underlying mass. E18. tumor with uncinate margin. E19. resection margin of pancreas. E20. tumor with uncinate margin. E21. pancreatic resection margin. E22-23. tumor with resection margin. E24. peripancreatic fat with nodule under serosal surface. E25. peripancreatic lymph nodes. Frozen Section Diagnosis. D. Pancreatic Duct Margin: Negative for malignancy. Pathologist Comment. The carcinoma is mostly invaded around the common bile duct and involves the bile ductal. mucosa. Based on the microscopic findings, this tumor is considered biliary primary,. although panIN is present. The incidental neuroendocrine tumor is confirmed by its strong immunopositivity for. synaptophysin and chromogranin, while the surrounding adenocarcinoma is negative. Encounter Number. Patient Location.","The pathology report describes an invasive moderately differentiated adenocarcinoma with mucinous features in the periampullary region, most consistent with biliary (common bile duct) origin. The tumor invaded into pancreas and periampullary duodenal wall (muscle layer only), invaded into peripancreatic fat, and showed positive perineural invasion and lymphatic channel invasion. The resection margins were free of tumor with the closest margin being 0.2 cm from the vascular bed margin. Based on the AJCC 7th edition staging manual for cholangiocarcinoma, the T stage is determined by the depth of tumor invasion and extension to adjacent structures.

T1: Solitary tumor without vascular invasion
T2a: Solitary tumor with vascular invasion
T2b: Multiple tumors, with or without vascular invasion
T3: Tumor perforating the visceral peritoneum or involving the local extra hepatic structures by direct invasion
T4: Tumor with periductal invasion

In this case, the tumor is a solitary lesion (T1 or T2a) with vascular invasion (T2a) and invasion into peripancreatic fat (T3). However, the AJCC staging manual states that T category should be determined by the deepest invasion, so the T stage for this tumor is T3, as it invaded beyond the wall of the bile duct and into peripancreatic fat.",T3
CHOL,TCGA-3X-AAVC,TCGA-3X-AAVC.88206A8B-257B-4C0F-B42C-905DEA9483FB,T1,0.0,N0,0.0,"CONFIDENTIAL. Demographics (for. verification purposes). Date of Birth: Sex: F. Collected Date/Time. Received Date/Time. Specimen Description. A. Liver segment 4-5 and gallbladder. B. Portal tissue. Clinical Information. Gallbladder cancer. Infectious patient:No. Immunocompromised: No. History of neoplasm: No. Diagnosis. A. Liver (segment 4-5) and Gallbladder, Resection: Poorly differentiated adenocarcinoma (cholangiocarcinoma) arising. within mid and distal portion of the gallbladder, 3.8 cm in greatest. dimension (see Synoptic Report). Chronic cholecystitis and cholelethiasis with perforation (no tumor. at the perforation site). Resection margin (liver and peritoneal surfaces) free of tumor. B. Portal Tissue, Resection: Fibroadipose tissue with non-specific inflammation. No neoplasia. Verified: Responsible Resident: Synoptic Report. A: Gallbladder, Microscopic. HISTOLOGIC TYPE: Adenocarcinoma. HISTOLOGIC GRADE: G3: Poorly differentiated. MICROSCOPIC TUMOR EXTENSION: Tumor invades muscle layer. MARGINS: Margins uninvolved by invasive carcinoma. Distance of invasive carcinoma from closest margin: 1.3 mm. Specified margin: Liver parenchymal margin. LYMPH-VASCULAR INVASION: Not identified. PERINEURAL INVASION: Not identified. PRIMARY TUMOR (pT) : pT1b: Tumor invades muscle layer. REGIONAL LYMPH NODES (pN) : Number examined: 1. Number involved: 0. ADDITIONAL PATHOLOGIC FINDINGS: Cholelithiasis. Chronic cholecystitis. Acute cholecystitis. Gross Description. Received are specimen containers A to B. All requisitions and specimen containers are. labelled with the patient's name,. The cassettes and. identifiers are. labelled with the Surgical Number. A. Specimen is received fresh. The container is designated ""A. Liver segment 4-5 and. gallbladder"". The specimen consists of a gallbladder with attached liver tissue. The. gallbladder measures 11.0 cm in length and 4.0 cm in diameter. There is a cholelithiasis. measuring 1.5 cm in greatest diameter perforating through the gallbladder at the cystic. duct end. This perforation site has been painted yellow. There is also an indurated. area on the anterior side of the gallbladder without evidence of perforation externally. and this area has been painted orange. The indurated area at the anterior surface of the. gallbladder appears to be fibrosed with some necrosis on sectioning without grossly. evident tumor. The external surface of the liver resection margin has been painted blue. and appears to be uninvolved by mass lesions. The attached adjacent adipose tissue. measures 9.7 x 6.0 x 1.7 cm in greatest dimension. Within the gallbladder is a. tan/white, friable, polypoid lesion measuring 3.8 x 2.4 x 2.5 cm in greatest dimension. roughly arising from the wall and occupying the whole lumen of the mid portion of the. gallbladder Adjacent to this and close to a cystic duct is the perforated. cholelithiasis that is dark brown and ovoid in shape measuring 3.9 x 2.2 x 2.2 cm in. dimension. The tumor is seen to be attached to the perihepatic wall of the gallbladder. and has a maximum depth of invasion .1cm through the gallbladder wall into the hepatic. parenchyma as measured from the gallbladder mucosa to the deepest portion within the. adjacent liver parenchyma. At this area, the maximum depth of invasion in the hepatic. parenchyma itself as measured from the outer surface of the perihepatic gallbladder wall. into the liver parenchyma is 0.3 cm. There is necrosis and hemorrhage in the central. part of the tumor. Sections are submitted as follows: A1 - shaved cystic duct margin. A2 - grossly uninvolved part of the liver and gallbladder. A3 - site of the cholelithiasie perforation at the end towards the cystic duct. A4 - maximum depth of tumor invasion, split in half. A5 - maximum depth of tumor invasion. A6 - area of gallbladder wall induration. B. Specimen is received fresh and fixed overnight in formalin. The container is. designated ""B. portal tissue"". Within it is a tan/brown fibrous tissue with hemorrhage. The tissue measures 1.2 x 0.4 x 0.2 cm in maximum dimension. The specimen is bisected. and submitted in toto in one cassette, Bl. Encounter Number. Patient Location.","The pathology report indicates that the patient had a cholangiocarcinoma arising within the mid and distal portion of the gallbladder, with a greatest dimension of 3.8 cm. The tumor invaded the muscle layer (pT1b) but did not invade the adjacent hepatic parenchyma or periductal tissue, nor did it invade unilateral branches of the portal vein or hepatic artery. There is no evidence of lymph node involvement (pN0) and no distant metastasis (M0). The tumor was completely resected, with margins free of tumor. Based on this information, the T stage for this patient is T1b.",T1b
CHOL,TCGA-4G-AAZF,TCGA-4G-AAZF.D67904F4-8D02-4D23-9390-C864A7B5344D,T3,2.0,N0,0.0,"Anatomic site: intrahepatic. Histology diagnosis: moderately differentiated intrahepatic cholangiocarcinoma. Immunohistochemistry: CK7 positive, CK20 and TTF1 negative. Histological examination: Liver left: resected parenchyma of 18x11x7 cm containing a grayish-white nodule of 12 cm, located 0.5 cm. distant from the resection margin and the retractile capsular. Histologically it is a moderately differentiated. adenocarcinoma with an immunohistochemical profile consistent with intrahepatic cholangiocarcinoma with. positivity for cytokeratin 7 and negative for cytokeratin 20 and TTF1. The liver tissue shows mild steatosis (5-. 10%) associated with chronic cholestasis and fibrosis of mild to moderate (grade 2-3/6 fibrosis, Ishak).","Based on the information provided in the pathology report, we can determine the T stage of the cholangiocarcinoma as follows: 

1. The tumor is located in the intrahepatic region, as stated in the anatomic site section of the pathology report. 
2. The histology diagnosis is moderately differentiated intrahepatic cholangiocarcinoma. 
3. The tumor size is not explicitly stated in the pathology report, but it is described as a 12 cm nodule. 
4. The tumor is located 0.5 cm from the resection margin and the retractile capsular. 
5. Histologically, it is a moderately differentiated adenocarcinoma with positivity for cytokeratin 7 and negativity for cytokeratin 20 and TTF1, which is consistent with intrahepatic cholangiocarcinoma. 
6. The liver tissue shows mild steatosis, chronic cholestasis, and fibrosis of mild to moderate (grade 2-3/6 fibrosis, Ishak). 

Based on the AJCC Cancer Staging Manual (7th edition) for Cholangiocarcinoma cancer, we can determine the T stage as follows: 

- Tis: Carcinoma in situ. 
- T1: Tumor confined to the bile duct, with extension up to the muscle layer or fibrous tissue. 
- T2a: Tumor invades beyond the wall of the bile duct to surrounding adipose tissue. 
- T2b: Tumor invades adjacent hepatic parenchyma. 
- T3: Tumor invades unilateral branches of the portal vein or hepatic artery. 
- T4: Tumor invades main portal vein or its branches bilaterally; or the common hepatic artery; or the second-order biliary radicals bilaterally; or unilateral second-order biliary radicals with contralateral portal vein or hepatic artery involvement. 

Since the pathology report states that the tumor is a 12 cm nodule located in the intrahepatic region and is a moderately differentiated adenocarcinoma, it is unlikely to be confined to the bile duct (T1). Additionally, there is no mention of invasion of the portal vein, hepatic artery, or second-order biliary radicals, so it cannot be classified as T3 or T4. 

Therefore, based on the information provided, the most likely T stage for this cholangiocarcinoma is T2b, indicating that the tumor invades adjacent hepatic parenchyma.",T2b
CHOL,TCGA-4G-AAZG,TCGA-4G-AAZG.4E32E573-17EA-49A4-A90F-A0830E3279C9,T3,2.0,N0,0.0,"Anatomic site: intrahepatic. Histology diagnosis: moderately differentiated intrahepatic cholangiocarcinoma. Immunohistochemistry: CK7 positive, CK20 and TTF1 negative. Histological examination: Left liver: resected parenchyma of 17x10x4.7 cm containing a whitish nodule of 5 cm, located 5.5 cm distant. from the resection margin. Histologically it is a moderately differentiated adenocarcinoma with an. immunohistochemical profile consistent with intrahepatic cholangiocarcinoma with positivity for cytokeratin 7. and negative for cytokeratin 20 and TTF1. The liver tissue shows mild steatosis (40%) associated with chronic. inflammation and fibrosis of mild to moderate (grade 2/6 fibrosis, Ishak). Reactive lymphadenitis in hepatic lymph node and in 7 celiac lymph nodes.","Based on the information provided in the pathology report, we can determine the T stage of the cholangiocarcinoma as follows: 

1. The tumor is located in the intrahepatic region, as stated in the anatomic site section of the pathology report. 
2. The histology diagnosis is moderately differentiated intrahepatic cholangiocarcinoma. 
3. The tumor size is 5 cm, as determined by the size of the whitish nodule in the resected parenchyma. 
4. The tumor is located 5.5 cm distant from the resection margin. 
5. The T stage is based on three major prognostic factors including tumor number, vascular invasion, and direct extrahepatic tumoral extension. 
6. The pathology report does not mention the presence of multiple tumors, vascular invasion, or direct extrahepatic tumoral extension. 
7. Therefore, based on the information provided, the T stage of the tumor is T1, as it is a solitary tumor without vascular invasion. 

In summary, based on the information provided in the pathology report and the AJCC 7th edition excerpt, the T stage of the cholangiocarcinoma is T1.",T1
CHOL,TCGA-4G-AAZO,TCGA-4G-AAZO.C6A65949-C248-4729-B41F-9C65A46A7AF7,T2a,1.0,N0,0.0,"Anatomic site: intrahepatic. Histology diagnosis: moderately differentiated intrahepatic cholangiocarcinoma. Immunohistochemistry: CK7 and CK19 positive, CK20 and CDX-2 and TTF1 negative. Immunohistochemistry: CK7 positive, CK20 and TTF1 negative. Histological examination. Right liver + segment 4: hepatic resection of 17x12x10 cm, characterized by the presence of a whitish nodule. of 10 cm lapping the margin of resection. Histological, it is a moderately differentiated adenocarcinoma lesion. with an immunohistochemical profile consistent, albeit in a nonspecific and non-exclusive, with intrahepatic. cholangiocarcinoma with positivity for Cytokeratins 7 and 19 and negativity for Cytokeratin 20, CDX-2, and. TTF1. The liver tissue shows steatosis (5%), mild fibrosis (1-2/6 Ishak). - Lymph node hepatic peduncle (2): reactive lymphadenitis.","Based on the information provided in the pathology report and the AJCC 7th edition excerpt, we can determine the T stage for this cholangiocarcinoma patient. The key points from the AJCC excerpt are: 

- T1: Solitary tumor without vascular invasion
- T2: Solitary tumor with vascular invasion or multiple tumors
- T3: Tumor perforating the visceral peritoneum or involving the local extra hepatic structures by direct invasion
- T4: Tumor with periductal invasion

From the pathology report, we know that the patient had a single tumor (solitary) in the right liver and segment 4, with a size of 10 cm. The report also states that there is no evidence of vascular invasion or extrahepatic structures involvement. However, the tumor was found at the margin of resection. The AJCC excerpt does not mention tumor margin involvement as a criterion for T stage determination. Therefore, we will focus on the other criteria.

The report does not mention periductal invasion or the tumor perforating the visceral peritoneum. Given that the tumor is solitary and there is no evidence of vascular invasion or extrahepatic structures involvement, the T stage for this patient would be T1, as per the AJCC 7th edition staging manual.",T1
CHOL,TCGA-4G-AAZR,TCGA-4G-AAZR.0411F033-20FA-4F8F-AD51-A4EDF3E758BE,T2a,1.0,N0,0.0,"Anatomic site: perihilar. Histology diagnosis: moderately differentiated perihilar cholangiocarcinoma (extrahepatic). Histological examination. - Right Hepatic lobe containing gallbladder and cystic duct: hepatic resection of 20x20x11.5 cm, characterized. by the presence of a whitish nodule of 12x12x12 cm arising from the right hepatic duct. Multiple satellite. lesions are also presents. Histologically, the lesions are consistent with a moderately differentiated. cholangiocarcinoma arising from the right hepatic duct, presenting inavion of lymphatic vessels and of the. gallbladder (G2, pT3 UICC 2009).","The pathology report indicates that the patient had a cholangiocarcinoma lesion arising from the right hepatic duct, with a size of 12x12x12 cm, and multiple satellite lesions in the right hepatic lobe containing the gallbladder and cystic duct. The lesion invaded the lymphatic vessels and the gallbladder. Based on the AJCC 7th edition definitions for cholangiocarcinoma staging: 

- Tis: Carcinoma in situ, which is not the case here.
- T1: Solitary tumor without vascular invasion. The report indicates that the tumor invaded the lymphatic vessels, so it's not T1.
- T2a: Solitary tumor with vascular invasion. The report does not explicitly mention vascular invasion, but it does mention lymphatic vessel invasion, which is a type of vascular invasion.
- T2b: Multiple tumors, with or without vascular invasion. The report indicates multiple satellite lesions, so it meets this criterion.
- T3: Tumor perforating the visceral peritoneum or involving the local extrahepatic structures by direct invasion. The report does not mention perforation of the visceral peritoneum or direct invasion of extrahepatic structures, so it's not T3.
- T4: Tumor with periductal invasion. The report does not mention periductal invasion, so it's not T4.

Therefore, based on the information provided in the pathology report, the patient's T stage would be T2b.",T2b
CHOL,TCGA-4G-AAZT,TCGA-4G-AAZT.C75C91FD-D4DE-4A58-A4C7-8F020AAC59EB,T1,0.0,N0,0.0,"Anatomic site: intrahepatic. Histology diagnosis: moderately differentiated intrahepatic cholangiocarcinoma. Immunohistochemistry: CK7 positive, CK20, CDX2 and TTF1 negative. Histological examination: Liver: resected parenchyma of 14x10 cm containing a whitish nodule of 9.2 cm, located 1.4 cm distant from the. resection margin. Histologically it is a moderately differentiated adenocarcinoma with an. immunohistochemical profile consistent with intrahepatic cholangiocarcinoma with positivity for cytokeratin 7. and negative for cytokeratin 20, CDX2 and TTF1. The liver tissue shows mild steatosis (<5%) associated with. mild fibrosis. Reactive lymphadenitis in all the examined lymph nodes: hepatic artery lymph nodes (2), retrocardial lymph. node (1), retro portal lymph nodes (2), inter aorto-caval lymph nodes (3).","Based on the information provided in the pathology report, we can determine the T stage of the cholangiocarcinoma using the AJCC Cancer Staging Manual (7th edition) definitions. The report mentions a single whitish nodule of 9.2 cm in the liver, but it does not specify whether the tumor has invaded beyond the wall of the bile duct, adjacent hepatic parenchyma, unilateral branches of the portal vein or hepatic artery, or the main portal vein or its branches bilaterally. Therefore, we cannot definitively assign a T stage based solely on the information provided in the pathology report. However, we can make some educated assumptions and narrow down the possible T stages. The report mentions that the tumor is 1.4 cm distant from the resection margin, which suggests that it has not perforated the visceral peritoneum or involved local extrahepatic structures by direct invasion (T3/T4). The report also mentions that there is reactive lymphadenitis in all the examined lymph nodes, but it does not specify whether there is any evidence of regional lymph node metastasis (N1). Therefore, we cannot rule out the possibility of regional lymph node metastasis. Based on the information provided, we can conclude that the T stage is most likely T1 or T2, but we cannot determine the exact T stage without additional information.",T1 or T2
CHOL,TCGA-W5-AA2G,TCGA-W5-AA2G.1E7EDF0B-283F-44F9-A89A-83DB12A0D58A,T1,0.0,N0,0.0,"Female. Surgery Date: DIAGNOSIS: Liver, right lobe and segment 1, partial hepatectomy: Grade 3 (of 4). cholangiocarcinoma forming a circumscribed mass (3.6 X 2.9 X 2.8 cm) within. the region of the caudate lobe. Surgical margins are negative (by 0.2 cm). Liver, segment 3, No. 2, excision: Bile duct adenoma. Liver, segment 3, biopsy : Benign liver parenchyma, negative for tumor. Liver, segment 4, biopsy: Benign liver and foci of. hemosiderin-lader. macrophages. No evidence of neoplasm. Lymph nodes, hepatic artery, excision: Non-necrotizing granulomatous. inflammation. Negative for tumor. Gallbladder, cholecystectomy: Benign. gallbladder. mucosa. with. cholesterolosis. No stones are identified. No cystic duct lymph node. identified. Sections of the non-neoplastic liver show prominent non-necrotizing. granulomatous infiltrates within portal areas and the lobular parenchyma. There is no apparent fibrosis or ductopenia, and in general. the. granulomatous infiltrates do not appear to be directed at bile ducts. This. likely represents a granulomatous reaction to the patient's neoplasm. However, obtaining an AMA would be helpful to exclude PBC . In addition,. there is granulomatous inflammation within the hilar lymph nodes. GMS and. AR stains are negative. Additional clinical correlation needed to exclude other granulomatous. processes, such as sarcoidosis.","Based on the information provided in the pathology report, we can determine the T stage of the cholangiocarcinoma as follows: 

1. The tumor is a grade 3 cholangiocarcinoma and forms a circumscribed mass within the right lobe and segment 1 of the liver, with dimensions of 3.6 x 2.9 x 2.8 cm. 
2. The surgical margins are negative, meaning that the tumor has been completely removed and does not extend to the edges of the resected tissue. 
3. There is no evidence of tumor involvement in the lymph nodes near the hepatic artery or in the cystic duct lymph node. 
4. The tumor has not perforated the visceral peritoneum or involved any extrahepatic structures. 
5. There is no periductal invasion, as the tumor forms a circumscribed mass and there is no mention of a diffuse longitudinal growth pattern along the intrahepatic bile ducts. 

Based on this information, we can determine the T stage of the tumor as follows: 

- T1: Solitary tumor without vascular invasion 
- T2a: Solitary tumor with vascular invasion 
- T2b: Multiple tumors, with or without vascular invasion 
- T3: Tumor perforating the visceral peritoneum or involving the local extrahepatic structures by direct invasion 
- T4: Tumor with periductal invasion 

The tumor in this case is a solitary tumor without vascular invasion, and there is no evidence of periductal invasion, perforation of the visceral peritoneum, or involvement of extrahepatic structures. Therefore, the T stage of the tumor is T1.",T1
CHOL,TCGA-W5-AA2H,TCGA-W5-AA2H.46A92484-5ECB-4F04-9207-4188D015B9CD,T3,2.0,N0,0.0,"Female. Surgery Date: DIAGNOSIS: A. Lymph nodes, common hepatic artery, biopsy: Negative for tumor. B. Lymph node, mesenteric, biopsy: Negative for tumor. c. Common hepatic duct, margin, excision: Negative for tumor. D. Pancreatic neck, margin, excision: Negative for tumor. E. Head of pancreas, duodenum, portion of jejunum and gallbladder, whipple. resection: Invasive moderately to poorly differentiated cholangiocarcinoma is. identified forming a solid mass (4.3 x 3.1 X 0.8 cm) located in the distal common bile. duct. The tumor extends into pancreas. Perineural invasion is present. Angiolymphatic invasion is absent. All surgical resection margins (after re-excision. of the uncinate margin, see specimen F) are negative for. tumor (minimum tumor free margin, 1.0 cm, uncinate margin). Multiple (22) regional. lymph nodes are negative for metastatic tumor. Gallbladder is negative for tumor. F. Lymph nodes, new uncinate margin, excision: Multiple (3) lymph nodes are negative. for tumor. New uncinate margin is negative for tumor.","Based on the information provided in the pathology report, we can determine the T stage of the cholangiocarcinoma as follows:

(1) The tumor is an invasive moderately to poorly differentiated cholangiocarcinoma, forming a solid mass (4.3 x 3.1 x 0.8 cm) located in the distal common bile duct and extending into the pancreas.

(2) Perineural invasion is present, but angiolymphatic invasion is absent.

(3) All surgical resection margins are negative for tumor, with a minimum tumor-free margin of 1.0 cm on the uncinate margin.

(4) Multiple (22) regional lymph nodes are negative for metastatic tumor.

(5) The AJCC 7th edition defines T1 tumors as solitary tumors without vascular invasion, T2 tumors as solitary tumors with vascular invasion or multiple tumors, T3 tumors as tumors perforating the visceral peritoneum or involving the local extrahepatic structures by direct invasion, and T4 tumors as tumors with periductal invasion.

(6) Based on the information provided, the tumor is a T2 tumor because it is a solitary tumor with vascular invasion (perineural invasion).

Therefore, the final predicted T stage is T2.",T2
CHOL,TCGA-W5-AA2I,TCGA-W5-AA2I.7C977B78-0280-4078-BA64-4D8D9554B38F,T1,0.0,N0,0.0,"Male. Surgery Date: DIAGNOSIS: Liver, segments V and VI, resection: Grade 2 (of 4) intrahepatic. cholangiocarcinoma forming a 6.8 X 6.6 X 5.8 cm multilobulated mass. Tumor. extends to 0.3 cm from the surgical resection margin.","Based on the information provided in the pathology report, we can determine the T stage of the cholangiocarcinoma as follows:

1. The tumor is located in liver segments V and VI.
2. The tumor is a grade 2 (of 4) intrahepatic cholangiocarcinoma.
3. The tumor forms a 6.8 x 6.6 x 5.8 cm multilobulated mass.
4. The tumor extends to 0.3 cm from the surgical resection margin.

Based on the AJCC 7th edition excerpt, the T stage for cholangiocarcinoma is determined by the following criteria:

- T1: Solitary tumor without vascular invasion.
- T2a: Solitary tumor with vascular invasion.
- T2b: Multiple tumors, with or without vascular invasion.
- T3: Tumor perforating the visceral peritoneum or involving the local extrahepatic structures by direct invasion.
- T4: Tumor with periductal invasion.

From the pathology report, we know that the tumor is a solitary mass without explicit mention of vascular invasion. However, the fact that the tumor extends to 0.3 cm from the surgical resection margin suggests that there may be some degree of vascular invasion, although this is not explicitly stated in the report. Therefore, we cannot definitively classify the tumor as T1.

Given the information provided, we can conservatively classify the tumor as T2b, as it is a solitary mass and there is some suggestion of vascular invasion based on the proximity of the tumor to the surgical resection margin.

Therefore, the final predicted T stage is T2b.",T2b
CHOL,TCGA-W5-AA2J,TCGA-W5-AA2J.FD57F767-3647-411C-ACC7-314F20DA9255,T4,3.0,N0,0.0,"Female. Surgery Date: DIAGNOSIS: A. Lymph nodes, hepatic hilar, biopsy: Multiple (4) lymph nodes are. negative for tumor. B. Hepatic duct, left margin, excision: Negative for tumor. c. Liver, left lobe, partial hepatectomy: Cholangiocarcinoma, moderately. differentiated (grade 2 of 4), forming two masses, ranging from 1.5 cm to 0.9 cm in. greatest microscopic dimension. Multiple additional microscopic foci of periductal. infiltrating carcinoma along the duct associated with moderate to severe dysplasia are. present. The tumor is confined to hepatic parenchyma. The hepatic parenchymal resection margin is negative for tumor (tumor-free margin,. 4.5 cm grossly). Major vessel invasion is absent. Microscopic (small vessel). invasion is absent. No regional lymph nodes identified in specimen. The non-. neoplastic hepatic parenchyma will be reviewed on permanent sections with special. stains and the result will be reported in an addendum. D. Gallbladder, cholecystectomy: Benign gallbladder with chronic inflammation.","1. The pathology report mentions that the tumor is forming two masses, with the largest having a greatest microscopic dimension of 1.5 cm. The report also mentions multiple additional microscopic foci of periductal infiltrating carcinoma along the duct associated with moderate to severe dysplasia. However, the tumor is confined to the hepatic parenchyma, and there is no major vessel invasion or microscopic (small vessel) invasion. The hepatic parenchymal resection margin is also negative for tumor. The largest tumor mass is less than 2 cm in size, and there is no major vessel invasion, so the tumor cannot be T2b or higher. Therefore, we can conclude that the tumor is T1 or T2. The presence of periductal infiltrating carcinoma suggests that the tumor is T2, but since the tumor is confined to the hepatic parenchyma and there is no major vessel invasion, it is not T2b. Therefore, the tumor is T2a. The final predicted T stage is T2.",T2
CHOL,TCGA-W5-AA2K,TCGA-W5-AA2K.C7ECD794-87A2-4210-AA67-EBEA73AE5738,T1,0.0,N0,0.0,"Female. Surgery Date: DIAGNOSIS: Liver, right lobe, resection: Invasive grade 3 (of 4) cholangiocarcinoma forming a. lobulated, firm mass (8.9 x 6.8 x 5.5 cm) located 1.1 cm from the surgical margin. The uninvolved liver parenchyma is unremarkable. Peritoneum, biopsy: Partially calcified fat necrosis. Gallbladder, cholecystectomy : without diagnostic abnormality. Lymph node, retrocholedochal, biopsy: A single lymph node is negative for tumor. Small bowel, fistula tract, biopsy: Fistula tract with associated abscess formation. colon, sigmoid, segmental resection: Diverticulosis with multiple (4) diverticula and. associated diverticulitis.","Based on the information provided in the pathology report, we can determine the T stage of the cholangiocarcinoma as follows: 

1. The tumor is located in the right lobe of the liver and forms a lobulated, firm mass (8.9 x 6.8 x 5.5 cm) that is 1.1 cm from the surgical margin. This indicates that the tumor has not perforated the visceral peritoneum or involved local extrahepatic structures by direct invasion (T4). 

2. The uninvolved liver parenchyma is unremarkable, which suggests that the tumor has not invaded adjacent hepatic parenchyma (T2b). 

3. The pathology report does not mention vascular invasion, so we cannot determine if the tumor has invaded beyond the wall of the bile duct to surrounding adipose tissue (T2a) or if it has invaded unilateral branches of the portal vein or hepatic artery (T3). 

4. The retrocholedochal lymph node is negative for tumor, so the tumor has not metastasized to regional lymph nodes (N0). 

Therefore, based on the information provided in the pathology report, we can predict that the T stage of the cholangiocarcinoma is T1 (solitary tumor without vascular invasion) or T2a (solitary tumor with vascular invasion), but we cannot determine with certainty whether the tumor has invaded beyond the wall of the bile duct to surrounding adipose tissue (T2a) or if it has invaded unilateral branches of the portal vein or hepatic artery (T3).",T1 or T2a
CHOL,TCGA-W5-AA2M,TCGA-W5-AA2M.039FBA2F-C258-4518-809B-82D3005929B5,T3,2.0,N0,0.0,"Male. Surgery Date: DIAGNOSIS: Liver, right lobe, resection: Grade 2 (of 4) cholangiocarcinoma forming a 2.4 x 2.3. x 2.0 cm mass around the right extrahepatic common hepatic bile duct in the hilar. region. The tumor extends into the liver and periductal soft tissues including the. serosa of the gallbladder. The surgical margins are negative. Multiple (9). hepatoduodenal lymph nodes are benign. Soft tissue, distal bile duct margin, excision: Bile duct; negative for malignancy.","The pathology report describes a Grade 2 cholangiocarcinoma in the right lobe of the liver, forming a 2.4 x 2.3 x 2.0 cm mass around the right extrahepatic common hepatic bile duct in the hilar region. The tumor extends into the liver and periductal soft tissues including the serosa of the gallbladder. The surgical margins are negative. 

Based on the AJCC 7th edition excerpt, the T stage is determined by three major prognostic factors including tumor number, vascular invasion, and direct extrahepatic tumoral extension. 

In this case, the tumor is a solitary tumor (only one tumor is mentioned) and it extends into the liver and periductal soft tissues, including the serosa of the gallbladder. This indicates that the tumor has invaded beyond the wall of the bile duct to surrounding adipose tissue (T2a) and has also involved adjacent hepatic parenchyma (T2b). Since the tumor has invaded both the adipose tissue and hepatic parenchyma, the higher T stage applies, which is T2b. 

Therefore, the final predicted T stage is T2b.",T2b
CHOL,TCGA-W5-AA2O,TCGA-W5-AA2O.EDB0DC9B-6D0C-4591-81CA-BECD1BC27983,T1,0.0,N0,0.0,"Male. Surgery Date: DIAGNOSIS: Liver, right lobe and caudate lobe, resection: Grade 3 (of 4) adenocarcinoma. consistent with intrahepatic cholangiocarcinoma forming a 9.0 X 6.5 x 5.8 cm mass. The noninvolved liver parenchyma shows mild steatosis, without abnormal fibrosis. The. tumor is present at the inked surgical resection margin. Immunohistochemical stains. (CK7, CK20, TTF-1, chromogranin, CDX2, synaptophysin) were performed on the paraffin. embedded liver tissues. The neoplastic cells are reactive for CK7 and lack staining. for CK20, TTF-1,. chromogranin, and synaptophysin. There is background staining with CDX2. The. morphologic features and immunohistochemical findings support the above diagnosis. Gallbladder, cholecystectomy: No diagnostic abnormalities. Lymph node, pericholedochal, excision: A single pericholedochal lymph node is. negative for tumor.","Based on the information provided in the pathology report, we can determine the T stage of the cholangiocarcinoma as follows:

1. The tumor is present at the inked surgical resection margin. This indicates that the tumor has grown to the edge of the surgical removal, which suggests that it has invaded beyond the wall of the bile duct (T2 or higher).
2. The tumor forms a 9.0 x 6.5 x 5.8 cm mass. While the size of the tumor alone is not sufficient to determine the T stage, it is consistent with a more advanced stage.
3. Immunohistochemical stains show that the neoplastic cells are reactive for CK7 and lack staining for CK20, TTF-1, chromogranin, and synaptophysin. This is consistent with a cholangiocarcinoma.
4. A single pericholedochal lymph node is negative for tumor. This indicates that there is no regional lymph node metastasis (N0).

Based on this information, we can determine the T stage as follows:

T2b: The tumor invades adjacent hepatic parenchyma. This is suggested by the presence of the tumor at the inked surgical resection margin.

Therefore, the final predicted T stage is T2b.",T2b
CHOL,TCGA-W5-AA2Q,TCGA-W5-AA2Q.ED7C4C0A-BBCE-4136-B95F-4E49DB17EEE3,T2b,1.0,N0,0.0,"Male. Surgery Date: DIAGNOSIS: Liver left lobe, hepatectomy: Intrahepatic cholangiocarcinoma, grade 2 (of 4), is. identified forming a multinodular, discrete, firm mass (12.3 X 11.5 x 10.0 cm). occupying the majority of the resected left hepatic lobe with extension to the. attached caudate lobe. A single satellite tumor is identified in the dome of the. liver and forms a 0.8 cm diameter tumor. The margins of resection are negative for. tumor. The carcinoma is 0.1 cm from the parenchymal resection margin as well as 0.2. cm from the bile duct margin. The. hepatic vein and portal vein margins are negative for tumor. A single hilar. lymph. node is negative for tumor. The non-neoplastic liver will be assessed on permanent. section and reported as an addendum. Gallbladder, cholecystectomy Mild chronic cholecystitis. gallstones are. identified. The pericystic duct lymph node is negative for tumor. Lymph nodes, hepatoduodenal, excision: Multiple (24) hepatoduodenal lymph nodes are. negative for tumor. Lymph nodes, para-aortic, excision: Multiple (3) para-aortic lymph nodes are. negative for tumor.","Based on the AJCC 7th edition excerpt, the T stage for cholangiocarcinoma is determined by three major prognostic factors: tumor number, vascular invasion, and direct extrahepatic tumoral extension. The pathology report provides the following information: a single, multinodular, discrete, firm mass (12.3 X 11.5 x 10.0 cm) in the left hepatic lobe with extension to the attached caudate lobe, a single satellite tumor in the dome of the liver, and negative resection margins. There is no mention of vascular invasion or direct extrahepatic tumoral extension in the report. Therefore, we can only determine the T stage based on tumor number.

T1: Solitary tumor without vascular invasion
T2a: Solitary tumor with vascular invasion
T2b: Multiple tumors, with or without vascular invasion
T3: Tumor perforating the visceral peritoneum or involving the local extrahepatic structures by direct invasion
T4: Tumor with periductal invasion

Since there is a single, multinodular tumor and a single satellite tumor, the T stage would be T2b, but because there is no mention of vascular invasion, we cannot confirm T2b and must default to T1, which is the lowest possible T stage based on the given information.

Therefore, the final predicted T stage is T1.",T1
CHOL,TCGA-W5-AA2R,TCGA-W5-AA2R.153949E2-169E-4138-8D39-9EC9C61C7F3C,T1,0.0,N0,0.0,"Female. Surgery Date: DIAGNOSIS: Liver, segment V and VI, excision: Invasive grade 3 (of 4) adenocarcinoma,. consistent with cholangiocarcinoma, forming a 4.8 X 3.1 x 3.0 cm mass with extensive. necrosis. Surgical resection margins, including the retroperitoneal margin, are. negative for malignancy (free by 0.7 cm). Gallbladder, cholecystectomy: Chronic cholecystitis and cholesterolosis. stones are identified.","The pathology report indicates that the patient had a surgical excision of a cholangiocarcinoma in liver segments V and VI, forming a 4.8 x 3.1 x 3.0 cm mass with extensive necrosis. The surgical resection margins, including the retroperitoneal margin, were negative for malignancy, which means that the tumor was completely removed. However, the report does not provide information about vascular invasion, tumor number, or direct extrahepatic tumoral extension. Therefore, we cannot use this information to determine the T stage. According to the AJCC 7th edition excerpt, the T stage for cholangiocarcinoma is based on three major prognostic factors including tumor number, vascular invasion, and direct extrahepatic tumoral extension. Since we don't have information about vascular invasion and direct extrahepatic tumoral extension, we cannot assign a T stage based on these factors. However, we can assign a T stage based on tumor number alone. In this case, the report indicates that the patient had a single tumor, which means that the T stage is either T1, T2a, or T3. T1 tumors are solitary tumors without vascular invasion, T2a tumors are solitary tumors with vascular invasion, and T3 tumors are tumors that perforate the visceral peritoneum or involve the local extrahepatic structures by direct invasion. Since the report does not mention vascular invasion or direct extrahepatic tumoral extension, we cannot determine if the tumor is T2a or T3. Therefore, the T stage for this patient is T1, T2a, or T3. However, since the tumor was completely removed and the surgical margins were negative, the prognosis is likely to be better than for a patient with a T2a or T3 tumor that cannot be completely removed.","T1, T2a, or T3"
CHOL,TCGA-W5-AA2T,TCGA-W5-AA2T.16492F27-A257-4DC8-84E8-E1F14B7DC3FD,T2,1.0,N0,0.0,"Female. Surgery Date: DIAGNOSIS: Liver, right segments IV-VIII, trisegmentectomy : Grade 3 (of 4) cholangiocarcinoma,. forming an dominant mass (11.5 x 9.2 X 8.6 cm) and multiple (15) other separate. nodules (ranging in size from 0.3 x 0.3 x 0.3 cm to 4.2 x 3.6 x 3.5 cm) within the. liver parenchyma. The tumors are not encapsulated Focal angiolymphatic invasion is. noted. The surgical margins are negative for tumor. Liver, left Tobe (No.1 to No.3), biopsy: Benign hepatic parenchyma with mild. steatosis, all specimens. Soft tissue, caudate region, biopsy: A single (1) lymph node is negative for tumor. Peritoneum, biopsy: Benign hepatic parenchyma. Gallbladder, cholecystectomv: Chronic cholecystitis. A single (1) regional lymph. node is negative for tumor. Lymph nodes, hepatic artery, excision: A single (1) hepatic artery lymph node is. negative for tumor. Immunoperoxidase studies performed on paraffin sections of the liver right segments. IV-VIII reveal the neoplastic cells are positive for cytokeratin 7 and negative for. cytokeratin 20, CDX2, thyroid transcription factor-1 (TTF-1) and estrogen receptor. protein. These findings are consistent with the above diagnosis.","The pathology report describes a Grade 3 cholangiocarcinoma in the right segments IV-VIII of the liver, forming a dominant mass (11.5 x 9.2 x 8.6 cm) and multiple (15) other separate nodules within the liver parenchyma. The tumors are not encapsulated and have focal angiolymphatic invasion. The surgical margins are negative for tumor. Biopsies of the left lobe of the liver, soft tissue in the caudate region, peritoneum, gallbladder, and lymph nodes (hepatic artery) are negative for tumor.

According to the AJCC 7th edition excerpt, the T category for cholangiocarcinoma is based on three major prognostic factors including tumor number, vascular invasion, and direct extrahepatic tumoral extension.

In this case, the tumor has invaded beyond the wall of the bile duct to surrounding adipose tissue (T2a) and has also invaded adjacent hepatic parenchyma (T2b). Since the tumor has not invaded unilateral branches of the portal vein or hepatic artery (T3) or bilaterally; or the common hepatic artery; or the second-order biliary radicals bilaterally; or unilaterally with contralateral portal vein or hepatic artery involvement (T4), the T stage would be either T2a or T2b.

However, since there are multiple tumors (15 separate nodules) within the liver parenchyma, the T stage would be T2b (Multiple tumors, with or without vascular invasion).",T2b
CHOL,TCGA-W5-AA2U,TCGA-W5-AA2U.205BDA9B-D391-4075-B1A6-32CBF06B06EF,T1,0.0,N0,0.0,"Female. Surgery Date: DIAGNOSIS: A. Liver, segments IVb, V, VI, VII and VIII and gallbladder, partial hepatectomy and. cholecystectomy: Grade 3 (of 4) cholangiocarcinoma, forming a 10.0 X 8.3 x 6.9 cm. mass. Angiolymphatic invasion is absent. The cystic duct is negative for tumor. The closest surgical resection margin is 0.2 cm. Embolization coils are identified. A single (1) cystic duct lymph node is negative for tumor. Minimal chronic. cholecystitis is identified. The hepatic. parenchyma is unremarkable. [AJCCpT1NOMX]. B. Lymph node, retrocholedochal, biopsy: A single (1) lymph node is negative for. tumor.","The pathology report provides the following information relevant to T staging: the tumor is a grade 3 cholangiocarcinoma forming a 10.0 x 8.3 x 6.9 cm mass, angiolymphatic invasion is absent, the closest surgical resection margin is 0.2 cm, and there is no tumor involvement in the cystic duct lymph node. The AJCC 7th edition defines T1 as a solitary tumor without vascular invasion. In this case, the tumor is solitary, and there is no vascular invasion or involvement of local extrahepatic structures, so the T stage is T1. The report also mentions that angiolymphatic invasion is absent, which is consistent with T1. Therefore, the final predicted T stage is T1.",T1
CHOL,TCGA-W5-AA2W,TCGA-W5-AA2W.EB47A378-F3DA-4892-8126-99CEE6BFA8EE,T2a,1.0,N1,1.0,"Female. Surgery Date: DIAGNOSIS: A. Lymph nodes, hepatoduodenal ligament, lymphadenectomy Multiple. (4) lymph nodes are negative for tumor. B. Soft tissue, interductal region, biopsy: Grade 3 (of 4) cholangiocarcinoma. c. Liver, segments I and V through VIII, resection: Moderately differentiated grade. 3. (of 4) cholangiocarcinoma is identified forming a single mass (6.2 x 5.5 x 3.1 cm). The tumor is confined to the hepatic parenchyma. Tumor growth pattern is mass-. forming. The hepatic parenchyma resection margin is negative for tumor (minimum tumor. free margin, 0.3 cm). Major vessel invasion is absent. Microscopic vessel invasion. is present. No regional lymph nodes are identified. D. Lymph node, periaortic, lymphadenectomy: A single (of 11) lymph node is positive. for metastatic cholangiocarcinoma.","Based on the information provided in the pathology report and the AJCC 7th edition excerpt, we can determine the T stage of the cholangiocarcinoma as follows: 

1. The tumor is forming a single mass (6.2 x 5.5 x 3.1 cm) and is confined to the hepatic parenchyma, with negative resection margins (minimum tumor-free margin of 0.3 cm). 

2. There is no major vessel invasion, but microscopic vessel invasion is present. 

3. No regional lymph nodes are identified in the liver or hepatoduodenal ligament, but a single periaortic lymph node is positive for metastatic cholangiocarcinoma. 

4. Based on these findings, we can determine the T stage as follows: 

   - T1: Solitary tumor without vascular invasion 

   - T2: Solitary tumor with vascular invasion or multiple tumors 

   - T3: Tumor perforating the visceral peritoneum or involving the local extrahepatic structures by direct invasion 

   - T4: Tumor with periductal invasion 

5. Since the tumor is forming a single mass and is confined to the hepatic parenchyma with negative resection margins, it does not meet the criteria for T3 or T4. 

6. However, since there is microscopic vessel invasion, the tumor does not meet the criteria for T1 (solitary tumor without vascular invasion). 

7. Therefore, the tumor meets the criteria for T2 (solitary tumor with vascular invasion or multiple tumors). 

8. To determine whether the tumor meets the criteria for T2a (solitary tumor with vascular invasion) or T2b (multiple tumors), we need to consider the fact that there is only one tumor mass. 

9. Since there is only one tumor mass, the tumor meets the criteria for T2a (solitary tumor with vascular invasion). 

10. Therefore, the final predicted T stage is T2.",T2
CHOL,TCGA-W5-AA2X,TCGA-W5-AA2X.D2B18607-E16D-4570-9E96-5A7CBAFD79FC,T2b,1.0,N1,1.0,"Male. REVISED REPORT (Addendum/Procedure included). SLIDE DISPOSITION: DIAGNOSIS: A. Lymph node, liver hilum, biopsy: A single (1) lymph node is. negative for tumor. B. Common bile duct, distal margin, excision: Negative for tumor. C. Liver, left lobe and gallbladder, partial hepatectomy and. cholecystectomy: Invasive Grade 4 (of 4) adenocarcinoma with. mucinous and signet ring cell features, is identified forming a mass. (2.9 x 2.6 X 2.0 cm) involving the left hepatic duct. The tumor. directly invades the adjacent liver parenchyma. The hepatic. parenchymal resection margin is involved by invasive carcinoma. Lymphovascular invasion is identified. Perineural invasion is not. identified. The gall bladder is uninvolved and shows chronic. cholecystitis. The non-neoplastic hepatic parenchyma will be. reviewed on permanent sections with special stains and reported in. an addendum. D. Right main bile duct, margin, excision: Negative for tumor. E. Liver, caudate lobe, partial hepatectomy: Negative for tumor. F. Lymph nodes, hepatic duodenal, biopsy: Metastatic grade 4 (of 4). adenocarcinoma is identified in a single (1 of 3) lymph node. With available surgical material, [AJCC pT2bN1] (7th edition, 2010) . Frozen section histologic interpretation of liver hilum lymph node,. common bile duct margin, and right main bile duct margin performed. This final pathology report is based on the gross/macroscopic. examination and frozen section histologic evaluation of the. specimen (s) . Hematoxylin and Eosin (H&E) permanent sections are. reviewed to confirm these findings. Any substantive changes. identified on permanent section review will be reflected in. a. revised report. ADDENDUM: Non-neoplastic liver parenchyma showing portal tract expansion by. mild chronic inflammation, edema and bile ductule proliferation,. consistent with bile flow obstruction. There is mild macrovesicular. steatosis and mild cholestasis. The trichrome shows mild portal. fibrosis. Iron stain is negative. PAS-D stain is negative for. intracytoplasmic globules. GROSS DESCRIPTION: A. Received fresh labeled ""lymph node; liver hilum, biopsy"" is a 2.0. X 1.3 X 0.6 cm lymph node. All submitted. Grossed by. B. Received fresh labeled ""distal common bile duct margin - margin. up"" is a 1.1 x 0. x 0.6 cm portion of pink-tan tissue with. orientation. Margin submitted. Grossed by. C. Received fresh labeled ""left hepatectomy"" is a 525 gram, 22.5 x. 13.0 x 5.2 cm liver wedge specimen with an 8.0 X 3.0 x 1.5 cm. gallbladder and a 13.9 cm stent. A single 2.9 x 2.6 x 2.0 cm. tan-white mass is present at the inked surgical margin. The mass. underlies the left hepatic duct but does not grossly appear to. involve the duct lumen. Surgical resection margin is submitted. perpendicularly. The common bile duct margin is widely free of. tumor. The gallbladder has a wall thickness of 0.2 cm. No stones. are present. No cholesterolosis. Representative sections are. submitted. Grossed by. D. Received fresh labeled ""right main bile duct - margin up"" is a. 1.5 x 1.0 x 0.3 cm portion of tan-pink bile duct with orientation. All submitted. Grossed by. E. Received fresh labeled ""caudate lobe of liver"" is a 7.7 x 5.3 x. 3.4 cm portion of liver. There is a 0.2 x 0.2 cm pale tan. thickening on the caudate capsule. No masses are identified. Representative sections are submitted. Grossed by. F. Received fresh labeled ""hepatic duodenal lymph nodes"" are three. lymph nodes measuring 2.2 x 1.3 x 1.3 cm, 2.2 x 1.1 x 1.0 cm, and. 1.7 X 0.6 x 0.5 cm. A single lymph node is grossly positive with a. metastasis measuring 1.3 x 1.1 x 1.0 cm. Lymph nodes submitted. /.","The pathology report describes a single 2.9 x 2.6 x 2.0 cm mass in the left hepatic lobe, which involves the left hepatic duct and directly invades the adjacent liver parenchyma. The hepatic parenchymal resection margin is also involved by invasive carcinoma. Lymphovascular invasion is identified. The gallbladder is uninvolved. In the lymph nodes, metastatic grade 4 (of 4) adenocarcinoma is identified in one of three hepatic duodenal lymph nodes. Based on this information, we can determine the T stage as follows:",T2b
CHOL,TCGA-W5-AA2Z,TCGA-W5-AA2Z.22F994D3-20A5-46CD-958F-2AAAB3F2D2EC,T2,1.0,N0,0.0,"Female. Surgery Date: DIAGNOSIS: A. Gallbladder, cholecystectomy: Chronic cholecystitis with. cholesterolosis. One cystic duct lymph node is negative for tumor. B. Lymph node, pericholedochal, excision: One lymph node is negative for tumor. c. Liver, right, partial hepatectomy: Grade 3 (of 4) cholangiocarcinoma, is. identified forming a solid mass (20.0 X 13.5 X 11.2 cm) and a separate nodule (2.2 x. 1.8 x 1.4 cm) The tumor is confined to hepatic parenchyma. The tumor growth pattern. is mass-forming. The tumor extends to the hepatic parenchymal. resection margin. Major vessel invasion is absent. Microscopio invasion is absent. No regional lymph nodes identified. The background liver parenchyma will be reported. in an addendum. D. Liver, segment II nodule, wedge biopsy: Bile duct hamartoma.","Based on the information provided in the pathology report, we can determine the T stage of the cholangiocarcinoma as follows: 

1. The tumor is forming a solid mass (20.0 x 13.5 x 11.2 cm) and a separate nodule (2.2 x 1.8 x 1.4 cm) in the right liver. 
2. The tumor is confined to the hepatic parenchyma, with no evidence of tumor perforating the visceral peritoneum or involving local extrahepatic structures by direct invasion. 
3. There is no evidence of major vessel invasion or microvascular invasion. 
4. The tumor extends to the hepatic parenchymal resection margin. 
5. No regional lymph nodes were identified. 

Based on these findings, we can determine the T stage of the cholangiocarcinoma as follows: 

- T1: Solitary tumor without vascular invasion 
- T2: Solitary tumor with vascular invasion or multiple tumors 
- T3: Tumor perforating the visceral peritoneum or involving the local extrahepatic structures by direct invasion 
- T4: Tumor with periductal invasion 

The tumor is confined to the hepatic parenchyma, with no evidence of tumor perforating the visceral peritoneum or involving local extrahepatic structures by direct invasion, and there is no evidence of vascular invasion. However, the tumor extends to the hepatic parenchymal resection margin. Therefore, the T stage of the cholangiocarcinoma is T3, as the tumor invades adjacent hepatic parenchyma. 

The N stage is N0, as no regional lymph node metastasis was identified. The M stage is M0, as there is no evidence of distant metastasis. 

Therefore, the final predicted T stage is T3.",T3
CHOL,TCGA-W5-AA30,TCGA-W5-AA30.9C2BEED7-DB8C-4BFE-920A-DD716B884777,T1,0.0,N0,0.0,"Male. Surgery Date: DIAGNOSIS: A. Peritoneum, biopsy: Adipose tissue; negative for tumor. B. Lymph node, perigastric, biopsy: A single lymph node is. negative for tumor. c. Liver, segments I-IV, wedge resections: Cholangiocarcinoma, grade 3 of 4, is. identified forming a single mass (11.0 x 10.3 x 6.6 cm) that is confined to hepatic. parenchyma. The tumor growth pattern is mixed mass-forming and periductal. infiltrating. The hepatic parenchymal resection margin is negative for tumor (minimum. tumor free margin 0.6 cm). The bile duct margin is negative for invasive carcinoma. and carcinoma in situ. Major vessel invasion is absent. Microscopic invasion is. absent. No lymph node metastasis is identified in 2 regional lymph nodes. A bile duct. hamartoma was identified. with available surgical material [AJCC pT 1N0] (7th. edition, 2010).","The pathology report indicates that the cholangiocarcinoma is forming a single mass (11.0 x 10.3 x 6.6 cm) and is confined to the hepatic parenchyma. The tumor growth pattern is mixed mass-forming and periductal infiltrating. The hepatic parenchymal resection margin is negative for tumor (minimum tumor free margin 0.6 cm), the bile duct margin is negative for invasive carcinoma and carcinoma in situ, and there is no major vessel invasion or microscopic invasion. No lymph node metastasis is identified in 2 regional lymph nodes. According to the AJCC Cancer Staging Manual (7th edition), T1 is defined as a solitary tumor without vascular invasion. In this case, the tumor is a solitary tumor and there is no vascular invasion, so the T stage is T1. The report also mentions that the tumor is confined to the hepatic parenchyma, which aligns with the T1 definition. Therefore, the final predicted T stage is T1.",T1
CHOL,TCGA-W5-AA31,TCGA-W5-AA31.A3B869CE-5B61-4F3E-930E-BC6CB37DD4F0,T1,0.0,N0,0.0,"Male. Surgery Date: DIAGNOSIS: Liver, extended right hepatectomy: Poorly differentiated intrahepatic. cholangiocarcinoma, with extensive necrosis, is identified forming a 7.6 X 6.3 x 4.5. cm tumor that comes to within less than 0.1 cm of the inked parenchymal resection. margin. Angiolymphatic space invasion is not identified. Multiple (4) perihilar lymph nodes. are identified and are negative for metastatic carcinoma. The background hepatic. parenchyma shows only minimal changes. See comment.","Based on the information provided in the pathology report, we can determine the T stage of the cholangiocarcinoma using the AJCC Cancer Staging Manual (7th edition) for Cholangiocarcinoma cancer. Here are the steps to determine the T stage: 

1. Assess the primary tumor: The pathology report mentions that a poorly differentiated intrahepatic cholangiocarcinoma is identified, forming a 7.6 x 6.3 x 4.5 cm tumor. The tumor comes to within less than 0.1 cm of the inked parenchymal resection margin. However, there is no mention of tumor perforating the visceral peritoneum or involving the local extrahepatic structures by direct invasion. Additionally, there is no mention of angiolymphatic space invasion.

2. Apply the T stage criteria: Based on the information above, we can apply the T stage criteria from the AJCC Cancer Staging Manual (7th edition) for Cholangiocarcinoma cancer. The tumor size is greater than 5 cm (T2), but there is no evidence of tumor perforating the visceral peritoneum or involving the local extrahepatic structures by direct invasion (T3) or tumor with periductal invasion (T4). Therefore, the T stage is either T2a or T2b.

3. Determine the number of tumors: The pathology report mentions that there is a single tumor. Therefore, the T stage is not T2b (multiple tumors).

4. Confirm the T stage: Based on the information above, the T stage is T2a (solitary tumor with vascular invasion). However, the pathology report does not mention vascular invasion. Therefore, the T stage cannot be confirmed as T2a without this information. If vascular invasion is confirmed, the T stage would be T2a. If not, the T stage would be T1 (solitary tumor without vascular invasion).",T1 or T2a
CHOL,TCGA-W5-AA33,TCGA-W5-AA33.FAB26B40-D86E-4937-9D4D-2473D2AA838F,T1,0.0,N0,0.0,"Male. Surgery Date: DIAGNOSIS: A. Gallbladder fossa, excision: Fibroadipose tissue with fat necrosis. No evidence. of malignancy identified. B. Lymph node, cystic duct, excision: A single lymph node is negative for neoplasm. c. Liver, wedge excision: Poorly differentiated cholangiocarcinoma, is identified. forming a single mass (4.9 x 3.9 X 2.2 cm). The tumor is confined to hepatic. parenchyma. The tumor growth pattern is mass-forming. The hepatic parenchymal. resection margin is involved by invasive carcinoma. The bile duct margin is negative. for invasive carcinoma and carcinoma in situ. Major vessel invasion is absent. Microscopic invasion is absent. No regional lymph nodes identified. The non-. neoplastic liver shows minimal steatosis (<5%). There is patchy mild portal. lymphocytic infiltrate. Special stains were performed on paraffin-embedded tissue. (Block C6) for trichrome, PAS, and iron. Trichrome shows portal fibrosis. No. globules for alpha-1 antitrypsin are identified on PAS stain. The iron stain shows. trace hemosiderosis. D. Liver, segment 5, 6, new margin, wedge resection: Fibroadipose tissue with fat. necrosis. No evidence of malignancy identified.","The pathology report indicates that the patient has a single mass of poorly differentiated cholangiocarcinoma in the liver, which measures 4.9 x 3.9 x 2.2 cm and is confined to the hepatic parenchyma. The tumor growth pattern is mass-forming, and there is involvement of the hepatic parenchymal resection margin, but no invasion of major vessels or microscopic invasion. No regional lymph nodes were identified. According to the AJCC Cancer Staging Manual (7th edition), T1 tumors are solitary tumors without vascular invasion, T2 tumors are solitary tumors with vascular invasion or multiple tumors, T3 tumors are tumors that perforate the visceral peritoneum or involve local extrahepatic structures by direct invasion, and T4 tumors are tumors with periductal invasion. Since the tumor in this case is a solitary tumor without vascular invasion, it would be classified as a T1 tumor.",T1
CHOL,TCGA-W5-AA34,TCGA-W5-AA34.36EAF28B-5091-4C1A-8BA6-D18C0407FC47,T1,0.0,N0,0.0,"Female. Surgery Date: DIAGNOSIS: A. Liver, segment VI, wedge resection: Invasive grade 2 (of 4) cholangiocarcinoma. forming a single, sclerotic mass (4.7 X 4.3 x 3.5 cm) with gross evidence of needle. tract effect. The tumor is confined to the hepatic parenchyma. The hepatic. parenchymal resection margin is negative for tumor (tumor free margin, 0.7 cm). The intrahepatic bile duct margin is negative for invasive carcinoma and carcinoma in. situ (1.0 cm) Major vessel invasion is absent. Microscopic invasion is absent. The. background liver shows necrotizing granulomatous inflammation, presumably biopsy. effect.","Based on the information provided in the pathology report, we can determine the T stage of the cholangiocarcinoma using the AJCC Cancer Staging Manual (7th edition) for Cholangiocarcinoma cancer. Here's the step-by-step reasoning:",T2b
CHOL,TCGA-W5-AA36,TCGA-W5-AA36.6EC57D32-953A-4B46-AF10-A3AFCF636ED4,T3,2.0,N0,0.0,"Female. Surgery Date: DIAGNOSIS: Liver, segment IVB, and gallbladder, resection: Invasive grade 3 (of 4). cholangiocarcinoma forming a hilar mass (10.0 x 9.4 x 7.0 cm) . The tumor invades. into the wall of the gallbladder. The gallbladder mucosa shows cholesterolosis. The. surgical margins are negative. Omentum, biopsy: Metastatic cholangiocarcinoma. Soft tissue, peri duodenal region, excision: Metastatic cholangiocarcinoma.","Based on the information provided in the pathology report, we can determine the T stage of the cholangiocarcinoma as follows:

1. The tumor is an invasive grade 3 cholangiocarcinoma.
2. It forms a hilar mass, measuring 10.0 x 9.4 x 7.0 cm.
3. The tumor invades into the wall of the gallbladder.
4. The surgical margins are negative, indicating that the tumor has been completely resected.
5. However, there are metastases in the omentum and periduodenal soft tissue.

Given this information, we can determine the T stage as follows:

T2b: The tumor invades beyond the wall of the bile duct to surrounding adipose tissue (based on the invasion into the wall of the gallbladder).

However, since there are metastases in the omentum and periduodenal soft tissue, the patient would be classified as having distant metastasis (M1), which would put her in stage IVB of the AJCC cancer staging system.

Therefore, the final predicted T stage is T2b, but the patient's overall stage is IVB due to the presence of distant metastases.","T2b, IVB"
CHOL,TCGA-W5-AA38,TCGA-W5-AA38.DE95FEF2-B511-434D-8136-C6B7EF3C0507,T1,0.0,N0,0.0,"SLIDE DISPOSITION: DIAGNOSIS: A. Liver, portion of segment VIII, wedge resection: Subcapsular. fibrosis with associated acellular debris (2.8 X 1.8 X 0.8 cm) . Negative for tumor. B. Liver, additional portion of segment VIII, wedge resection: Poorly-differentiated cholangiocarcinoma forming a 1.4 X 1.2 x 1.1. cm mass. The surgical resection margin is negative for tumor (free. by 0. cm). This final pathology report is based on the gross/macroscopic. examination and the frozen section histologic evaluation of the. specimen(s) Hematoxylin and Eosin (H&E) permanent sections are. reviewed to confirm these findings. Any substantive changes. identified on permanent section review will be reflected in a. revised report. GROSS DESCRIPTION: A. Received fresh labeled ""liver, portion of segment VIII"" is a. 10.92 gram, 3.8 X 2.9 x 2.2 cm liver wedge specimen. A 2.8 x 1.8. X. 0.8 cm necrotic mass is present, located 0.4 cm from the closest. surgical resection margin, which is inked black and submitted. perpendicularly. Representative sections are submitted. Grossed by. B. Received fresh labeled ""liver, additional portion of segment. VIII"" is a 9.19 gram, 3.7 x 2.3 x 1.9 cm liver wedge specimen. A. single 1. 4 x 1.2 x 1.1 cm tan-white mass is present, located 0.6 cm. from the closest surgical resection margin, which is submitted. perpendicularly. Representative sections are submitted. Grossed by. BLOCK SUMMARY: Part A: Liver-portion of segment. 8. 1 Liver segment 8-1. 2 Liver segment 8-2. 3 Liver segment 8-3. 4 Liver segment 8-4. 5 Liver segment 8-5. Part B: Liver-additional portion segment 8. 1 Liver segment 8 normal. 2 Add liver seg 8 mass. 3 Add liver seg 8 capsule.","Based on the information provided in the pathology report and the AJCC 7th edition excerpt, we can determine the T stage for this cholangiocarcinoma patient step by step.",T2a
CHOL,TCGA-W5-AA39,TCGA-W5-AA39.733CC9D1-7D35-4976-9CD9-B8B8542313E2,T2,1.0,N0,0.0,"Surgery Date: Male. DIAGNOSIS: A. Peritoneal nodule, biopsy: Negative for tumor. B. Gallbladder, cholecystectomy Mild chronic cholecystitis. c. Liver, left lobe, partial hepatectomy: Cholangiocarcinoma, grade 4 (of 4), is. identified forming multiple masses (ranging in size from 0.2 cm to 0.8 cm in greatest. dimension) replacing approximately 90% of the left liver lobe. The tumor is confined. to hepatic parenchyma. The tumor growth pattern is mass-forming. The hepatic. parenchymal resection margin is negative for tumor (minimum tumor free margin, 0.9. cm). The bile duct margin cannot be assessed. Left portal vein is involved by tumor. No lymph node. metastasis are identified in multiple (10) regional lymph nodes. with available surgical material [AJCC pT2bNO] (7th edition, 2009). The tumor cells are positive with MOC-31, and are negative with CK7,. CK 20 and in situ hybridization testing for albumin.","Based on the information provided in the pathology report and the AJCC 7th edition excerpt, we can determine the T stage for this cholangiocarcinoma case.",T2b
CHOL,TCGA-W6-AA0S,TCGA-W6-AA0S.2F3CE1B3-0DFD-4729-8A52-5E0BDE92BD12,T1,0.0,N0,0.0,"Surgical Pathology Specimen Source (enter 1 per. line): #1 gallbladder (Order. Status (Last fupdated Date/Time). Accessioni #. Result Impression. Med. Reç. #. (Age : Sex: Female. Soc. Sec. #: Visit # : Service Date: Client: Physician (s): FINAL PATHOLOGIC DIAGNOSIS. A. Left main bile duct, biopsy: Invasive adenocarcinoma. B. Right bile duct, biopsy: Bile duct epithelium with no significant. pathologic abnormality. C. Liver, left hepatectomy with caudate en bloc resection: Cholangiocarcinoma extending to left main bile duct margin with. extensive perineural and intraneural involvement; see comment. D. Extrahepatic bile duct, resection: No high-grade dysplasia or. carcinoma identified; see comment. E. Gallbladder, cholecystectomy: 1. Chronic cholecystitis. 2. Two benign lymph nodes (0/2) . F. Right hepatic artery lymph node, biopsy: One benign lymph node. COMMENT: Liver Tumor, Including Intrahepatic Bile Duct, Synoptic Comment. - Tumor type: Cholangiocarcinoma. Histologic grade: Moderately differentiated. - Tumor size (maximum diameter of largest lesion) : 3.3 cm. - Tumor necrosis: Less than 30%. - Multifocality (more than one tumor separated by nontumorous liver. parenchyma) : Absent. - Vascular invasion: None. - Hepatic capsule: Tumor abuts capsule. Local extension of tumor: Malignant glands are present in the wall of. the left main bile duct, but not in the surrounding adipose soft tissue. - Hepatic surgical margins: Negative; tumor is 1.5 cm from margin. - Bile duct margin (for cholangiocarcinoma) : Positive on slide C1. See. additional comments below. Non-neoplastic liver: Mass effect (portal-based inflammation, scant. lobular hepatocyte necrosis, enlargement of some intrahepatic bile. ducts, and periductal fibrosis; small portal tracts show mild ductular. proliferation). - Lymph node status: - Negative for tumor; total number of nodes examined: 3. - AJCC Stage: pT1NO. In part A (left main bile duct) atypical glands are seen invading. periductal nerve tissue. Level sections and immunohistochemistry for. keratin cocktail and S100 were performed and evaluated on block A1 to. further assess the atypical glands. The keratin cocktail shows diffuse. strong nuclear staining in the atypical glands. The S100 highlights the. nerves but does not stain the atypical cells involving the nerve tissue. This supports a diagnosis of invasive adenocarcinoma. In Part C (left hepatic resection) the hepatic parenchymal resection. margin is negative. Tumor is present in the left main bile duct margin. However, surgical correlation is required for final margin status as. additional tissue is submitted in Part D and the new common bile duct. margin in the additional tissue is negative. In Part C, sections of the hepatic mass show moderately differentiated. cholangiocarcinoma invading hepatic parenchyma and nerve tissue. One. area of the adenocarcinoma is better differentiated and has dilated,. angulated ducts closely resembling a large von Meyenburg complex. Immunohistochemical stains for p53, MIB-1, DPC-4, and glypican-3. were. performed on block C3 and compared in both areas. Both areas show weak. scattered nuclear p53 staining, no loss of DPC-4, and negative. Glypican-3. The mmoderately-differentiated area shows MIB-1 staining in. 30% of tumor nuclei and focally up to 50%, while the lower grade area. shows less than 5% MIB-1 nuclear staining. The morphologic appearance. and immunoprofile are most consistent with both areas being part of the. same. lesion. It is possible that the higher-grade area of the tumor. arose from this more ell-differentiated component at some point in. time. For part D, level sections were performed and evaluated on blocks D2 and. D5 (the extrahepatic bile duct). The levels do not show any high-grade. dysplasia or carcinoma. has reviewed parts A and D including additional. immunostains and levels and agrees with the above diagnosis for these. parts. Dr. has reviewed C3 and the MIB-1 immunostain and. concurs with its interpretation. Specimen (s) Received. A:Left main bile duct (FS). B:Right bile duct. C:Extended left hepatic resection with caudate and tumor. D:Extra hepatic bile duct (FS). E:Gallbladder. F:Right hepatic artery lymph node. Intraoperative Diagnosis. FS1 (A) Left main bile duct, biopsy: Atypical glands, most consistent. with invasive carcinoma. (Dr. FS2 (B) Right bile duct, biopsy: No in situ or invasive carcinoma. Epithelium predominantly denuded. (Dr. FS3 (D) Extrahepatic bile duct, biopsy: No in situ or invasive. carcinoma. (Dr. Clinical History. Relevant History:liver mass. The patient is a --year-old woman with a history of hepatic. adenocarcinoma (outside slides reviewed at. in consultation,. on biopsy of the left liver lobe. She undergoes a left hepatic. resection. Gross Description. The case is received in six parts, labeled with the patient's name and. medical record number. Part A is received fresh and additionally labeled ""left main bile duct,"". and consists of a single, donut-shaped fragment of white-tan soft tissue. (0.8 x 0.5 x 0.2 cm) with a 0.3 cm lumen and one inked surface. Per. discussion with the surgeon,. the inked surface is the most. proximal aspect, and the non-inked surrace is the true margin and most. distal surface. The entire specimen is frozen for frozen section. diagnosis 1 (inked surface side up), and subsequently submitted in. cassette A1. Part B is received fresh and additionally labeled ""right bile duct, up. is distal, "" and consists of an oriented, tubular segment of red-pink. soft tissue (0.5 x 0.3 x 0.2 cm in length) The specimen is submitted. for frozen section evaluation FS2 (cutting toward true margin), with the. frozen section remnant submitted in full in cassette B1. Part C. is received fresh and additionally labeled ""extended left. hepatic resection, caudate plus tumor, blue = bile duct, black = portal. vein,"" and consists of a partial hepatectomy (434 gm; 18.5 cm from right. to left x 5.3 cm from anterior to posterior x 12.8 cm from superior to. inferior; caudate lobe 6.2 x 3.7 x 3.1 cm). GROSS ABNORMALITIES: A white, circumscribed, firm mass with pushing. borders (3.3 x 3.1 x 4.5 cm) is present in the central portion of the. specimen and abuts the capsule on the visceral/posterior side. The. mass. invades into the left main bile duct, extends to the bile duct margin. grossly, and is located 1.5 cm from the inked hepatic resection margin. The mass also surrounds intraparenchymal blood vessels but does not. grossly invade into them. The intimal surfaces of these vessels and of. the portal vein are smooth and white. The uninvolved right liver lobe. is homogeneously red-brown and spongy-firm. The left lobe is attenuated. with dilated vessels. No gallbladder is present and no lymph nodes are. identified. ORIENTED BY: Surgeon's suture: Blue suture = left main bile duct,. black suture = portal vein. Also, per discussion with Dr. The specimen contains caudate. lobe and segment 8. INKING: - Liver capsule overlying mass: Blue. - Hepatic resection margin: Black. POTENTIAL STUDIES: Fresh tumor and uninvolved hepatic parenchyma are. submitted to the tissue bank. CASSETTES: Representative sections are submitted as follows: C1: Left main bile duct margin and neighboring portal. vein, en face. C2: Mass and left main bile duct. C3: Mass, portal vein and resection margin. C4-C5: Mass and overlying capsule. C6: Mass and large intraparenchymal vessels. C7: Uninvolved hepatic left lobe. C8-C9: Uninvolved hepatic right lobe. C10: Soft tissue near bile duct margin. Part D is received fresh and additionally labeled ""extrahepatic bile. duct, and consists of an oriented, branching, tubular structure (4 cm. in length x 1 cm in maximum diameter) . The specimen is oriented by the. surgeon with multiple stitches as follows: The cystic duct is tagged. with a double stitch, the right bile duct is tagged with a single black. stitch, and the left bile duct is tagged with a blue stitch. The common. bile duct is inked by the surgeon. Frozen section evaluation is. requested for the common bile duct margin. The common bile duct. contains a double-lumen structure (0.3 cm and 0.5 cm in diameter) The. cystic duct is 0.4 cm in length x 0. cm in diameter, the left bile duct. is 0.3 cm in length x 0.2 cm in diameter, and the right bile duct is 0.5. cm in length x 0.4 cm in diameter. Extending from the hepatic duct,. adjacent to the right bile duct, is a fragment of soft tissue measuring. 0.7 x 0.5 x 0.4 cm. No masses or lesions are noted. INKING: - Area adjacent to common bile duct surgical margin: Yellow, after the. frozen section has been removed. - Cystic duct resection margin: Blue. - Left bile duct resection margin: Black. - Right bile duct resection margin: Green. The surgeon designated common bile duct margin is submitted for frozen. section evaluation FS3 (designated extrahepatic bile duct biopsy) . CASSETTES: The specimen is entirely submitted as follows: D1: Frozen section remnant (FS3). D2: Right bile duct margin (inked) and adjacent slice. D3: Common bile duct adjacent to FS3 and remaining common. bile duct. D4: Cystic duct (inked) and adjacent cystic duct. D5: Left bile duct (inked) . D6: Hepatic duct at level' of cystic duct. Remainder of hepatic duct. D8: Attached soft tissue. Part E is received fresh and additionally labeled ""gallbladder, "" and. consists of a gallbladder (6.2 x 3 x 2.6 cm) The serosal surface is. tan-green, smooth and glistening. The surface opposed to the liver is. ragged and green-brown. The cystic duct is patent to the probe with a. diameter of 0.3 cm. Two firm, ovoid, red lymph node candidates (0.8 x. 0.5 x 0.4 cm and 0.5 x 0.3 x 0.3 cm) are identified near the cystic. duct. The gallbladder contains viscous green bile and its mucosa is. green and reticulated with numerous scattered punctate yellow spots (up. to 0.1 cm) No stones are identified. The gallbladder wall thickness. averages 0.1-0.2 cm. The cystic duct and surface opposed to the liver. are inked blue. Representative cassettes are submitted as follows: E1: Cystic duct margin and two intact lymph nodes. E2: Sections of body and fundus. Part F is received fresh and additionally labeled ""RT hepatic artery. lymph node, and consists of two unoriented, irregular, tan-white tissue. fragments with metal clips (1.9 x 1.3 x 0.5 cm and 0.7 x 0.6 x 0.2 cm). The specimen is submitted intact in cassette F1. The immunoperoxidase stain (s) reported above were developed and their. performance characteristics determined by the. Department of Pathology. They have not been cleared or approved by the. U. S. Food and Drug Administration. The FDA has determined that such. clearance or approval is not necessary. These tests are used for. clinical purposes. They should not be regarded as investigational or. for research. This laboratory is certified under the Clinical. Laboratory Improvement Amendments of 1988 (""CLIA"") as qualified to. perform high-complexity clinical testing. Diagnosis based on gross and microscopic examinations. Final diagnosis. made by attending pathologist following review of all pathology slides. The attending pathologist has reviewed all dictations and preliminary. interpretations performed by any resident involved in the case and. performed all necessary edits before signing the final report. Pathology Resident. /Pathologist. Pathology PDF Report. Show images for Surgical Pathology Specimen Source (enter 1 per line): #1 gallbladder. Authorizing Provider Information. Date/Time. Result History. SURGICAL PATHOLOGY (Order. Surgical Pathology Specimen Source (enter 1 per line): #1 gallbladder (Order#. This is NOT a Requisition. Requisition hyperlink below. Surgical Pathology Specimen Source. (enter 1 per line): #1 gallbladder (Order. Authorizing: Pathology and Cytology. Released. Department: Images. Show images for Surgical Pathology Specimen Source (enter 1 per line): #1 gallbladder. Release Date/Time. Start Date/Time. End Date/Time. Release Information. Released On. Released Bv. Frequency. Duration. Priority. Once. 1 occurrence. Routine. Unit Collect. Question. Answer. Comment. COLLDATE. COLLTIME. Specimen Source (enter 1 per line). #1 gallbladder. liver mass. Lab Collection and Receipt Information. Collect Time. Collected By. Lab Receipt Date. Lab Receipt Time. Office. Pager/beeper E-mail. Authorizing Provider. Acknowledgement Info. For. At. Acknowledged By. Acknowledged On. Placing Order. Parent Status: Completed. (This order does not yet have any children). Surgical Pathology Specimen Source (enter 1 per line): #1 gallbladder (Order#.","Based on the information provided in the pathology report, we can determine the T stage for this cholangiocarcinoma case. Here are the steps for determining the T stage: 

1. Assess the primary tumor (T):
   - The tumor is cholangiocarcinoma, which is confirmed by histologic examination of the left main bile duct (part A) and left hepatic resection (part C).
   - The tumor size is 3.3 cm, as stated in the synoptic comment of the pathology report.
   - There is no tumor necrosis or vascular invasion.
   - The tumor is multifocal, as it involves both the left main bile duct and the liver parenchyma.
   - The tumor extends into the left main bile duct wall but does not involve the surrounding adipose soft tissue.
   - The hepatic surgical margins are negative, but the bile duct margin is positive.

2. Compare the findings with the AJCC 7th edition T stage definitions:
   - T1: Solitary tumor without vascular invasion. The tumor in this case is cholangiocarcinoma, is multifocal, and extends into the left main bile duct wall. Therefore, it does not meet the criteria for T1.
   - T2: Solitary tumor with vascular invasion or multiple tumors, with or without vascular invasion. The tumor is multifocal, but there is no vascular invasion. Therefore, it meets the criteria for T2b.
   - T3: Tumor perforating the visceral peritoneum or involving the local extrahepatic structures by direct invasion. The tumor does not meet this criterion.
   - T4: Tumor with periductal invasion. The tumor meets this criterion, as it involves the left main bile duct.

3. The final predicted T stage is T4, as the tumor involves the left main bile duct and has a positive bile duct margin.",T4
CHOL,TCGA-W6-AA0T,TCGA-W6-AA0T.228DC262-E1D7-4DD5-BB20-3DD430DBDCA0,T3,2.0,N0,0.0,"I. Surgical Pathology Specimen Source (enter 1 per line): Diaphragmatic Nodule - Frozen. (Order. Result Impression. (Age : Sex: Female. Soc. Sec. #: Service Date: Client: Physician (s) : FINAL PATHOLOGIC DIAGNOSIS. A. ""Diaphragmatic nodule"", biopsy: Benign peritoneal inclusion cyst,. no carcinoma. B. Liver, segment 7, biopsy: Benign liver parenchyma, no carcinoma. c. Liver, segment 5, biopsy: Benign liver parenchyma with focal. fibrosis, no carcinoma. D. Left bile duct #1, biopsy: Benign bile duct and nerve, no dysplasia. or carcinoma. E. Liver, periductal, biopsy: Adenocarcinoma. F. Left hepatic artery and lymph node, biopsy: 1. No carcinoma in one lymph node (0/1). 2. Benign fibrovascular tissue. G. Left hepatic artery, biopsy: Benign fibrovascular tissue, nerve,. and adipose tissue, no carcinoma. H. Bile duct, right anterior sectoral, biopsy: Benign bile duct. and. nerve, no dysplasia or carcinoma. I. Liver, left lobe, partial hepatectomy: Adenocarcinoma compatible. with cholangiocarcinoma, two foci, 5.1 cm and 2. 1 cm respectively,. present at the inked resection margin; see comment. J. Liver, caudate margin, biopsy: Adenocarcinoma, present at the. non-inked cauterized margin; see comment. COMMENT: The periductal liver tissue (part E), left partial hepatectomy (part I),. and caudate margin of liver (part J) specimens show a. moderately-differentiated adenocarcinoma with irregular glands in a. desmoplastic stroma. Mitotic activity is readily identified (up to 4. mitotic figures/HPF} including atypical mitotic figures. Overall, the. morphologic features of the carcinoma are not specific for primary site. Immunohistochemical stains for CK7, CK19, CK20, and HepParl were. evaluated on block I5 to further characterize this tumor. Tumor cells. are negative for CK20, which argues against a lower GI tract origin and. négative for HepParl, which argues against a hepatocellular carcinoma. The tumor cells show positive staining for CK7 and CK19, which is not. specific but is compatible with a cholangiocarcinóma if metastasis can. be excluded clinically. Tumor is transected at the margin of the main left liver lobe specimen. (part I) In the separately submitted ""caudate márgin"" (part J). specimen, the liver was received with blue ink on one surface of the. specimen. The remaining surgical margins on this specimen were inked. black and cauterized tumor is present at the black ink but not at the. blue ink surface. Correlation with operative findings is required in. order to determine the final margin status. Liver Tumor, Including Intrahopatic Bile Duct, Synoptic Comment. - Tumor type: Cholangiocarcinoma. - Histologic grade: Moderately-differentiater. - Tumor size (maximum diameter of largest lesion) : 5.1 cm. - Tumor necrosis: None. Multifocality (more than one tumor separated by nontumorous liver. parenchyma) : Yes. - Vascular invasion: Not identified. - Hepatic capsule: Intact. - Local extension of tumer: Within liver. - Hepatic surgical margins: See comments above. - Bile duct margin (for cholangiocarcinoma) : Negative in the separately. submitted bile duct specimens (parts D and H). - Non-neoplastic liver: No sighificant pathologic abnormality. Lymph node status: Negative; total number of nodes examined: 1. - AJCC Stage: pT3aNQ. The immunohistochemical stains reported above were developed and their. performance characteristics determined by the. Department of Pathology. They have not been cleared or approved by the. U. S. Food and Drug Administration. The FDA has determined that such. clearance or approval is not necessary. These tests are used for. clinical purposes. They should not be regarded as investigational or. for research. This laboratory is certified under the Clinical. Laboratory Improvement Amendments of 1988 (""CLIA"") as qualified to. perform high-complexity clinical testing. 1. !. Specimen (s) Received. A:Diaphragmatic Nodule (FS). B:Liver biopsy segment 7 (FS). C:Segment 5 liver lesion (FS). D:Left bile duct #1, ink marks distal margin of interest (FS). E:Periductal liver tissue (FS). F:Replaced left hepatic artery and left lymph node. G:Left hepatic artery lymphvascular tissue. H:Right Anterior sectoral bile duat. I:Extended left hepatectomy with caudate-en-bloc. J:Additional caudate margin of liver. Intraoperative Diagnosis. FS1 (A) Diaphragmatic nodule, biopsy: Benign epithelial-lined simple. cyst consistent with peritoneal inclusion cyst. Dr. agrees. (Dr. FS2 (B) Liver, segment 7, biopsy: Liver parenchyma; no definitive. lesion identified. (Dr. FS3 (C) Liver, segment 5 , biopsy: Liver with focal fibrosis. No. malignancy identified. (Dr. FS4 (D) Left bile duct #1, ink marks distal margin of interest. bionsy: No high-grade dysplasia or carcinoma. (Dr. FS5 (E) Periductal liver tissue, biopsy: Malignant neoplasm, favor. adenocarcinoma. (Dr. Clinical History. The patient is a. year-old woman with a liver mass. A fine needle. aspirate of the liver mass was reported to favor bile duct neoplasm. (slides not reviewed at. Clinically, it is suspicious for. cholangiocarcinoma. Gross Description. The case is received in 10 parts, labeled with the patient's name and. medical record number. Part A is received fresh and additionally labeled ""diaphragmatic nodule. - FS, and consists of a slightly firm, irregular, pink-red tissue. fragment (1 x 0.8 x 0.4 cm). The outer surface is inked blue and the. specimen is bisected, revealing a fluid-filled (clear fluid) nodule (0.6. x. 0. x 0.2 cm) The entire specimen is frozen for frozen section. diagnosis 1, and subsequently submitted in cassette A1. Part B is received fresh and additionally labeled ""liver biopsy segment. 7 - frozen,"" and consists of one, soft, brown core of tissue (1.5 x 0.1. x. 0.1 cm) . The entire specimen is frozen for frozen section diagnosis. 2, and subsequently submitted in cassette Bl. Part C is received fresh and additionally labeled ""segment 5 liver. lesion,' and consists of a firm, irregular fragment of pink-red tissue. (0.7 x 0.5 x 0.3 cm). The entire specimen is frozen for frozen section. diagnosis 3, and subsequently submitted in cassette C1. Part D is received fresh and additionally labeled ""left bile duct #1 -. frozen, ink marks distal margin,"" and consists of à soft, irregular. fragment of pink-tan tissue (0.3 x 0.2 x 0.1 cm). There is purple. at one end. The specimen is entirely submitted for frozen diagnosis #4,. and the frozen section remnant is submitted in cassette D1. Part E is received fresh and additionally labeled ""periductal liver. tissue,"" and consists of two firm, red-brown soft tissue fragments (1 x. 0.5 x 0.4 cm and 0.6 x 0.5 x 0. cm), entirely submitted for frozen. section analysis, frozen section S(E), with the remnant submitted in. cassette E1. Part F is received fresh and additionally labeled ""replaced hepatic. artery lymph node left, "" and consists of an irregular fragment of. rubbery, deep yellow-pink to red, lobulated fibroadipose tissue (1 x 0.7. X. 0.2 cm). The specimen is entirely submitted intact in cassette F1. Part G is received fresh and additionally labeled ""L hepatic artery. lymphovascular tissue,"" and consists of two fragments of irregular,. rubbery, pink to deep red, fibroadipose tissue (1.3 x 0.5 x 0.2 cm and. 1.4 x 1 x 0.2 cm). No obvious lymph nodes are identified. The specimen. is entirely submitted intact in cassette G1. Part H is received fresh and additionally labeled ""RT anterior sectoral. bile duct,' and consists of one cylindrical fragment of deep red,. rubbery, soft tissue (1.2 x 0.3 x 0.2 cm). One surface is inked blue. prior to receipt in pathology (inked black) The specimen is entirely. submitted intact in cassette H1. Part I is received fresh and additionally labeled ""extended left. hepatectomy,' and consists of a portion of liver (941 gm; 15.5 cm right. to left x 13.6 cm anterior to posterior x 5 cm superior to inferior). GROSS ABNORMALITIES: The specimen. is received with multiple incisions. present in the posterior, superior and right surfaces. There is a. tan-white, well-circumscribed, lobulated mass that measures 5.1 cm in. dimension, in the central portion of the specimen. This mass grossly. abuts the cauterized surgical margin over a distance of 4.8 cm. Thore. is an additional 2.1 cm mass in the superior aspect of the specimen that. is 0.1 cm from the surgical margin grossly. The uninvolved liver is red-brown and unremarkable. ORIENTED BY: Anatomic landmarks. INKING: - Black: Surgical margin. CASSETTES: Representative sections are submitted as follows: Il: Vascular margin. I2-I4: 5.1 cm lesion. I5: 2.1 em lesion. 16: Uninvolved liver. Part J is received fresh and additionally labeled ""additional caudate. margin liver, and consists of a roughly wedge-shaped portion of. markedly cauterized, unoriented brown to red liver (3.7 x 2.7 X 1.2 cm). with numerous black sutures coursing through the specimen. One area of. glistening deep red capsule is identified. The specimen is focally inked. blue prior to receipt in pathology (re-inked blue; remaining cauterized. margins inked black)  The parenchyma is deep brown to red and smooth. The specimen is friable and partially crumbles upon sectioning. The. specimen is entirely submitted in cassettes J1-J5. Diagnosis based on gross and microscopic examinations. Final diagnosis. made by attending pathologist following review of all pathology slides. The attending pathologist has reviewed all dictations, including. prosector work, and preliminary interpretations performed by any. resident involved in the case and performed all necessary edits before. signing the final report. Pathology Resident. Pathology PDF Report. Show images for Surgical Pathology Specimen Source (enter 1 per line): Diaphragmatic Nodule - Frozen. Authorizing Provider Information. Date/Time. Result History. SURGICAL PATHOLOGY (Order. Items. Surgical Pathology Specimen Source (enter 1 per line): Diaphragmatic Nodule - Frozen (Order #. This is NOT a Requisition. Requisition hyperlink below. Surgical Pathology Specimen Source (enter 1. per line): Diaphragmatic Nodule - Frozen (Order. Authorizing: Pathology and Cytology. Department: Released By: Images. Show images for Surgical Pathology Specimen Source (enter 1 per line): Diaphragmatic Nodule - Frozen. Release Date/Time. Start Date/Time. End Date/Time. Release Information. Released On. Released By. Frequency. Duration. Priority. Once. 1 occurrence. STAT. Unit Collect. Question. Answer. Comment. Specimen Source (enter 1 per line). Diaphragmatic. Nodule - Frozen. liver mass. Lab Collection and Receipt Information. Collect Time. Collected By. Lab Receipt Date. Lab Receint Time. Office. Pager/beeper E-mail. Authorizing Provider. Acknowledgement Info. For. At. Acknowledged By. Acknowledged On. Placing Order. Parent Status; Completed. (This order does not yet have any children). 1. Surgical Pathology Specimen Source (enter 1 per line): Diaphragmatic Nodule - Frozen (Order.","The pathology report describes two foci of adenocarcinoma in the left lobe of the liver, one measuring 5.1 cm and the other 2.1 cm, with the larger focus present at the inked resection margin. The AJCC Cancer Staging Manual (7th edition) for cholangiocarcinoma defines T stage based on the extent of the primary tumor, with T1 being a solitary tumor without vascular invasion, T2a being a solitary tumor with vascular invasion, T2b being multiple tumors with or without vascular invasion, T3 being tumor perforating the visceral peritoneum or involving local extrahepatic structures by direct invasion, and T4 being tumor with periductal invasion. Based on the pathology report, there are multiple tumors present in the liver, making this a T2b tumor at minimum. However, since one of the tumors is present at the inked resection margin, this indicates that the tumor extends beyond the liver, which would make it a T3 or T4 tumor. The report does not specify whether there is periductal invasion or involvement of the main portal vein or its branches, so we cannot definitively classify this as a T4 tumor. Therefore, based on the information provided, the most accurate T stage prediction would be T3.",T3
CHOL,TCGA-WD-A7RX,TCGA-WD-A7RX.9D3F4AEF-2F52-4035-AFFC-A5AD2A31EE5D,T2b,1.0,,,"Path Reports. Document Date: Acc #: (Age: F. Client: Submitting. Phys: Final Surgical Pathology Report. Final Pathologic Diagnosis. A. LIVER, LESION, BIOPSY (A1FS): - CHOLANGIOCARCINOMA. B. LIVER, BIOPSY (B1FS): - CIRRHOSIS. - NO CARCINOMA IS IDENTIFIED. C. LIVER, RIGHT HEPATECTOMY: - CHOLANGIOCARCINOMA, INTRAHEPATIC (ADENOCARCINOMA OF PANCREATICOBILIARY TYPE IN LIVER). - THE TUMOR IS MULTIFOCAL WITH THE LARGEST FOCUS, 3.3 CM. TUMOR FOCALLY EXTENDS TO WITHIN 0.1 CM OF PARENCHYMAL MARGIN OF RESECTION. - TUMOR SUPERFICIALLY INVADES INTO THE ADVENTITIA OF A LARGE CALIBER VEIN IN THE HEPATIC. PARENCHYMA, BUT THE LUMEN OF THE VEIN IS FREE OF CARCINOMA. - TUMOR ABUTS THE CAPSULE OF THE LIVER. - SEE SYNOPTIC REPORT. Path Reports. - UNINVOLVED LIVER SHOWS EVOLVING CIRRHOSIS. Comment. Immunohistochemical stains performed excludes the presence of focal hepatocellular differentiation. The malignant cells are. positive for CK7 (bile ductular marker) and are negative for hepatocellular marker hep-par1, glypican 3, arginase. CD10 and. poly-CEA show focal positivity, but canalicula pattern formation is not convincing. CD56 is negative. This pattern of staining is. consistent with the above diagnosis. A trichrome stain demonstrates bridging fibrosis that would have qualified as at least stage 3 of 4. Assisted by: Synoptic Worksheet. C. Liver-right lobe: Clinical History: Cirrhosis. Specimen: Liver. Procedure: Other: RIGHT LOBE. Tumor Focality: Multiple: RIGHT LOBE. Histologic Type: Cholangiocarcinoma. Histologic Grade: GII: Moderately differentiated. Tumor Size: Greatest dimension: 3.3 cm. Additional Dimension: 2.8 cm. Additional Dimension: 2.7 cm. Microscopic Tumor Extension: Tumor confined to hepatic parenchyma. Hepatic Parenchymal Margin: Uninvolved by invasive carcinoma. Distance of invasive carcinoma from. closest margin: 1 mm. Margin uninvolved by invasive carcinoma: PARENCHYMAL. Bile Duct Margin: Cannot be assessed. Other Margin: Margin: VASCULAR. Uninvolved by invasive carcinoma. Tumor Growth Pattern: Mass-forming. Venous (Major Vessel) Invasion (V): Indeterminate. Small Vessel Invasion (L): Not identified. TNM Descriptors: m (multiple primary tumors). Primary Tumor (pT): pT2b: Multiple tumors, with or without vascular invasion. Regional Lymph Nodes (pN): pNX: Cannot be assessed. Number of nodes examined: 0. Number of nodes involved: 0. Distant Metastasis (pM): Not applicable. Path Reports. Clinical History. Exploratory laparotomy and right hepatectomy. Liver tumor. Specimen(s) Received. A: Liver lesion. B: Liver, biopsy. C: Liver-right lobe. Gross Description. Specimen A is received fresh for intraoperative consultation, identified with patient's name, medical record number and further. designated as ""liver lesion"" The specimen consists of two fragments of soft tissue measuring 0.7 x 0.5 x 0.3 cm in aggregate. The entire specimen is submitted for frozen section diagnosis and contents of cryostat are transferred in cassette A1FS. Specimen B is received fresh for intraoperative consultation, identified with patient's name, medical record number and further. designated as ""liver biopsy"". The specimen consists of three fragments of core needle biopsy measuring 0.2 to 1.8 cm in length. The entire specimen is submitted for frozen section diagnosis and contents of cryostat are transferred in cassette B1FS. Part C is received fresh, labeled with the patient's name, medical record number and ""liver, right lobe."" The specimen consists. of. a liver lobe measuring 14.5 x 14.0 x 7.0 cm and weighing 514 grams. The parenchymal margin measures 10.0 X 9.0 cm. There. is a firm vaguely lobulated and infiltrative appearing mass measuring 3.3 x 2.8 x 2.7 cm abutting a large caliber vein, abutting the. parenchymal margin of resection, and abutting the liver capsule. There is a similar mass measuring 0.6 cm in diameter located. approximately 1.0 cm from the dominant mass and 0.5 cm from the parenchymal margin of resection. No other lesions are. identified. The parenchymal margin of resection is inked black. Tissue is submitted tc. Representative sections are submitted as described below. CASSETTE SUMMARY: C1: Stapled vascular margin of resection in parenchymal margin. C2: Large caliber vein margin of resection. C3: Mass abutting parenchymal margin of resection. C4: Additional mass abutting parenchymal margin of resection. C5: Mass in relation to large caliber vein. C6: Mass in relation to uninvolved liver. C7: Smaller mass. C8: Representative uninvolved liver. C9: Mass in relation to liver capsule. Intraoperative Consult Diagnosis. A1FS: LIVER, (FROZEN SECTION): CARDINOMA. Frozen section results were communicated to the surgical team and were repeated back by. at. und the specimen was received at. Path Reports. B1FS: LIVER BIOPSY, (FROZEN SECTION): FOCAL BRIDGING FIBROSIS. Frozen section results were communicated to the surgical team and were repeated back by. at. and the specimen was received at. Microscopic Description. Microscopic examination performed. ANALYTE SPECIFIC REAGENT (ASR) DISCLAIMER: Some. of. the. above tests may use Class I ASRs. These tests were developed and their performance characteristics determined by. They have not been cleared or approved by the Federal Drug Administration (FDA). The FDA does not require these tests. to. go. through. premarket FDA review. These tests are used for clinical purposes, and should not be regarded as investigational or for research. laboratory is certified under the Clinical Laboratory Improvement Amendments (CLIA) as qualified to perform high complexity. clinical laboratory testing.","The pathology report indicates that the patient had intrahepatic cholangiocarcinoma in the right hepatectomy specimen. The largest focus of the tumor measured 3.3 cm. The report also mentions that the tumor focally extends to within 0.1 cm of the parenchymal margin of resection, superficially invades into the adventitia of a large caliber vein in the hepatic parenchyma, and abuts the liver capsule. However, the lumen of the vein is free of carcinoma. Based on the AJCC Cancer Staging Manual (7th edition) for Cholangiocarcinoma, we can determine the T stage as follows: 

- T1: Solitary tumor without vascular invasion. The patient has multiple tumors, so it cannot be T1.
- T2a: Solitary tumor with vascular invasion. The patient has multiple tumors, so it cannot be T2a. However, the report mentions that the tumor superficially invades into the adventitia of a large caliber vein, so it meets the criteria for T2.
- T2b: Multiple tumors, with or without vascular invasion. The patient has multiple tumors and vascular invasion, so it meets the criteria for T2b.
- T3: Tumor perforating the visceral peritoneum or involving the local extrahepatic structures by direct invasion. The report does not mention perforation of the visceral peritoneum or involvement of extrahepatic structures, so it cannot be T3.
- T4: Tumor with periductal invasion. The report does not mention periductal invasion, so it cannot be T4.

Therefore, the final predicted T stage is T2b.",T2b
CHOL,TCGA-YR-A95A,TCGA-YR-A95A.AB615D8F-E4A3-48A9-86A3-C89861C89A5D,T2,1.0,,,PRIMARY SITE: Liver. I-) Right lobe and segment IV of liver: Moderately differentiated cholangiocarcinoma measuring 7.5 x 4.5 x 3.6cm. Intense stromal desmoplasia. Presence of tumoral perineural infiltration. Resection margin compromised by the neoplasia. II-) Hepatic hilus tumor: Moderately differentiated cholangiocarcinoma. Margins are compromised.,"The AJCC Cancer Staging Manual (7th edition) for Cholangiocarcinoma provides definitions for T stages based on the extent of the primary tumor. The T stage is determined by the size and location of the tumor, as well as the involvement of surrounding structures such as blood vessels and lymph nodes. Based on the information provided in the pathology report, we can determine the T stage for this patient. Here are the steps we will follow: 

1. Determine if the tumor is confined to the bile duct or if it has invaded surrounding structures. According to the pathology report, the tumor is moderately differentiated cholangiocarcinoma measuring 7.5 x 4.5 x 3.6 cm and is present in the right lobe and segment IV of the liver, as well as in the hepatic hilus. This indicates that the tumor has invaded beyond the wall of the bile duct and is classified as T2 or higher.
2. Determine if the tumor has invaded adjacent hepatic parenchyma. The pathology report does not provide information on whether the tumor has invaded adjacent hepatic parenchyma, so we cannot classify it as T2a or T2b at this time.
3. Determine if the tumor has invaded unilateral branches of the portal vein or hepatic artery. The pathology report does not provide information on whether the tumor has invaded unilateral branches of the portal vein or hepatic artery, so we cannot classify it as T3 at this time.
4. Determine if the tumor has invaded the main portal vein or its branches bilaterally, the common hepatic artery, the second-order biliary radicals bilaterally, or unilateral second-order biliary radicals with contralateral portal vein or hepatic artery involvement. The pathology report does not provide information on whether the tumor has invaded any of these structures, so we cannot classify it as T4 at this time.

Based on the information provided in the pathology report, we can conclude that the tumor is a moderately differentiated cholangiocarcinoma that has invaded beyond the wall of the bile duct. However, we do not have enough information to determine if the tumor has invaded adjacent hepatic parenchyma, unilateral branches of the portal vein or hepatic artery, or any of the other structures listed in the AJCC Cancer Staging Manual. Therefore, we cannot provide a definitive T stage for this patient. We can only say that the tumor is T2 or higher.

Final predicted T stage: {T2, T3, T4}","{T2, T3, T4}"
CHOL,TCGA-ZH-A8Y1,TCGA-ZH-A8Y1.B4025F42-46CB-4D4E-ABB4-DBF701615F14,T3,2.0,N1,1.0,"Diagnosis: A: Liver lesion, ""Level 5"", excision. - Adenocarcinoma, moderately differentiated, of intrahepatic. bile ducts (primary hepatic cholangiocarcinoma), 4.5 mm. - Carcinoma is less than 1 mm from inked parenchymal margin. - Dysplasia of the intraductal biliary epithelium (see comment). B: Liver, Segment 8, excision. - Adenocarcinoma, moderately differentiated, of intrahepatic. bile ducts (primary hepatic cholangiocarcinoma), at least two. separate foci by gross examination, 0.4 and 0.8 cm. - Inked parenchymal margin (definitive margin) positive for. carcinoma (B2). - Dysplasia of the intraductal biliary epithelium and. intraductal biliary papillary carcinoma in situ, mutlifocal. C: Liver, Segments 2-5, partial hepatectomy. Adenocarcinoma, moderately differentiated, of intrahepatic. bile ducts (primary hepatic cholangiocarcinoma), at least 11.2. cm by gross measurement. - Dysplasia of the intraductal biliary epithelium and. intraductal biliary papillary carcinoma in situ, mutlifocal. - Inked parenchymal margin is extensively positive for invasive. carcinoma (C1). - Bile duct margin is positive for dysplasia (C9). Invasive carcinoma extends into perihepatic fibroadipose. tissue. - Lymphovascular space invasion is identified. - AJCC stage: pT3 pN1 (see comment). D: Lymph nodes, perihepatic, excision. - One of eleven lymph nodes positive for metastatic. adenocarcinoma (1/11). - Size of metastasis is 0.6 cm. - Extracapsular extension identified. Comment: The liver displays a spectrum of intraductal biliary neoplasia. In some bile duct profiles the epithelium is dysplastic without. papillary structure formation. In other bile duct profiles,. intraductal biliary papillomatosis is present as multifocal. papillary lesions. Intraductal papillary carcinoma is. considered to be to be the in situ lesion for the invasive. cholangiocarcinoma, and is related to the pancreatic intraductal. mucinous neoplasm. Dysplasia of the bile duct epithelium without. papillomatosis most likely is part of the same neoplastic. process in this case. The invasive tumor does not have papillary. architecture, and is a conventional gland-forming. adenocarcinoma. Invasive carcinoma is present as large mass. lesions/nodules (mass forming subtype). Extensive peri-ductal invasion (carcinoma spread along intact. biliary tree) is not identified. The tumor is staged as a. pathologic T3 because of invasion into perihepatic fibroadipose. tissue at the round ligament. Clinical History: -year-old female with intrahepatic malignant neoplasm. consistent with cholangiocarcinoma. Gross Description: Received are four formalin-filled containers. Container A is additionally labeled ""Level 5 liver lesion. "" It. holds a 0.8 X 0.7 X 0.4 cm wedge-shaped fragment of gray/tan. liver which is partially covered with a smooth capsule. The. parenchymal surface is inked black and the specimen is. sectioned to reveal a 0.5 X 0.4 X 0.3 cm circumscribed white. subcapsular nodule abutting the black inked parenchymal margin. The specimen is serially sectioned and entirely submitted in. block A1,. Container B is additionally labeled ""Segment 8 liver. "" The. requisition states: stitch marks definitive segment 8 margin. It holds a 3.1 gram, 2.4 X 2.2 X 1.7 cm friable fragment of. liver tissue with two sutures present on one surface. designating definitive margin. This surface is inked black, and. the opposite surface is inked red for identification purposes. The specimen is sectioned perpendicular to the black inked. margin and entirely submitted in blocks B1-B5. Sectioning reveals two white circumscribed nodules which are 0.4. and 0.8 cm in greatest dimension. Each nodule abuts the red. inked margin opposite the sutured margin. The smaller nodule. comes within 0.2 cm of the black inked sutured margin. (B3) , and the larger nodule comes within 0.3 cm of the black. inked sutured margin (B1). Block Summary : B1-B5,. Container C is additionally labeled ""Liver, Segments 2-5. "" It. consists of a 545 gram, 18 X 13 X 5 cm partial hepatectomy. specimen composed of Segments 2-5. The capsule is brown/gray,. focally plaque-like. The parenchymal margin is inked blue. There. is a small amount of attached fat along the inferior edge of. Segment 5. Along the medial edge of the parenchymal margin there. is a 3.4 X 2.9 cm fragment of fibromembranous tissue and. cauterized fat. This area is adherent upon the capsule. Sectioning demonstrates a dominate nodule surrounded by. multiple butting nodules off its edge and within the remainder. of the parenchyma. The dominate nodule is 11.2 X 9.8 X 4.4 cm. The smaller nodule within the parenchyma and subcapsular range. from 0.1 to 4 cm in greatest dimension. The closest approach to. the parenchymal margin (inked black) is 0.2 cm. The tumor has a. solid gritty yellow/tan cut surface with areas of firm,. white tissue at the periphery. The surrounding hepatic. parenchyma is homogeneous tan/gray with no micronodular pattern. identified. Tumor and normal are given to Tissue Procurement. Block Summary: C1 - tumor nodules at closest approach to black inked. parenchymal margin. C2-C3 - fibromembranous tissue adherent near surgical margin. C4-C5 - additional section near adherent fatty tissue at round. ligament insertion. C6 - edge of tumor and large caliber lumina. C7-C8 - additional sections of tumor. C9-C11 - additional sections, en face, from surgical margin,. lumina. Container D is additionally labeled ""perihepatic lymph node.' It. consists of a 3.7 X 2.6 X 1.5 cm aggregate of cauterized. yellow/tan fibrofatty tissue which is dissected for lymph node. candidates. Lymph node candidates up to 3.1 cm in greatest. dimension are identified. Block summary : D1 - four lymph node candidates. D2 - two lymph node candidates. D3 - one bisected lymph node candidate. D4-D5 - - one sectioned lymph node candidate. A small amount of fat remains in formalin.","Based on the AJCC Cancer Staging Manual (7th edition) for Cholangiocarcinoma, we will determine the T stage for this patient.

Given the pathology report, we have the following findings:
A: Adenocarcinoma, moderately differentiated, of intrahepatic bile ducts (primary hepatic cholangiocarcinoma), 4.5 mm, less than 1 mm from inked parenchymal margin.
B: Adenocarcinoma, moderately differentiated, of intrahepatic bile ducts (primary hepatic cholangiocarcinoma), at least two separate foci by gross examination, 0.4 and 0.8 cm, inked parenchymal margin positive for carcinoma, invasive carcinoma extends into perihepatic fibroadipose tissue, lymphovascular space invasion is identified.
C: Adenocarcinoma, moderately differentiated, of intrahepatic bile ducts (primary hepatic cholangiocarcinoma), at least 11.2 cm by gross measurement, inked parenchymal margin is extensively positive for invasive carcinoma, bile duct margin is positive for dysplasia, invasive carcinoma extends into perihepatic fibroadipose tissue, lymphovascular space invasion is identified.
D: One of eleven lymph nodes positive for metastatic adenocarcinoma (1/11), size of metastasis is 0.6 cm, extracapsular extension identified.

From the AJCC manual, we have the T stage definitions:
T1: Solitary tumor without vascular invasion
T2a: Solitary tumor with vascular invasion
T2b: Multiple tumors, with or without vascular invasion
T3: Tumor perforating the visceral peritoneum or involving the local extrahepatic structures by direct invasion
T4: Tumor with periductal invasion

In this case, we have multiple tumors (T2b) in specimen B and specimen C, and both specimens show vascular invasion. Additionally, specimen C shows invasion into perihepatic fibroadipose tissue, which qualifies for T3. However, since T3 is a more advanced stage than T2b, we use T3 as the T stage for this patient.

Therefore, the final T stage is T3.",T3
CHOL,TCGA-ZH-A8Y2,TCGA-ZH-A8Y2.1D1D2814-ECEE-463D-9EF9-E27F9CDCFEB6,T1,0.0,,,"SURGICAL PATHOLOGY REVISED REPORT. Diagnosis. A: Liver, segment 8, final margin, excision. - Liver tissue with hemorrhage and mild steatosis (see comment). - No tumor identified. B: Liver, segments 2, 3, 4, and part of 8, partial hepatectomy. Histologic tumor type/subtype: Cholangiocarcinoma, mass forming. subtype (see comment). Histologic grade: Grade 2 of 4 (moderately differentiated. Tumor location: Segments 2, 3, 4, and 8. Tumor size: 11.9 cm. Focality/extent Unifocal. Tumor necrosis/treatment effect: Focal tumor necrosis present. (no more than 15% of sampled tumor). Vascular invasion: Focally suspicious for lymphovascular. invasion, no large vessel invasion identified. Perineural invasion: Not identified. Capsular invasion: Not identified. Margins: Vascular, bile duct, and parenchymal margins negative. (0. 1 cm from parenchymal margin, including site designated as. caval margin) i cauterized bile duct margin free of dysplasia. Lymph nodes: None identified. Background liver: Mild steatosis and minimal non-specific portal. chronic inflammation. AJCC PATHOLOGIC TNM STAGE: pT1 pNx. NOTE: This pathologic stage assessment is based on information. available at the time of this report, and is subject to change. pending clinical review and additional information. C: Gallbladder, cholecystectomy. - Chronic cholecystitis. - No dysplasia or carcinoma identified. Comment: H & E stained sections show a relatively well circumscribed. gland forming neoplasm with moderate nuclear pleomorphism and. focal tumor necrosis. A mucicarmine stain and immunostains are. performed on block B5. The mucicarmine stain is negative. The. malignant cells are positive for Cam 5.2, CK7 (focal),. CD5, CEA (focal, cytoplasmic), and CD56 (focal) , and negative. for CK20, HepPar1, chromogranin, and synaptophysin. In the. appropriate clinical setting, these findings are consistent with. intrahepatic cholangiocarcinoma. The preliminary results were. reported to Dr. by text message on. Representative H & E stained sections, the mucin stain, and the. immunostains were also reviewed by Dr. , who agrees with the. interpretation. Intraoperative Consult Diagnosis: A frozen section was requested by Dr. in OR. FSA1: Liver, segment 8, final margin. - Benign liver with mild inflammation of portal tracts and. steatosis, no tumor seen. Drs. at. on. Clinical History: -year-old female with a liver mass. Gross Description: Specimen A was received fresh for frozen section labeled. ""segment 8 final margin"" and consists of a 3.8 X 2.5 X 0.4 cm. fragment of red/brown tissue. A stitch marks the final margin. The final margin is inked blue and the remainder is inked black. The cut surface is smooth, tan/brown, and unremarkable. A full. thickness section was frozen as FSA1 and the remainder is. submitted in A1-A4,. Specimen B is labeled ""liver segment 2, 3, 4, and part of 8"" and. consists of a 650 gram, 16.5 X 15.5 x7. 4 cm partial hepatectomy. specimen that has a short suture indicated as segment 8 (per. requisition) . The parenchymal margin is inked black and the. caval margin is inked red. There is an 11.9 X 9.3 X 5.8 cm. lobulated firm smooth pink/tan mass with patchy areas of soft. yellow discoloration occupying approximately 15% of the mass. This mass is 0.1 cm from the caval margin, grossly abuts the. vessels at the vascular margin, is 0.5 cm from the parenchymal. margin, and focally retracts the capsule but does not extend. through it. The mass occupies approximately 75% of the. parenchyma with the regional vasculature uninvolved by mass. The. vasculature has a smooth and glistening gray/white inner lining. The remainder of the parenchyma is tan/brown and unremarkable. The capsule is intact, purple/gray and smooth with a 6.3 X 5.7. X 0.2 cm piece of adherent fibrofatty tissue (inked blue) . The. mass is 0.1 cm from the fibrofatty tissue. A portion of tumor. was given to tissue procurement. Block Summary. B1 - Perpendicular of mass with vascular margin. B2 - Perpendicular mass with caval margin. B3 - Perpendicular of mass closest to the parenchymal margin. (segment 8 margin). B4 - Mass with overlying adherent fibrofatty tissue. B5 - Mass with capsule. B6 - Mass with regional vasculature. B7 - Yellow discoloration of mass. B8 - Uninvolved parenchyma away from mass. Additional sections following initial microscopic examination: B9 - Perpendicular of mass closest to caval margin. B10-B12 - Perpendicular of mass closest to parenchymal margin. B13 - Bile duct margin, en face. B14-B15 - - Additional duct/vascular margin, en face (along the. parenchymal margin). Specimen C is labeled ""gallbladder"" and consists of a 9.6 cm. long X 2.8 cm in diameter intact gallbladder. The serosa is. purple/red, smooth and glistening and focally stained green at. the body fundus interface. The wall is 0.2 cm thick and the. lumen is filled with green/brown viscous fluid. The mucosa is. pink/tan and velvety. Calculi are absent. The cystic duct. margins and sections of gallbladder from neck and body in C1. Addendum. To add the results of additional sampling of the tumor in. specimen B. Addendum Comment. At the request of Dr. , additional sections of the tumor are. submitted for microscopic examination to evaluate for a possible. hepatocellular carcinoma component (blocks B16-B23) . The. additional sections show tumor morphology comparable to that. seen in the original sections. There are occasional more solid. appearing areas. A HepPar1 immunostain is performed on one of. these areas in block B21 and is negative. There is no definitive morphologic or immunophenotypio evidence. of a hepatocellular carcinoma component to this tumor. The. histologic grade and percentage of necrosis remain unchanged. There is no definitive lymphovascular invasion identified in the. additional sections.","The pathology report provides the following information relevant to determining the T stage: the tumor is a cholangiocarcinoma, mass forming subtype, located in segments 2, 3, 4, and 8 of the liver, measuring 11.9 cm, unifocal, with focal tumor necrosis (no more than 15% of sampled tumor), focally suspicious for lymphovascular invasion but no large vessel invasion identified, perineural invasion not identified, capsular invasion not identified, vascular, bile duct, and parenchymal margins are negative, no lymph nodes were identified, and there is mild steatosis and minimal non-specific portal chronic inflammation in the background liver. The AJCC 7th edition defines T1 as a solitary tumor without vascular invasion. The current case is a solitary tumor (unifocal) with focal suspicious lymphovascular invasion but no large vessel invasion identified. However, the AJCC 7th edition does not explicitly define the presence or absence of lymphovascular invasion for T1 tumors. Therefore, we can only conclude that the tumor is T1 based on the solitary tumor and absence of large vessel invasion criteria. The final predicted T stage is T1.",T1
CHOL,TCGA-ZH-A8Y3,TCGA-ZH-A8Y3.C4E66BC9-DCF0-43A6-B6B8-24D8FC02A7DB,T2a,1.0,N0,0.0,"Diagnosis: A: Liver, anterior segment 2-3 edge, biopsy. - No carcinoma identified. - Intraoperative diagnosis confirmed. B: Liver, posterior segment, 2-3 edge, biopsy. Positive for adenocarcinoma. - - Intraoperative diagnosis confirmed 816013. C: Liver, right, partial hepatectomy. Tumor histologic type: Adenocarcinoma, consistent with. intrahepatic cholangiocarcinoma (see comment). Histologic grade: Well to moderately differentiated (grade 1-2. of 4). Tumor growth pattern (per AJCC staging manual, 7th ed. ) : Mass. forming growth pattern. Tumor size and extent : 6.2 cm in largest dimension (gross. measurement). Focality: Unifocal. Tumor location: Right hepatic lobe. Vascular invasion: Present, tumor invades into portal vein. branches and into vena cava (see also specimen D). Perineural invasion: Identified in specimen D. Invasion of liver capsule: Present; tumor invades into but not. through the liver capsule. Necrosis: No significant tumor necrosis present; tumor is 90%. viable, with prominent desmoplastic stroma. Margins: - Parenchymal resection margins: Positive for carcinoma. - Vascular resection margins: Negative for carcinoma. - Bile duct margin Indefinite for dysplasia, favor reactive. epithelial changes; negative for invasive carcinoma. Background liver parenchyma: Cholestasis and moderate periportal. inflammation; mild portal fibrous expansion; no cirrhosis. present. - Although some fibrosis surrounding larger bile ducts in the. vicinity of the tumor is present, it is not the concentric. (onion-skin type) fibrosis typically seen in primary sclerosing. cholangitis (PSC) The findings are not diagnostic for PSC. Correlation with clinical and radiographic findings is. recommended. Gallbladder : Unremarkable gallbladder without calculi; negative. for malignancy. Lymph nodes : One pericystic lymph node, negative for metastatic. carcinoma (0/1). AJCC stage (7th edition) : pT2a pNO. D: Liver, caval margin, resection. - Positive for adenocarcinoma. - Perineural invasion present. Comment. Immunohistochemical stains were performed on block C4 with the. following results: Cytokeratin 7: Strongly positive in adenocarcinoma. Cytokeratin 20: Negative in adenocarcinoma. CDX2: Negative in adenocarcinoma. Estrogen receptor: Negative in adenocarcinoma. GCDFP-15: Negative in adenocarcinoma. TTF-1: Negative in adenocarcinoma. Interpretation: While the staining pattern is not entirely. specific, it is compatible with an intrahepatic. cholangiocarcinoma in the appropriate clinical setting (if other. primary sites have been excluded) . The case has been discussed at. on. Intraoperative Consult Diagnosis: A frozen section was requested by Dr. in OR. FSA1: Liver, anterior segment, 2-3 edge, biopsy. - No evidence of malignancy. FSB1: Liver, posterior segment, 2-3 edge, biopsy. - Invasive adenocarcinoma. Drs. on. at. Frozen Section Pathologist: Clinical History: -year-old female with recent diagnosis of large central liver. mass with associated biliary and right portal vein occlusion. with associated periportal/upper abdominal adenopathy; outside. pathology shows rare atypical glands suspicious for malignancy. Gross Description: Received are four formalin-filled - containers. Container A: Received fresh for frozen section and additionally. labeled ""anterior segment 2-3 edge"" is a 3.2 X 1.6 X 0.5 cm. fragment of red/tan soft tissue that is frozen section entirely. as FSA1,. Container B: Received fresh for frozen section and additionally. labeled ""posterior segment 2-3 edge"" is a 2.2 X 1.0 X 0.5 cm. fragment of red/tan soft tissue that is frozen entirely as FSB1,. Container C: Specimen Type: right lobectomy. Specimen Weight: 630 grams. Measurement: 17 X 15 X 6 cm. Mass: A 5.3 X 5.0 X 3.8 cm white circumscribed, firm, fleshy. mass with peripheral extension to nearby ducts and surrounding. the ducts. Adjacent to the mass is a 1.5 X 0.7 X 0.5 cm area of. yellow soft discoloration. The total size including this yellow. area is 6.2 X 5.5 X 4.1 cm. The mass grossly abuts the capsule. and the blue inked parenchymal margin. On the capsule there is. an area of white discoloration that is inked black. This. area is adjacent to the mass. The tumor appears to invade into. portal vein branches. Adjacent liver tissue: green/brown mottled and congested. Capsule: The capsule is normal, purple/tan, smooth and. glistening. Comment: : The parenchymal resection margin is inked blue. Major portal vein/ hepatic vein: There is no gross evidence of. vascular invasion. Gallbladder: 9.9 X 2.7 X 1.1 cm. The serosa is purple/red,. smooth and glistening. The wall averages 0.4 cm thick and is. lined by a red velvety mucosa with diffuse yellow stippling. The. gallbladder contains a small amount of red thin bile. Stones are. grossly absent. One cystic duct lymph node is identified. measuring 1.4 X 0.7 X 0.4 cm. Block summary: C1 - hilar vascular margins and cystic duct. C2 - parenchymal stapled vascular margins. C3-C5 - mass with respect to blue inked parenchymal margin and. capsule. C6 - mass with extension. C7 - mass surrounding bile duct. C8 - mass surrounding bile duct. C9 - mass surrounding bile duct. C10 - mass with adjacent uninvolved. C11 - possible area of necrosis. C12 - uninvolved. C13 - gallbladder and cystic duct lymph node. Container D is additionally labeled ""margin caval. "" It holds a. 3.6 X 2.1 X 1 cm fragment of red/tan soft tissue that is inked,. serially sectioned and submitted entirely in blocks D1-D4,.","Based on the information provided in the pathology report, we can determine the T stage of the cholangiocarcinoma using the AJCC Cancer Staging Manual (7th edition) for Cholangiocarcinoma cancer. Here's the step-by-step reasoning: 

1. Primary Tumor (T): 
   - Tis: Carcinoma in situ, not identified in the report.
   - T1: Solitary tumor without vascular invasion, not applicable in this case as vascular invasion is present.
   - T2a: Solitary tumor with vascular invasion, this stage fits if we only consider specimen C.
   - T2b: Multiple tumors, with or without vascular invasion, not applicable in this case as only one tumor is identified.
   - T3: Tumor perforating the visceral peritoneum or involving the local extrahepatic structures by direct invasion, not applicable in this case as there is no mention of perforation or extrahepatic involvement.
   - T4: Tumor with periductal invasion, this stage fits as the tumor invades into portal vein branches and the vena cava.

2. Based on the above analysis, the final predicted T stage is {T4}.",T4
CHOL,TCGA-ZH-A8Y4,TCGA-ZH-A8Y4.8C44AB5C-5F49-4F12-9273-F8AEDD9F0316,T1,0.0,N0,0.0,"Diagnosis: A: Gallbladder and lymph nodes, removal. - No evidence of malignancy. - Three lymph nodes, negative for metastatic carcinoma (0/3). (see comment). - Chronic cholecystitis with cholelithiasis. B: Liver, segments, 4, 5 and 8, resection. - Moderate to poorly differentiated adenocarcinoma, most. consistent with primary intrahepatic cholangiocarcinoma (see. comment). - Tumor size: 11.5 cm. - Tumor extent: tumor involves hepatic parenchyma. - Margins: - Hepatic parenchymal margin: positive focally (B6). - Portal vein margin: negative; tumor is 0.5 cm from portal vein. margin. - No definitive lymphovascular space invasion identified. - No perineural invasion identified. - Nonneoplastic liver with macrovesicular steatosis involving. approximately 10% of the hepatic parenchyma. - AJCC pathologic stage: pT1 pNO. Comment: Sections of lymph nodes from specimen A show no evidence of. metastatic carcinoma, confirmed by pan-cytokeratin stain. Sections of the liver show a moderately differentiated. adenocarcinoma within a desmoplastic background. The neoplastic. cells exhibit moderate nuclear pleomorphism with easily. identified mitotic figures. Immunohistochemical stains. are performed and show the neoplastic cells to be focally. positive for CK7 and negative for CK20, BerEP4, RCC, PSA, PSAP,. TTF-1 and HepPAR1. These findings support the diagnosis of. intrahepatic cholangiocarcinoma. Dr. has reviewed this case and. agrees with the diagnosis. A CD31 immunohistochemical stain is performed on block B4. No. definitive lymphovascular space invasion is identified. For cases in which immunostains are performed, the following. applies: Appropriate internal and/or external positive and negative. controls have been evaluated. Some of the immunohistochemical. reagents used in this case may be classified as analyte specific. reagents (ASR) . These were developed and have performance. characteristics determined by the. These reagents have not been cleared or approved by the US Food. and Drug Administration (FDA). The FDA has determined that such. clearance or approval is not necessary. These tests are used for. clinical purposes. They should not be regarded as. investigational or for research. This laboratory is certified. under the Clinical Laboratory Improvement Amendments of 1988. (CLIA-88) as qualified to perform high complexity clinical. laboratory testing. Clinical History: -year-old male with cholangiocarcinoma. Gross Description: Specimen A is received in a formalin filled container labeled. with the patient's name and as ""gallbladder and lymph nodes"". Previously opened: no. Measurements: 8.5 X 3.0 X 1.0 cm. External surface: One surface exhibits a dusky pink-purple. smooth glistening intact serosa. The opposite surface exhibits. a roughened adhesed surface consistent with contact with the. hepatic surface. This surface exhibits a 1.2 cm gross dimension. transmural defect. The hepatic surface is inked green. Wall thickness: uniform 0.1 cm. Mucosa: The mucosal surface is dusky hemorrhagic red-brown with. slight granularity. Stones present : No gallstones are identified. Other comments : Three cystic duct lymph node candidates are. identified ranging in size from 0.8 cm up to 1.5 cm in. greatest dimension. The cystic duct margin is inked blue, the. hepatic surface is inked green. Block #: A1 cystic margin and representative sections of the gallbladder. A2 three cystic duct lymph node candidates. Specimen B received in a formalin filled container labeled with. the patient's name and as ""liver segment 4, 5, 8 resection"" is a. 400 g, 14.0 X 11.0 X 4.5 cm liver resectioned specimen. The. resection margin is inked black, the portal vein margin is inked. red. The liver capsule is a dusky red-purple with patchy. areas of tan-pink ulceration up to 1.0 cm in greatest dimension. The capsule has a central area which is tan-pink and lighter in. color than the area surrounding it in the periphery which is a. dusky purple-red. The capsule is centrally firm. Sectioning. exhibits a 11.5 X 6.0 X 4.8 cm tan-white firm mass with ill. defined irregular borders and patchy areas of hemorrhage. The. mass grossly abuts the resection margin, is 0.3 cm from the. capsule, and abuts the portal vein margin. The remainder of the. liver parenchyma is a soft smooth glistening golden-yellow-. orange. Ink: resection margin black, portal vein. margin red. Block Summary: B1 - tumor closest approach to resection margin. B2 - tumor closest approach to portal vein margin. B3 - B4 - representative sections of the tumor and adjacent liver. parenchyma and capsule. B5 - uninvolved liver parenchyma. B6 - additional section of tumor and parenchymal margin.","Based on the information provided in the pathology report, we can determine the T stage of the cholangiocarcinoma using the AJCC Cancer Staging Manual (7th edition) for Cholangiocarcinoma cancer. Here's the step-by-step reasoning: 

1. Primary Tumor (T):
   - The tumor is located in the intrahepatic bile ducts, as indicated in the pathology report.
   - The tumor size is 11.5 cm.
   - The tumor involves the hepatic parenchyma.
   - The hepatic parenchymal margin is positive focally (B6).
   - There is no definitive lymphovascular space invasion identified.
   - There is no perineural invasion identified.

2. Using the AJCC Cancer Staging Manual (7th edition) for Cholangiocarcinoma cancer, we can determine the T stage:
   - T1: Solitary tumor without vascular invasion. However, in this case, the tumor involves the hepatic parenchyma, so it doesn't meet the criteria for T1.
   - T2a: Solitary tumor with vascular invasion. But, there is no definitive lymphovascular space invasion identified, so it doesn't meet the criteria for T2a.
   - T2b: Multiple tumors, with or without vascular invasion. Since there is no mention of multiple tumors, this option is not applicable.
   - T3: Tumor perforating the visceral peritoneum or involving the local extrahepatic structures by direct invasion. There is no mention of perforation or extrahepatic involvement, so it doesn't meet the criteria for T3.
   - T4: Tumor with periductal invasion. The pathology report mentions that the tumor involves the hepatic parenchyma, but it doesn't explicitly mention periductal invasion. However, since T1 to T3 are not applicable, and T4 is the next highest stage, we can assume that the tumor may have some form of periductal invasion.

Therefore, based on the information provided, the final predicted T stage is T4.",T4
CHOL,TCGA-ZH-A8Y5,TCGA-ZH-A8Y5.793D6E81-1D43-4C8F-9490-F55217AF4E8E,T3,2.0,N1,1.0,"Diagnosis: A: Pericaval mass, biopsy. Metastatic adenocarcinoma present in one of five lymph nodes (1/5). (see comment). - Largest focus measures 1.5 cm in diameter. - Extracapsular extension present. B: Gallbladder, cholecystectomy. - Cholesterolosis. - No carcinoma identified. C: Liver, segments 6, 7, and 8, plus cava and left adrenal gland, en. bloc resection. Tumor histologic type: Poorly differentiated adenocarcinoma, favor. cholangiocarcinoma, mass forming subtype (see comment). Histologic grade: 3 of 4 (poorly differentiated). Tumor location: Segments 8 and 1. Tumor size: 5.8 cm. Focality/extent: Multifocal. Tumor necrosis/treatment effect: Not identified. Vascular invasion: No definite lymphovascular space invasion. identified; adenocarcinoma invades wall of inferior vena cava. Perineural invasion: Not identified. Capsular invasion: Present, adenocarcinoma invades perihepatic soft. tissues and adrenal gland (designated as left adrenal gland on. specimen container). Margins: Inferior vena cava margins: Negative. Hepatic parenchymal margin: Negative, 0.85 cm away at closest. approach. Perihepatic soft tissue margins: Negative. Lymph nodes: See specimen A. Background liver: No steatosis, cholestasis, or ductular reaction. identified. AJCC PATHOLOGIC TNM STAGE: pT3 pN1. NOTE: This pathologic stage assessment is based on information. available at the time of this report and is subject to change. pending clinical review and additional information. Comment: The frozen section diagnosis for specimen A is confirmed. H & E stained sections show a poorly differentiated neoplasm with. vast areas of solid growth and focal glandular differentiation. Immunostains are performed on block C8. The malignant cells are. positive for AE1/AE3 and OSCAR (pancytokeratin stains). CK7 shows. focal positive staining within the malignant cells. CK20, TTF-1,. CDX-2, CD56, chromogranin, and synaptophysin are negative. A mucicarmine stain is negative. Given the tumor location and. absence of known disease outside of the liver, these findings most. likely represent a poorly differentiated intrahepatic. cholangiocarcinoma. Other primary adenocarcinomas with CK7 staining. include lung, esophagus, stomach, pancreas, small bowel, and. gallbladder. Correlation with the clinical and radiologic findings. is suggested. Intraoperative Consult Diagnosis: An intraoperative consultation is requested by Dr. in OR. at. on. FSA1: Pericaval mass, biopsy. - Carcinoma present; defer to permanent/special stains for final. diagnosis. Drs. at. on. Frozen Section Pathologist: , MD. Clinical History: -year-old - male with a mass abutting the right hepatic vein and. narrowing the IVC by MRI. Gross Description: Specimen A is received fresh for frozen section and labeled. ""pericaval mass"" and is a cylindrical piece of tan firm tissue 3.5. in length X 0.5 cm in diameter with a loosely adherent tan nodular. mass (1.5 X 1.5 X 0.8 cm) The mass is bisected to reveal a tan. gritty cut surface and a representative section is submitted as FSA1. and the remainder is submitted in A2. The tubular fragment is. serially sectioned to reveal a lymph node which is submitted in A3,. Specimen B is labeled ""gallbladder"" and holds a 9.5 X 4.0 X 2.5 cm. intact gallbladder. The serosa is dark red and glistening. The lumen. is filled with dark red liquid. There are multiple tan granular. tissue fragments, loosely adherent to the mucosa which is tan red. and velvety. The wall is 0.2 cm thick. Block Summary: B1 - Cystic duct margin and representative sections of gallbladder. wall to include loosely adherent yellow granules. Tissue remains in formalin. Specimen C is labeled ""segments 6, 7 and 8, cava, left adrenal. gland"" and holds an en bloc resection weight 255 grams with an. overall measurement of 15.4 X 8.4 X 5.6 cm. Attached to the deep. edge of the resection is a 4 cm in length X 1.1 cm in diameter large. caliber vessel which has a pink, smooth, luminal surface. On one side of the vessel, there is a large segment of liver,. roughly 13 X 8.4 X 3.5 cm. The surgical margin of this segment is. inked black. On the opposite side of the large caliber vessel there. is a 4.5 X 2.9 X 2.8 cm segment of liver. The surgical margin of. this segment is inked blue. Adherent to the distal aspect of the. large caliber vessel is a 6.5 X 3.1 X 0.6 cm fragment of yellow. fibrofatty tissue. Within the tissue, there is a portion of adrenal. gland, 2.5 X 2.5 X 1.0 cm. The presumed adrenal gland surgical. margin is inked red. The capsule is dark maroon and intact. Sectioning reveals an approximately 5.8 X 4.0 X 3.8 cm tan firm mass. with .11-defined edges. The mass grossly appears to invade into the. attached adrenal tissue, and abuts but does not grossly appear to. invade into the large caliber vessel. Within the smaller segment of. liver there are two satellite similar appearing lesions, roughly 1. cm from the main mass. The mass comes to within 1.0 cm of the black. inked surgical margin, is 0.6 cm from the blue inked surgical margin. (satellite nodule) and is greater than 1 cm from the proximal and. distal large caliber vessel surgical margin. No additional. abnormalities are noted. The remainder of the parenchyma is dark. brown and unremarkable. Block Summary: : C1 - Proximal large caliber vessel margin, en face. C2 - Distal large caliber vessel margin, en face. C3-C4 - Mass with respect to larger caliber vessel and adrenal. gland, bisected section. C5 - Additional section of mass, large caliber vessel and adrenal. gland. C6 - Mass with respect to black inked surgical margin. C7 - Mass with respect to intraparenchymal ductal structures. C8 - Satellite lesions with respect to blue inked surgical margin,. perpendicular. C9 - Liver away from mass, larger segment. C10 - Liver away from mass, smaller segment to include capsule. Tissue remains in formalin. Normal and tumor submitted to tissue.","The pathology report provides the following information: a poorly differentiated adenocarcinoma, favor cholangiocarcinoma, mass forming subtype, with a histologic grade of 3/4, multifocal tumor, tumor size of 5.8 cm, present capsular invasion, adenocarcinoma invades wall of inferior vena cava, negative hepatic parenchymal margin (0.85 cm away at closest approach), negative inferior vena cava margins, and positive lymph nodes (1/5).

According to the AJCC Cancer Staging Manual (7th edition) for Cholangiocarcinoma cancer, the T stage is determined by the primary tumor's characteristics:

T1: Solitary tumor without vascular invasion
T2: Solitary tumor with vascular invasion or multiple tumors
T3: Tumor perforating the visceral peritoneum or involving the local extrahepatic structures by direct invasion
T4: Tumor with periductal invasion

In this case, the patient has a poorly differentiated adenocarcinoma, favor cholangiocarcinoma, mass forming subtype, with a histologic grade of 3/4, multifocal tumor, tumor size of 5.8 cm, present capsular invasion, and adenocarcinoma invades wall of inferior vena cava. This indicates that the tumor has grown beyond the wall of the bile duct and invaded the adjacent hepatic parenchyma and the wall of the inferior vena cava. Therefore, the T stage is T3.

The AJCC Cancer Staging Manual (7th edition) also states that the N stage is based on the presence or absence of regional lymph node metastasis. In this case, the patient has positive lymph nodes (1/5), so the N stage is N1.

The M stage is based on the presence or absence of distant metastasis. The report does not mention any distant metastasis, so the M stage is M0.

Therefore, the final TNM stage is T3N1M0.",T3
CHOL,TCGA-ZH-A8Y6,TCGA-ZH-A8Y6.1308ED5B-3B3F-4E9A-91D6-64507F549473,T1,0.0,N0,0.0,"SURGICAL PATHOLOGY REVISED REPORT. Diagnosis: A: Gallbladder, cholecystectomy. - Benign gallbladder with no significant pathologic abnormality. - One benign lymph node (0/1). - No carcinoma identified. B: Lymph node, portal, removal. - Six fragments of benign lymph node. - No carcinoma identified. C: Liver, Segments 4-5, partial hepatectomy. Histologic tumor type/subtype: cholangiocarcinoma, mass forming. subtype. Histologic grade: grade 2 of 4 (moderately differentiated). Tumor location: between segments 4 and 5. Tumor size: 3.5 cm. Focality/extent unifocal. Tumor necrosis/treatment effect: not identified. Vascular invasion: not identified. Perineural invasion: not identified. Capsular invasion: not identified. Margins uninvolved by tumor; tumor is 0.5 cm from closest margin. (segment 4 parenchymal margin). Lymph nodes none submitted in this specimen (see specimen B). Background liver: macrovesicular steatosis involving 65% of hepatic. parenchyma with grade 1 steatohepatitis; no evidence of bridging. fibrosis or cirrhosis on H & E stain (results of trichrome stain. will be issued in an addendum). AJCC Pathologic TNM Stage: pT1 pNO. NOTE: This pathologic stage assessment is based on information. available at the time of this report, and is subject to change. pending clinical review and additional information. Clinical History: : -year-old female, intrahepatic cholangiocarcinoma. Gross Description: Received are three appropriately labeled containers. Container A is additionally labeled ""gallbladder. Previously opened or disrupted: no. Measurements: 7.5 X 3.0 X 2.5 cm. External surface: green/gray, smooth and glistening. Luminal contents: green, viscous fluid. Stones present: none. Mucosa: green and velvety. Wall thickness: less than 1 mm. Other comments: cystic duct node is present and measures 0.5 X 0.3. X 0.2 cm, tan/pink. Block #: A1, cystic duct margin, en face, representative section and. cystic duct lymph node. Tissue remains in formalin. Container B is additionally labeled ""portal lymph nodes."" It holds. six fragments measuring 1.3 X 1.5 X 0.3 cm in aggregate of. yellow/tan fibrofatty tissue. Tissue is entirely submitted in blocks B1-B2,. Container C is additionally labeled ""Segment 4, 5; short. stitch=Segment 6 margin, long stitch=Segment 4 margin. "" The. specimen contains a 110 gram, 1.5 X 6.9 X 4.3 cm partial. hepatectomy. The specimen is received with a short stitch. marking the Segment 6 margin which is inked blue, and a long stitch. marking the Segment 4 margin which is inked black. The capsule is. tan/brown and smooth. Sectioning reveals a 3.5 X 3.1 X 2.9 cm well circumscribed. yellow/tan mass. Within the center there is a focally hemorrhagic area. The mass is. 0.2 mm from the capsule, 0.6 cm from the blue margin, and 0.5 cm. from the black margin. No additional masses or lesions are. identified. The remaining liver parenchyma is tan/brown and smooth. Both tumor and normal are submitted to Tissue Procurement. Block summary: C1 - mass with respect to the capsule. C2 - mass with respect to the blue margin. C3 - mass with respect to the black margin. C4-C5 - representative sections of the mass. C6 - normal liver away from mass. Tissue remains in formalin. Addendum. The purpose of this addendum is to issue results of special stains. performed on liver tissue from specimen C that is uninvolved by. tumor. Addendum Comment. DPAS: no evidence of involvement by alpha-1-antitrypsin deficiency. (no DPAS positive globules identified within hepatocytes). Trichrome: no evidence of increased fibrosis (stage 0). Reticulin: highlights normal hepatic framework. Iron: no evidence of increased iron deposition.","The pathology report provides information about the resected liver specimen, which includes a cholangiocarcinoma tumor in segments 4-5, with a size of 3.5 cm. The tumor is unifocal, moderately differentiated (grade 2), and there is no evidence of vascular invasion, perineural invasion, capsular invasion, or lymph node involvement. The closest margin is 0.5 cm away from the tumor. Based on this information, we can determine the T stage.","T1 (pT1, as per the report) - The tumor is solitary, without vascular invasion, and the closest margin is >0.5 cm away from the tumor. According to the AJCC 7th edition excerpt, this would be classified as T1."
CHOL,TCGA-ZH-A8Y7,TCGA-ZH-A8Y7.3041BAB7-71A4-4DA3-A713-E81DDB237E95,T3,2.0,N0,0.0,"Diagnosis: A: Gerota's fascia, biopsy. - Metastatic poorly differentiated adenocarcinoma. - See comment. B: Liver, definitive Segment 5 margin, biopsy. - Negative for malignancy. - Liver with increased portal fibrosis and periportal septae (stage. 2) lobular acute inflammation and mild cholestasis. - See comment. C: Liver, Segments 1-4 and portion of 8, partial hepatectomy. Histologic tumor type/subtype: cholangiocarcinoma; see comment. Histologic grade: poorly differentiated. Tumor location: Segments 1-4 and portion of 8. Tumor size: 10 cm (gross measurement). Focality/extent: Unifocal with diffuse involvement of nearly. entire specimen. Tumor growth pattern: Mass forming. Tumor necrosis/treatment effect: Tumor appears approximately 25%. necrotic. Vascular invasion: Present. Perineural invasion: Present, extensive. Capsular invasion: Absent; tumor abuts capsule but does not. extend through it. Margins: - Negative for malignancy but close; tumor is 1 mm from the. blue inked surgical margin, 1 mm from the green inked soft tissue. margin, and 8 mm from the red inked margin (representing sutured. area). - Tumor present in soft tissue surrounding vascular structures from. surgical margin (A1). Lymph nodes: None received. Background liver: Mild lobular acute inflammation with cholestasis. and portal fibrosis with periportal septae (stage 2). Additional findings Extensive biliary intraepithelial. neoplasia (BilIN-3). AJCC Pathologic TNM Stage: pT3 pNX. NOTE: This pathologic stage assessment is based on information. available at the time of this report, and is subject to change. pending clinical review and additional information. D: Gallbladder, cholecystectomy. - Negative for malignancy. - Minimal chronic cholecystitis with acute serositis. Comment: Immunohistochemical stains are performed on block C10 and. demonstrate the tumor shows patchy positivity for high molecular. weight cytokeratin and CDX2, scant positivity for CK7, and is. negative CK20. This immunophenotype is not entirely. specific, however, the presence of extensive BilIN-3 and the. positivity for high molecular weight cytokeratin leads us to favor. the tumor being a primary cholangiocarcinoma rather than a. metastatic lesion. Intraoperative Consult Diagnosis: A frozen section consultation was requested by Dr. in OR. on. at. (A) and. (B) . FSA1: Gerota's fascia, biopsy. - Adenocarcinoma. Drs. on. at. FSB1: Liver, definitive Segment 5 margin, biopsy. - No metastatic adenocarcinoma identified. Drs. at. Frozen Section Pathologist: ,. MD. Clinical History: -year-old male with clinical diagnosis of cholangiocarcinoma. Gross Description: Received are four appropriately labeled containers. Specimens A and. B are received fresh for frozen section. Container A is received fresh for frozen section, and additionally. labeled ""Gerota's fascia. It holds a 9 X 6 X 5 mm red/tan soft. tissue fragment; block FSA1,. Container B holds one tan/brown liver fragment measuring 3.5 X 2.9 X. 1.0 cm. (Block FSB1,. Container C: Specimen Type: left lobectomy (Segments #1-#4, - and portions of #8). Specimen Weight: 355 grams. Measurement: 12.5 X 12.0 X 4.5 cm. Orientation: The requisition states: stitch marks #1-#5 margin, and. the specimen is received with a suture intact. The tissue. surrounding the suture is inked red, the remainder of the cut. surgical margin is inked blue, and a small amount of attached fatty. soft tissue is inked green. Several staple lines across the surgical. margin are removed, and the underlying tissue is re-inked blue. Capsule: The capsule is notable for a 9.0 X 8.2 cm region of. white/pink discoloration with underlying nodularity, although the. surface remains smooth. This region of discoloration can be seen on. both the anterior and posterior surfaces. Mass: The mass measures 10.0 X 9.1 X 4.5 cm, and encompasses the. majority of tissue in the specimen. It is white/pink with areas of. red hemorrhage and yellow potential necrosis, is relatively firm,. and is well circumscribed although with irregular borders and. nodularity. It appears to abut the liver capsule on both sides, 0. 1. from the red inked margin from the region of the stitch, and is 0. 1. cm from the blue inked parenchymal margin. It is 0.4 cm from the. green inked attached fatty soft tissue. Adjacent liver tissue: The uninvolved liver tissue is tan/brown,. firm and without additional lesions. Major portal vein/ hepatic vein: Several vascular structures are. present on the apparent surgical margin, and are removed and. submitted en face. There is no gross evidence of vascular invasion. Gallbladder: submitted separately. Block summary: C1 - vascular structures from surgical margin, en face. C2 - section of tumor approaching red inked margin at stitch. C3 - section of tumor approaching red and blue ink. C4-C5 - additional section of mass close to blue inked surgical. margins. C6 - mass with close approach to green inked overlying soft tissue. C7-C8 - bisected section of mass showing relationship with large. vascular structure. C9-C10 - sections of mass abutting capsule, on both sides of the. specimen. C11 - additional section of mass with apparent vascular structures. C12 - section of mass with adjacent uninvolved liver tissue. C13 - additional section of mass with capsule. C14 - edge of mass with possible extension into green inked fatty. tissue. C15 - section of grossly uninvolved liver. Tissue remains in formalin. Container D: Previously opened or disrupted: no. Measurements 8.0 X 3.5 X 2.7 cm. External surface: pink/green, smooth, and glistening with a. roughened region showing tan/brown cautery on one surface. Luminal contents: approximately 15 CC of green, viscous, thin bile. Stones present none. Mucosa: green/tan, smooth, and velvety. Wall thickness: 0.1 to 0.2 cm, and appears mildly edematous. Other comments: The cystic duct lymph node is not present. Block #: D1 cystic duct margin, en face, and representative sections. of wall.","Based on the information provided in the pathology report, we can determine the T stage of the cholangiocarcinoma using the AJCC Cancer Staging Manual (7th edition) for Cholangiocarcinoma cancer. Here's the step-by-step reasoning: 

1. The tumor is located in Segments 1-4 and a portion of 8, with a size of 10 cm (gross measurement). 
2. The tumor is unifocal with diffuse involvement of nearly the entire specimen. 
3. The tumor growth pattern is mass forming. 
4. The tumor appears approximately 25% necrotic. 
5. Vascular invasion is present. 
6. Perineural invasion is present and extensive. 
7. Capsular invasion is absent; the tumor abuts the capsule but does not extend through it. 
8. The closest surgical margin is 1 mm from the blue inked surgical margin, 1 mm from the green inked soft tissue margin, and 8 mm from the red inked margin (representing sutured area). 
9. No lymph nodes were received. 
10. The background liver has mild lobular acute inflammation with cholestasis and portal fibrosis with periportal septae (stage 2). 
11. Additional findings include extensive biliary intraepithelial neoplasia (BilIN-3). 

Based on these findings, we can determine the T stage as follows:

T1: Solitary tumor without vascular invasion. 
T2a: Solitary tumor with vascular invasion. 
T2b: Multiple tumors, with or without vascular invasion. 
T3: Tumor perforating the visceral peritoneum or involving the local extrahepatic structures by direct invasion. 
T4: Tumor with periductal invasion. 

The tumor in this case is unifocal with diffuse involvement of nearly the entire specimen, has a mass forming growth pattern, and has vascular invasion. Therefore, the tumor is categorized as T3 based on the AJCC Cancer Staging Manual (7th edition) for Cholangiocarcinoma cancer.",T3
CHOL,TCGA-ZH-A8Y8,TCGA-ZH-A8Y8.D35938C2-CFED-444E-8284-B1A4D5EAD0F3,T1,0.0,N0,0.0,"SURGICAL. PATHOLOGY Site Intrahepatic bile duet. Diagnosis. A: Lymph node, hepatoduodenal, biopsy. - One benign lymph node, negative for metastatic carcinoma (0/1). B: Liver, left lobe, partial hepatectomy. Histologic tumor type/subtype: cholangiocarcinoma (see comment). Histologic grade: moderately differentiated. Tumor location: left lobe. Tumor size: 3.9 cm (gross measurement). Focality: unifocal. Tumor growth pattern: mass forming. Tumor necrosis/treatment effect: scattered associated tumor necrosis. present (no known prior treatment). Vascular invasion: not identified. Perineural invasion: focally present. Capsular invasion: not identified. Margins: parenchymal margin is uninvolved by tumor, 2.1 cm away. Lymph nodes: see specimen A. Background liver : scattered mild chronic inflammation, minimal. microvesicular steatosis involving less than 5% of the hepatic. parenchyma, and mildly increased portal fibrosis. AJCC Pathologic TNM Stage: pT1 pNO. NOTE: This pathologic stage assessment is based on information. available at the time of this report, and is subject to change. pending clinical review and additional information. Comment: Based on the lack of clinical or radiologic evidence to support the. presence of a primary adenocarcinoma arising outside of the liver,. the presence of a 3.9 cm solitary mass in the left liver lobe. consisting of moderately differentiated adenocarcinoma is consistent. with a diagnosis of cholangiocarcinoma. Special stains are performed on a section of liver parenchyma away. from the tumor mass. The liver is negative for significant iron. deposition. There is no evidence of alpha-1-antitrypsin deficiency. (no DPAS positive globules identified within hepatocytes) . A. trichrome stain shows a mild increase in portal fibrosis. A. reticulin stain also highlights the mild increase in fibrosis with. an otherwise normal hepatic plate thickness. Intraoperative Consult Diagnosis: A frozen section consultation was requested by Dr. in OR. Specimen delivery time is. FSA1: Lymph node, hepatoduodenal, biopsy. - No tumor seen. Moderate number of MN giant cells, histiocytosis. Drs. on. at. Frozen Section Pathologist: , MD. Clinical History : -year-olo male with a liver adenocarcinoma favoring. cholangiocarcinoma, questionable primary upper GI or biliary tree. Gross Description: Received are two appropriately labeled containers. Specimen A is. received fresh for frozen section. Container A is additionally labeled ""hepatoduodenal lymph node for. frozen section. "" It consist of a 2.2 X 2.0 X 1.0 cm green/brown. lymph node candidate. The specimen is serially sectioned and. entirely submitted for frozen section and resubmitted in block FSA1. and FSA2,. Container B: Specimen Type: left lobectomy. Specimen Weight: 355 grams. Measurement: 15.0 X 14.4 X 3.5 cm. Orientation: The specimen is received with a stitch marking the. caudal cut margin. The surgical cut margin is inked blue. Capsule: red/brown and smooth. Mass: 3.9 X 3.5 X 2.2 cm; The mass is within the specimen; it is. near the falciform ligament. The mass is tan/white and firm with. relatively circumscribed edges. Distance from the capsule: 0.5 cm. Distance from the inked surgical margin: 2.2 cm; no necrosis is seen. Adjacent liver tissue: tan/brown, firm and unremarkable. Major portal vein/ hepatic vein: n/a. Gallbladder: n/a. Other comments: Tissue and normal tissue to Tissue Procurement. Block Summary: B1 - ductal structures, en face. B2 - mass with respect to capsule. B3 - mass with respect to surgical margin, bisected. B4, B5 - sections of tumor with respect to bile duct. B6 - normal liver parenchyma. Tissue remains.","Step 1: Examine the pathology report to determine the features of the tumor. According to the report, the tumor is a solitary mass in the left liver lobe, measuring 3.9 cm in size, with a moderately differentiated adenocarcinoma, consistent with a cholangiocarcinoma. The tumor growth pattern is mass forming, and there is no vascular invasion identified. The parenchymal margin is uninvolved by tumor, with a 2.1 cm distance. Perineural invasion is focally present, but capsular invasion is not identified. The tumor is staged as pT1 pNO, based on the information available at the time of the report. However, this stage is subject to change pending clinical review and additional information. There is no evidence of a primary adenocarcinoma arising outside of the liver. The lymph node biopsy is negative for metastatic carcinoma. The background liver has scattered mild chronic inflammation, minimal microvesicular steatosis involving less than 5% of the hepatic parenchyma, and mildly increased portal fibrosis. Special stains are negative for significant iron deposition and alpha-1-antitrypsin deficiency. Step 2: Compare the tumor features with the T stage definitions in the AJCC 7th edition excerpt. The tumor is solitary, without vascular invasion, and is less than 5 cm in size, which corresponds to T1. Therefore, the final predicted T stage is T1.",T1
CHOL,TCGA-ZU-A8S4,TCGA-ZU-A8S4.92337E74-DF14-48C7-90AC-907A787E1D0E,T1,0.0,,,"Research Gross Description. -year-old male with right liver lobe lesion. Research Dx. Right partial hepatectomy: Cholangiocarcinoma, sarcomatous. CASE SUMMARY FOR CARCINOMA OF INTRAHEPATIC BILE DUCTS: Specimen: right liver lobe. Procedure: right hepatic lobectomy. Tumor size: 8 x 5.5 x 6 cm. Tumor focality: single focus. Histologic type: cholangiocarcinoma, sarcomatous (pleomorphic). Histologic grade: poorly differentiated. Tumor growth pattern: mass-forming. Microscopic tumor extension: tumor confined to hepatic parenchyma . Margins: Hepatic parenchymal/bile duct margin: negative. Distance of invasive carcinoma from closest margin: 3 cm. Lymphovascular invasion: not definitively identified. Perineural invasion: present. Pathologic staging (pTNM). Primary tumor (pT): pT1 - solitary tumor without vascular invasion. Regional lymph nodes (pN): pNX - cannot be assessed. Distant metastasis (pM): not applicable. Additional findings: extensive tumor necrosis. AJCC Staging (7th edition): pT1 pNx pM not applicable. Research QC. Tumor I1. 85% tumor nuclei (not sarcomatoid/pleomorphic). 10% necrosis. 5% normal. Tumor T2: 20% tumor nuclei (approx. 1/2 sarcomatoid). 80% necrosis. 0% normal. Tumor T3: 33% tumor nuclei (not sarcomatoid). 67% necrosis. 0% normal. Normal: 100% liver. Research Specimen. Specimen Process Time. Blood draw time: Plasma frozen time: 1. Serum frozen time: Buffy coat frozen time: Cold ischemia start time: Formalin fixation start time: Total cold ischemia time: 34 minutes. Formalin fixation stopped time: Total formalin fixation time: Approximately 6 hours. Specimen Weight. T1-101 mg, T2-81mg, T3-100 mg, T4-125 mg. N1-274 mg. Specimen Size. Plasma x 4. Serum x 3. Buffy coat x 1. Cryovials x 8. Normal x 4. Tumor x 4. FFPE x 8. Normal x 4. Tumor x 4. Study. Patient Consent.","The pathology report provides the following information: the patient is a -year-old male with a right liver lobe lesion, and the diagnosis is cholangiocarcinoma, sarcomatous. The tumor size is 8 x 5.5 x 6 cm, and it is a single focus. The histologic type is cholangiocarcinoma, sarcomatous (pleomorphic), and the histologic grade is poorly differentiated. The tumor growth pattern is mass-forming, and the tumor is confined to the hepatic parenchyma. The hepatic parenchymal/bile duct margin is negative, and the distance of invasive carcinoma from the closest margin is 3 cm. Lymphovascular invasion is not definitively identified, but perineural invasion is present. The pathologic staging (pTNM) is primary tumor (pT): pT1 - solitary tumor without vascular invasion; regional lymph nodes (pN): pNX - cannot be assessed; distant metastasis (pM): not applicable.","Based on the information provided in the pathology report and the AJCC 7th edition excerpt, the patient's T stage is pT1. The reason for this is that the tumor is solitary and confined to the hepatic parenchyma, and there is no definitive evidence of vascular invasion. The N stage cannot be determined (pNX) because the regional lymph nodes were not assessed. The M stage is not applicable (pM) because there is no evidence of distant metastasis."
