type,case_submitter_id,patient_filename,ajcc_pathologic_t,T14,ajcc_pathologic_n,N03,text,zscot_reasoning,zscot_stage
KICH,TCGA-KL-8326,TCGA-KL-8326.24e2925b-4f7b-40c0-87d4-68568f3fdf17,T3a,2.0,N0,0.0,"Clinical Diagnosis & History: 7cm right renal mass. Specimens Submitted: 1: SP: Right kidney and adrer. 2: SP: Paracaval lymph node. DIAGNOSIS: 1). KIDNEY/ADRENAL, RIGHT; NEPHRECTOMY: - RENAL CELL CARCINOMA, CHROMOPHOBE TYPE, EOSINOPHILIC. VARIANT TUMOR MEASURES 6.3 CM IN GREATEST DIAMETER, AND. INVOLVES THE UPPER POLE OF THE RIGHT KIDNEY. - TUMOR INVADES THROUGH RENAL CAPSULE AND IS PRESENT WITHIN. PERINEAL SOFT TISSUE (pT3a). - NO VASCULAR INVASION IS IDENTIFIED. - BENIGN URETER AND VASCULAR MARGINS. - SURGICAL MARGINS ARE FREE OF TUMOR. - BENIGN ADRENAL. - BENIGN RENAL PARENCHYMA IS UNREMARKABLE. 2). PARACAVAL LYMPH NODE; EXCISION: - FOURTEEN BENIGN LYMPH NODES (0/14) . IATTEST THAT THE ABOVE DIAGNOSIS IS BASED UPON MY PERSONAL EXAMINATION OF THE SI IDES (AND/OR OTHER MATERIAL) AND THAT I HAVE. REVIEWED AND APPROVED THIS REPORT. Gross Description: 1) The specimen is received fresh, labeled ""Right kidney and. adrenal"". It consists of a 880 grams of nephrectomy specimen. The specimen measures 23 X 10 X 8.5 cm. The specimen consists of. kidney with surrounding perirenal soft tissue and attached. proximal segment of the ureter. The right adrenal gland is also. grossly identified at the upper pole of the specimen, measuring. 4.2 x 2 X 0.9 cm. Grossly, a bulging renal mass is present at. JURGICAL PATHOLOGY REPORT. the upper pole of the kidney. The specimen is bivalve along the. ureter to reveal a relatively circumscribed tumor mass at the. upper pole of the kidney measuring 6.3 cm in greatest diameter. The remaining kidney tissue measures 10 X 6.2 X 4 cm. The mass. shows mosaic colors of brown, tan and grey area. The texture of. the tumor is rubbery. No definite necrosis is identified. Focal. scar is also present. The tumor appears to bulge and invades. into the renal capsule. The tumor does not involve the renal. cavity. No vascular involvement of the tumor is identified. The. attached ureter measures approximately 7 cm in length and 0.4 to. 0.5 cm in diameter. The proximal ureter shows dilated appearance. and contains urine. The rest of the renal parenchyma is. unremarkable. The cut section of the adrenal is unremarkable. Representative sections are submitted. A portion of tumor is. sent for. and a small portion is kept in glutaraldehyde. definite lymph nodes are identified within the hilar perirenal. fat. Summary of Sections: - tumor. R. - random section of kidney. UM. - ureteral margin. VM. - vascular margin. ADR - adrenal. 2). The specimen is received in formalin, labeled ""Paracaval. lymph node"". It consists of two irregular pieces of yellow-tan. fibroadipose tissue, measuring 4.5 X 3.0 X 1.5 cm in aggregate,. possibly containing lymph nodes. The specimen is submitted. entirely. Summary of Sections: U - Undesignated. Summary of Sections: Part. Sect. SiteBlocks Pieces. All. 1. ADR. 1. 1. N. R. 1. 1. 9. 9. UM. 1. 1. VM. 1. 1. 2. U. 6. M. Y.","The N stage for kidney cancer in the 7th edition of the AJCC Cancer Staging Manual is based on the presence and extent of regional lymph node metastasis.

1. First, we need to determine if there are any lymph node metastases.
In this case, the pathology report states: '2). PARACAVAL LYMPH NODE; EXCISION: - FOURTEEN BENIGN LYMPH NODES (0/14)'. This means that 14 lymph nodes were examined and no metastases were found.

2. Since there are no positive lymph nodes, the N stage is N0.

Final N stage: N0",N0
KICH,TCGA-KL-8327,TCGA-KL-8327.527b9836-1e08-48d7-bf13-cd58a0ac6318,T1b,0.0,N0,0.0,"Clinical Diagnosis & History: Investigated for right pelvic pain and found to have a solid. right renal mass. Specimens Submitted: 1: SP: Right kidney. 2: SP: Paracaval n. DIAGNOSIS: 1). KIDNEY, RIGHT; NEPHRECTOMY: - RENAL CELL CARCINOMA, CHROMOPHOBE CELL TYPE. THE TUMOR. GREATEST DIAMETER IS 5.2 CM. THE TUMOR IS CONFINED WITHIN. THE RENAL CAPSULE. NO INVASION OF THE RENAL VEIN IS. IDENTIFIED. ALL SURGICAL MARGINS ARE FREE OF TUMOR. THE. NON-NEOPLASTIC KIDNEY SHOWS A SIMPLE CYST (1 CM IN. DIAMETER) . THE ADRENAL GLAND IS NOT SUBMITTED. 2). LYMPH NODES, PARACAVAL; EXCISION: - THREE BENIGN LYMPH NODES (0/3). Gross Description: 1). The specimen is received fresh for frozen section, labeled. ""Right kidney"". It consists of a kidney, partially surrounded by. yellow-tan, lobulated, perinephritic fatty tissue. The specimen. weighs 420 grams and measures 12.0 x 7.0 X 5.0 cm. The kidney. has a portion of ureter attached, measuring 7.5 cm in length and. 0.4 cm in diameter. The ureter is probed, opened and shows a. light tan, smooth and shiny inner surface. The kidney shows a. smooth, shiny capsule. The specimen is bivalved. Approximately. 0. cm close to the capsule in the center, attached to but not. extending to the pelvis, there is a well-circumscribed, pink-dark. red homogeneous, soft tumor mass, measuring 5.0 x 5.2 X 4.3 cm. Approximately 1.3 cm from the capsule in the lower pole of the. kidney is an oval cystic mass with a smooth surface, measuring. 1.0 X 0.8 X 0.1 cm, containing dark brown fluid. The renal vein. and artery are also probed and opened, showing a light tan,. smooth and shiny inner surface. The rest of the kidney. parenchyma is grossly unremarkable. Representative sections are. submitted. Tissue is sent for. A photograph is taken. Summary of Sections: FSC - Frozen section control. UM. - Ureteral margin. VM. - Vascular margin. PLN - Possible lymph nodes. HF - Perihilar fat with kidney structure. CT. - Relation tumor with kidney capsule. P. - Pelvis with attached tumor. C. - Representative section of cystic mass. T. - Tumor. RS - Representative sections of normal kidney. 2). The specimen is received in formalin, labeled ""Paracaval. lymph nodes"". It consists of multiple irregular pieces of. yellow-tan fibroadipose tissue, possibly containing lymph nodes,. measuring 2.2 X 1.4 X 0.8 cm in aggregate. The specimen is. submitted entirely. Summary of Sections: LN - Lymph nodes. Histo Stain Results/Comments: Stain/Procedure Name. Comment. CK7. CD10. IMMUNO RECUT. NEGATIVE CONTROL. CK7. CK7. NEGATIVE CONTROL. IMMUNO RECUT. CK7. NEGATIVE CONTROL. CK7. CD10. IMMUNO RECUT. NEGATIVE CONTROL. Summary of Sections: Part. Sect. SiteBlocks. Pieces. All. 1. C. 2. 2. N. CT. 1. 1. FSC. 1. 1. HF. 2. 2. P. 2. 2. PLN. 2. M. RS. 1. 1. T. 2. 2. UM. 1. 1. VM. 1. M. 2. LN. 2. M. Y. Intraoperative Consultation: Note: The diagnoses given in this section pertain only to the. tissue sample examined at the time of the. intraoperative consultation. 1). FROZEN SECTION DIAGNOSIS: RENAL CORTICAL NEOPLASM. FAVOR. CHROMOPHOBE RENAL CELL CARCINOMA. CASE DISCUSSED WITH DR. PERMANENT DIAGNOSIS: SAME.","To determine the N stage for Kidney Chromophobe cancer following the AJCC Cancer Staging Manual (7th edition), we need to consider the involvement of regional lymph nodes. The pathology report provides information about the examination of paracaval lymph nodes (PCN). The report states: '2). LYMPH NODES, PARACAVAL; EXCISION: - THREE BENIGN LYMPH NODES (0/3)'. This means that three lymph nodes were excised from the paracaval region and none of them had any metastatic carcinoma (0/3). Therefore, based on the information provided in the report, the patient has no regional lymph node metastasis. 

The N stage for Kidney Chromophobe cancer is determined as follows:
NX: Regional lymph nodes cannot be assessed
N0: No regional lymph node metastasis
N1: Metastasis in a single regional lymph node
N2: Metastasis in multiple regional lymph nodes
N3: Metastasis in regional lymph nodes with extranodal extension

In this case, since there is no regional lymph node metastasis, the N stage is N0.",N0
KICH,TCGA-KL-8328,TCGA-KL-8328.aed25fd2-56a8-4b87-8351-82ec4a7ac271,T2b,1.0,N0,0.0,"Clinical Diagnosis & History: Patient with renal mass. Specimens Submitted: 1: SP: Lt. kidney. 2: SP: Para-aortic lymph node. 3: SP: Hilar lymph node. DIAGNOSIS: 1). KIDNEY, LEFT; EXCISION: RENAL CELL CARCINOMA, CHROMOPHOBE TYPE. THE TUMOR GREATEST DIAMETER IS 13.5 CM. THE. TUMOR IS CONFINED WITHIN THE RENAL CAPSULE. NO INVASION OF THE RENAL VEIN IS IDENTIFIED. ALL. SURGICAL MARGINS ARE FREE OF TUMOR. THE NON-NEOPLASTIC KIDNEY SHOWS FIBROSIS AND FOCAL CHRONIC INFLAMMATION. TUMOR EXTENDS. INTO THE RENAL SINUS. TUMOR BULGES INTO THE RENAL PELVIS BUT DOES NOT EXTEND INTO IT. THE. ADRENAL GLAND IS NOT SUBMITTED. TUMOR SHOWS FOCAL NECROSIS AND HYALINZATION. VASCULAR. INVASION PRESENT WITHIN THE RENAL SINUS. 2). LYMPH NODE, PARA-AORTIC; EXCISION: - ONE BENIGN LYMPH NODE (0/1). 3). LYMPH NODE, HILAR; EXCISION: - THREE BENIGN LYMPH NODES (0/3). IATTEST THAT THE ABOVE DIAGNOSIS IS BASED UPON MY PERSONAL EXAMINATION OF THE SLIDES (AND/OR OTHER MATERIAL), AND THAT I HAVE. REVIEWED AND APPROVED THIS REPORT. Gross Description: 1) The specimen is received fresh for frozen section and is labeled ""Left kidney"". It consists of a kidney, with perinephric fat,. portion of ureter and hilar vessels. The adrenal gland not present. The overall dimensions of the specimen are 26 x 15 x 8.5 cm. The kidney weighs 1542 grams. The renal capsule strips off easily. The kidney measures 18 x 6.5 x 6.4 cm. Within the. parenchyma of the kidney there is a yellow-tan mass measuring 13.5 in greatest dimension. The tumor appears to extend into. the. perirenal fat. The remainder of the renal parenchyma exhibits no abnormalities. The renal pelvis appears involve by tumor. The renal sinus appears involve by tumor. The renal vein appears uninvolved by tumor. The perirenal fat is unremarkable. The segment of ureter measures 4.2 cm in Length and is unremarkable. Representative sections are submitted. Summary of sections: FSC - frozen section control. T-tumor. TN-tumor and normal. TC-tumor and capsule. NK-normal kidney. RP-renal pelvis. UM-ureteral margin. VM-vascular margin. 2). The specimen is received in formalin, labeled ""Para-aortic lymph node"". It consists of fibrofatty tissue fragments. Entirely submitted. Summary of Sections: U - undesignated. 3). The specimen is received in formalin, labeled ""Hilar lymph node"". It consists of a single lymph node embedded in. adipose tissue measuring 1 cm in greatest dimension. Entirely submitted. Summary of sections: U - undesignated. Summary of Sections. Part 1: SP: Lt. kidney. Block. Sect. Site. PCs. 1. FSC. 1. 1. NK. 1. 2. RP. 2. 5. T. 5. 1. TC. 1. 3. TN. 3. 1. UM. 1. 1. VM. 1. Part 2: SP: Para-aortic lymph node. Block. Sect. Site. PCs. 1. U. 1. Part 3: SP: Hilar lymph node. Block. Sect. Site. PCs. 1. U. 1. Intraoperative Consultation: Note: The diagnoses given in this section pertain only to the tissue sample examined at the time of the intraoperative. consultation. 1). FROZEN SECTION DIAGNOSIS: RENAL CORTICAL CARCINOMA (VER). PERMANENT DIAGNOSIS: SAME.","1. The pathology report states that two sets of lymph nodes were excised: para-aortic and hilar. Both of these sets of lymph nodes were examined and found to be benign (0/1 and 0/3, meaning no cancer was found in any of the examined lymph nodes).
2. According to the AJCC Cancer Staging Manual (7th edition), the N stage for kidney cancer is determined by the presence or absence of cancer in regional lymph nodes.
3. In this case, there is no cancer found in the regional lymph nodes (para-aortic and hilar). Therefore, the N stage for this patient is N0.
",N0
KICH,TCGA-KL-8329,TCGA-KL-8329.86e6cf70-83ee-4701-8f54-52a56ba8c83e,T1b,0.0,N0,0.0,"Clinical Diagnosis & History: Left renal mass. Specimens Submitted: 1: SP: Left kidney and adrenal gland. 2: SP: Para-aortic lymph nodes. DIAGNOSIS: 1). KIDNEY AND ADRENAL GLAND, LEFT; EXCISION: - RENAL CELL CARCINOMA, CHROMOPHOBE CELL TYPE. - THE TUMOR'S GREATEST DIAMETER IS 5.2 CM. - THE TUMOR IS CONFINED WITHIN THE RENAL CAPSULE. - NO INVASION OF THE RENAL VEIN IS IDENTIFIED. - ALL SURGICAL MARGINS ARE FREE OF TUMOR. - THE NON-NEOPLASTIC KIDNEY SHOWS CHRONIC INTERSTITIAL NEPHRITIS. - THE ADRENAL GLAND IS UNREMARKABLE. 2). LYMPH NODE, PARA-AORTIC; EXCISION: - ONE BENIGN LYMPH NODE (0/1). IATTEST THAT THE ABOVE DIAGNOSIS IS BASED UPON MY DERSONAL or. AT I HAVE. REVIEWED AND APPROVED THIS REPORT. 1). The specimen is received fresh and is labeled left kidney and adrenal gland. It consists of a kidney, with perinephric fat, portion of ureter and hilar vessels. The adrenal gland is present. The overall dimensions of the specimen are 18x 10 x 5.5cm. The kidney weighs 495 grams. The renal capsule strips easily. The kidney measures 15x 6x4.5cm. Within the upper pole of the kidney there is a yellow tan necrotic mass measuring. 5.2 in greatest dimension. The tumor appears to be near the perirenal fat. The remainder of the renal parenchyma exhibits no lesion. The renal pelvis appears not to be involve by tumor. The renal sinus appears not to be involve by tumor. The renal vein appears not to be involve by tumor. The perirenal fat is not involved. The adrenal gland measures 4.2 x 2.6 x 2.0cm and is unremarakable. The segment of ureter measures 8 cm in length and is unremarkable. Representative sections are submitted. Summary of sections: T-tumor. TN-tumor and normal. TC-tumor and capsule. NK-normal kidney. RP-renal pelvis. UM-ureteral margin. U-random ureter. VM-vascular margin. AG adrenal gland. 2). The specimen is received in formalin, labeled ""Para-aortic lymph nodes"". It consists of a single piece of fatty tissue. measuring 3x 1.5x0.5 cm. Entirely submitted for all of the possible lymph nodes. Summary of sections: U - undesignated. Summary of Sections: Part 1: SP: Left kidney and adrenal gland. Block. Sect. Site. PCs. 1. AG. 0. 3. NK. 0. 1. RP. 0. 5. T. 0. 2. TC. 0. 3. TN. 0. 1. UM. 0. 1. VM. 0. Part 2: SP: Para-aortic lymph nodes. Block. Sect. Site. PCs. 2. U. 2.","The N stage for kidney cancer in the 7th edition of the AJCC Cancer Staging Manual is determined by the presence and number of metastases to regional lymph nodes. In this case, the pathology report provides information on the examination of para-aortic lymph nodes, which are considered regional lymph nodes for kidney cancer. 

1. The report states that one benign lymph node was found in the para-aortic location (0/1). This means that out of the one lymph node examined, no metastases were identified. 

2. According to the AJCC Cancer Staging Manual (7th edition), the N stage for kidney cancer is assigned as follows: 
   - N0: No regional lymph node metastasis 
   - N1: Metastasis in a single regional lymph node 
   - N2: Metastasis in multiple regional lymph nodes 
   - N3: Metastasis in regional lymph nodes beyond the renal hilum 

3. In this case, since only one lymph node was examined and no metastases were found, the N stage is N0.",N0
KICH,TCGA-KL-8330,TCGA-KL-8330.1e3df59f-dd7c-4718-be8b-ce7c0adce23c,T2b,1.0,N0,0.0,"Clinical Diagnosis & History: vith right renal mass. Specimens Submitted: 1: SP: Right kidney & adrenal gland. 2: SP: Right paracaval nodes. DIAGNOSIS: 1). KIDNEY AND ADRENAL GLAND, RIGHT; RADICAL NEPHRECTOMY: - RENAL CELL CARCINOMA, CHROMOPHOBE TYPE. - THE TUMOR GREATEST DIAMETER IS 18 CM. - THE TUMOR IS CONFINED WITHIN THE RENAL CAPSULE. - NO INVASION OF THE RENAL VEIN IS IDENTIFIED. - ALL SURGICAL MARGINS ARE FREE OF TUMOR. - THE NON-NEOPLASTIC KIDNEY IS UNREMARKABLE. - THE ADRENAL GLAND IS UNREMARKABLE. 2). LYMPH NODES, RIGHT PARACAVAL; EXCISION: - EIGHT BENIGN LYMPH NODES (0/8). IATTEST THAT THE ABOVE DIAGNOSIS IS BASED UPON MY PERSONAL EXAMINATION OF THE SLIDES (AND/OR OTHER MATERIAL), AND THAT I HAVE. REVIEWED AND APPROVED THIS REPORT. Special Studies: Special Stain. Comment. RECUT. RECUT. RECUT. 1). The specimen is received fresh, labeled ""Right Kidney and Adrenal Gland"". It consists of a kidney, adrenal gland and. tumor. The specimen measures 19 cm (superior-inferior) x 14.5 cm (anterior-posterior) x 17.2 cm (lateral). The specimen weighs. 1,800 grams. The adrenal gland is disrupted and measures 8.7 x 3.1 x 0.7 cm. The ureter measures 6.5 x 0.6 x 0.4 cm. The. tumor measures 18 x 15 X 13.5 cm. The adrenal gland appears to be uninvolved by tumor. On the cross section, tumor has a. centrally located scar and appears to be light mahogany in color. There are some areas of hemorrhagic. The tumor arises from. the superior pole of the kidney and appears to be well-demarcated. The kidney measures 9.5 x 7.5 x 6 cm. Gross photographs. and. are taken. The tumor does not involve the kidney pelvis and it has a thin, fibrous membrane around it. The tumor is. very friable. Representative sections are submitted. Summary of Sections: MA - ureteral vascular margins and representative sections of adrenal gland. C - section of tumor with capsule. K - section of uninvolved kidney. P - section of kidney pelvic. T - sections of the tumor. 2). The specimen is received in formalin, labeled ""Right Paracaval Nodes"". It consists of a 4.0 x 2.5 x 1.5 cm aggreate of. fibrofatty tissue fragments with multiple lymph nodes dissected ranging from 0.9 to 2.8 cm in greatest dimension. The largest two. lymph nodes are bisected and each is submitted in a separate cassette. The remainder of the lymph nodes are entirely submitted. Summary of Sections: BLN1 - first bisected lymph node. BLN2 - second bisected lymph node. LN - remainder of the lymph nodes. Summary of Sections: Part 1: SP: Right kidney & adrenal gland. Block. Sect. Site. PCs. 1. C. 1. 1. K. 1. 1. MA. 4. 1. P. 1. 7. T. 7. Part 2: SP: Right paracaval nodes. Block. Sect. Site. PCs. 1. BLN1. 2. 1. BLN2. 2. 2. LN. 4.","The N stage for kidney cancer in the 7th edition of the AJCC Cancer Staging Manual is determined by the presence and extent of cancer metastasis to regional lymph nodes. The N stage is assigned as follows: 
N0: No regional lymph node metastasis. 
N1: Metastasis in a single regional lymph node. 
N2: Metastasis in multiple regional lymph nodes. 
N3: Metastasis in regional lymph nodes beyond the renal hilum.

In this case, the pathology report provides information about the right paracaval nodes, which are a regional lymph node group for kidney cancer. The report states that eight benign lymph nodes were excised and examined, and no evidence of metastasis was found (0/8). Therefore, based on the information provided, the patient has no regional lymph node metastasis, and the N stage is:

N0",N0
KICH,TCGA-KL-8331,TCGA-KL-8331.13b03f3f-1ca6-49c2-b6a6-d935e98446bc,T2,1.0,N0,0.0,"Clinical Diagnosis & History: female with right renal mass. For right radical nephrectomy. Specimens Submitted: 1: SP: Right kidney. 2: SP: Paracaval lymph node. 3: SP: Right adrenal. DIAGNOSIS: 1). KIDNEY, RIGHT; RADICAL NEPHRECTOMY: - RENAL CELL CARCINOMA, CHROMOPHOBE TYPE. - THE PATTERN OF GROWTH IS ACINAR AND SOLID. - THE TUMOR GREATEST DIAMETER IS 10.0 CM. - THE TUMOR EXTENDS INTO THE RENAL PELVIS. - NO INVASION OF THE RENAL VEIN IS IDENTIFIED. - ALL SURGICAL MARGINS ARE FREE OF TUMOR. - THE NON-NEOPLASTIC KIDNEY SHOWS FOCAL GLOMERULOSCLEROSIS. 2). LYMPH NODE, PARACAVAL; BIOPSY: - FIFTEEN BENIGN LYMPH NODES (0/15). 3). ADRENAL GLAND, RIGHT; RESECTION: - ADRENOCORTICAL ADENOMA, MEASURING 0.9 X 0.8 X 0.7 CM. IATTEST THAT THE ABOVE DIAGNOSIS IS BASED UPON MY PERSONAL EXAMINATION OF THE SLIDES (AND/OR OTHER MATERIAL), AND THAT I HAVE. REVIEWED AND APPROVED THIS REPORT. Special Studies: Special Stain. Comment. A103. INH. CD10. RCC. NEG CONT. IMM RECUT. 1). The specimen is received fresh, labeled ""Right Kidney"". It consists of a kidney with attached perinephric fat, weighing. 510 grams and measuring 13 x 10 x 7.5 cm. A portion of ureter is identified measuring 6 cm in length x 0.3 cm in diameter. The. ureter is serially sectioned revealing a grossly unremarkable cut surface. Vessels are identified on the hilum, ranging in size from. 0.5 to 0.7 cm in length with a diameter measuring 0.2 cm. The kidney is partially covered by a thick portion of perinephric fat. which measures 15 x 6 x 0.7 cm. The kidney is bisected revealing a large, yellow-tan, focally hemorrhagic, partially necrotic,. variegated tumor mass located predominantly on the upper two-thirds of the kidney, involving the renal cortex, medulla and pelvis,. entirely measuring 10 x 9.5 x 9 cm. The tumor appears grossly to be confined within the renal capsule. The tumor is serially. sectioned, revealing a yellow-tan to red-gray, hemorrhagic and friable cut surface. On the center of the tumor is a more. well-circumscribed, markedly hemorrhagic area measuring 4 x 4 x 2 cm. A small portion of residual normal renal parenchyma. is. identified. Photographs are taken. Representative sections are submitted. A section from the tumor is submitted for TPS and. EM. Summary of Sections: UM - ureter margin. RV - renal vessel. PF - perinephric fat. NK - normal kidney. PEL - pelvis. T - tumor. AG - additional perinephric fat. HAT - hemorrhagic area of the tumor. 2). The specimen is received in formalin, labeled ""Paracaval Lymph Node"". It consists of multiple irregular fragments. of. yellow-tan, lobulated adipose tissue measuring in aggregate 5.5 x 3 X 2 cm. Twelve lymph nodes are identified, ranging in size. from 0.3 to 1.7 cm. The entire lymph nodes are submitted. The two largest lymph nodes are bisected and placed in the first two. cassettes. Summary of Sections: PCN - paracaval lymph nodes (2pcn2-bisected large lymph node and one smaller lymph node). 3). The specimen is received in formalin, labeled ""Right Adrenal"". It consists of an adrenal gland with one edge closed by. multiple staples, entirely measuring 5.5 x 2.5 x 1.8 cm. The resection margin is inked black. The specimen is serially sectioned. revealing a well-circumscribed, tan-yellow, soft nodule measuring 0.9 x 0.8 x 0.7 cm. The rest of the adrenal gland appears. grossly unremarkable. The specimen is entirely submitted. Summary of Sections: ADG - adrenal gland. SM - stapled margin. Summary of Sections: Part 1: SP: Right kidney (am). Block. Sect. Site. PCs. 2. AG. 3. 3. HAT. 4. 2. NK. 4. 2. PEL. 4. 2. PF. 3. 1. RV. 4. 6. T. 7. 1. UM. 1. Part 2: SP: Paracaval lymph node (pjm). Block. Sect. Site. PCs.","The N stage for kidney cancer in the 7th edition of the AJCC Cancer Staging Manual is determined by the presence and extent of cancer metastasis to regional lymph nodes. The pathology report indicates that the patient had a right radical nephrectomy, and the kidney, paracaval lymph node, and right adrenal gland were submitted for examination. The report also states that the paracaval lymph node contained fifteen benign lymph nodes (0/15). This means that there is no evidence of cancer metastasis to the regional lymph nodes. Therefore, the N stage for this patient is N0.",N0
KICH,TCGA-KL-8332,TCGA-KL-8332.4151b14a-435f-450d-b1df-c27c050ce39c,T1b,0.0,N0,0.0,"Clinical Diagnosis & History: //o male with incidental right renal mass. Specimens Submitted: 1: SP: Right kidney, adrenal gland and hilar lymph node. DIAGNOSIS: 1). KIDNEY AND ADRENAL GLAND, RIGHT RADICAL NEPHRECTOMY: - RENAL CELL CARCINOMA, CHROMOPHOBE CELL TYPE, NUCLEAR GRADE II/I. - THE PATTERN OF GROWTH IS SOLID. - THE TUMOR GREATEST DIAMETER IS 6.8 CM. - THE TUMOR IS CONFINED WITHIN THE RENAL CAPSULE. - ALL SURGICAL MARGINS ARE FREE OF TUMOR. - VASCULAR INVASION IS PRESENT. (SEE NOTE.). - THE NON-NEOPLASTIC KIDNEY IS UNREMARKABLE. - THE ADRENAL GLAND IS UNREMARKABLE. - THE LYMPH NODE STATUS IS AS FOLLOWS (EXPRESSED AS THE NUMBER OFMETASTATIC NODES IN. RELATION TO THE TOTAL NUMBER OF NODES EXAMINED): RENAL HILAR: 0/1. NOTE: A REPRESENTATIVE SLIDE WAS REVIEWED WITH DR. REUTER WHO CONCURS. IATTEST THAT THE ABOVE DIAGNOSIS IS BASED UPON MY PERSONAL EXAMINATION OF THE SLIDES (AND/OR OTHER MATERIAL), AND THAT I HAVE. REVIEWED AND APPROVED THIS REPORT. Gross Description: 1). The specimen is received fresh, labeled ""Right Kidney, Adrenal Gland and Hilar Lymph Node"". It consists of a radical. nephrectomy specimen, including right kidney, adrenal gland and attached perinephric adipose tissue, entirely weighing 550 grams. and measuring 15 x 10 x 5.5 cm. The adrenal gland is identified and it measures 4.5 x 2 X 0.7 cm. It is separated from the renal. parenchyma by 2.5 cm of perinephric adipose tissue. The adrenal gland is serially sectioned and appears grossly unremarkable. The ureter is identified and it measures 2 cm in length x 0.3 cm in diameter. Renal vessels are present and measure from 0.5 to. 0.7 cm in length X 0.3 cm in diameter. The renal vessels and the distal ureter appear grossly unremarkable. Multiple hilar lymph. nodes are identified, ranging in size from 0.3 to 0.5 cm. The kidney is bivalved revealing a well-circumscribed, partially. encapsulated, tan-beige to light yellow mass measuring 6.8 X 6.5 x 3.8 cm located at the upper pole. Serial sectioning of the mass. reveals cystic degeneration with very minimal hemorrhagic and necrotic areas. The cystic component comprises about. 20%. of. the. entire mass and the solid component comprises 80% of the mass. The mass is 0.7 cm from the renal pelvis. The mass appears. to be confined within the renal parenchyma and within the renal capsule. No gross invasion of the vessels or perinephric fat is. identified. The cortical-medullary junction is distinct. The cortical thickness ranges from 0.7 to 1 cm. The uninvolved renal. parenchyma is tan-beige and appears grossly unremarkable. The renal capsule is easily stripped revealing a smooth. renocortical surface. The cortical surface is tan and smooth. Photographs are taken. Representative sections are submitted for. EM and TPS. Representative sections are submitted. Summary of Sections: UM - ureter margin. RV - renal vessels. HLN - hilar lymph nodes. AG - adrenal gland closest to the kidney. RP - renal pelvis closest to the tumor. NK - normal-appearing kidney. T - tumor. PNF - closest perinephric fat. Summary of Sections: Part 1: SP: Right kidney, adrenal gland and hilar lymph node. Block. Sect. Site. PCs. 1. AG. 2. 1. HLN. 2. 2. NK. 2. 2. PNF. 4. 2. RP. 2. 1. RV. 4. 5. T. 5. 1. UM. 1.","1. According to the AJCC Cancer Staging Manual (7th edition), the N stage for renal cell carcinoma is determined by the presence and extent of regional lymph node metastasis. The report indicates that multiple hilar lymph nodes were identified and examined.  

2. The report states that the renal hilar lymph node status is '0/1', meaning that no metastatic nodes were found in the one lymph node examined. 

3. Therefore, based on the information provided in the pathology report, the patient's N stage for Kidney Chromophobe cancer is N0, indicating no regional lymph node metastasis.",N0
KICH,TCGA-KL-8333,TCGA-KL-8333.46b555ed-5abe-4a4d-99ad-f5bb5d46a473,T2,1.0,N0,0.0,"Clinical Diagnosis & History: year old male with left renal mass. Specimens Submitted: 1: KIDNEY AND ADRENAL GLAND, LEFT, TOTAL NEPHRECTOMY, ADRENALECTOMY. DIAGNOSIS: 1. KIDNEY AND ADRENAL GLAND, LEFT, TOTAL NEPHRECTOMY, ADRENALECTOMY: Tumor Type: Renal cell carcinoma - Chromophobe type. Tumor Size: Greatest diameter is 15.5 cm. Local Invasion (for renal cortical types): Not Identified. Renal Vein Invasion: Not identified. Surgical Margins: Free of tumor. Non-Neoplastic Kidney: Unremarkable. Adrenal Gland: Not involved. Lymph Nodes: Free of tumor. Number of nodes examined:5. Staging for renal cell carcinoma/oncocytoma: pT2 Tumor >7.0 cm in greatest dimension limited to the kidney. IATTEST THAT THE ABOVE DIAGNOSIS IS BASED UPON MY PERSONAL EXAMINATION OF THE SLIDES (AND/OR OTHER MATERIAL), AND THAT I HAVE. REVIEWED AND APPROVED THIS REPORT. Gross Description: 1). The specimen is received fresh for frozen, labeled ""Left kidney, adrenal and hilar lymph nodes"". It consists of a grossly. recongnizable kidney whose appearance is markedly altered by a large mass localized to the lower pole. Attached to the upper. pole of the kidney is a portion of fatty tissue investing a grossly recognizable adrenal gland. An attached segment of ureter is. identified at the hilum. The overall measurements of the specimen are 22.0 x 14.0 x 8.5 cm. The specimen weighs altogether. 905 gm. The specimen is bivalved to demonstrate a large corasely lobulated well-circumscribed and possibly encapsulated tumor. with fleshy, homogenously pink-tan cut surface with multiple scattered small cystic areas. The tumor measures 15.5 x 13.0. x. 8.5. cm. The tumor replaces the entire lower pole of the kidney. It appears to be pushing on the renal sinus fat but does not seem to. invade it or extend into the collecting system. No macroscopic vascular invasion is noted. The tumor appears to grossly extend. into the perirenal fat but not through the gerota's fascia. The remainder of the kidney is grossly unremarkable. The adrenal gland. is. dissected off the kidney. It measures 5.3 x 2.6 x 0.9 cm, weighs 7 gm and is grossly unremarkable both from outside and on the. cross-section. The hilar fat is searched for lymph nodes. Several possible lymph nodes are dissected. Samples of tumor and. normal kidney tissue are submitted for. Gross photographs are taken. Representative sections are submitted for frozen. section diagnosis and paraffin blocks. Summary of Sections: FSC - frozen section control. M - margin. TC - tumor to capsule. TK - tumor to kidney. NLK - normal to kidney. AD - adrenal. PLN - probable lymph nodes. Summary of Sections: Part. 1: KIDNEY AND ADRENAL GLAND, LEFT, TOTAL NEPHRECTOMY, ADRENALECTOMY. Block. Sect. Site. PCs. 1. ad. 1. 1. fsc. 1. 1. m. 3. 1. nlk. 1. 2. pln. 4. 4. tc. 6. 5. tk. 5. Intraoperative Consultation: Note: The diagnoses given in this section pertain only to the. tissue sample examined at the time of the intraoperative. consultation. 1). FROZEN SECTION DIAGNOSIS: RENAL CORTICAL TUMOR. FAVOR CHROMOPHOBE RENAL CELL. CARCINOMA. PERMANENT DIAGNOSIS: SAME.","The N stage for kidney cancer in the 7th edition of the AJCC Cancer Staging Manual is determined by the presence and extent of regional lymph node metastasis.

1. Check if lymph nodes were examined: According to the pathology report, five lymph nodes were examined and found to be free of tumor.

2. Assess the number of positive lymph nodes: In this case, none of the examined lymph nodes contained tumor.

3. Evaluate the N stage: Based on the AJCC 7th edition, N stage is determined as follows:
- N0: No regional lymph node metastasis
- N1: Metastasis in a single regional lymph node
- N2: Metastasis in multiple regional lymph nodes
- N3: Metastasis in regional lymph nodes with extranodal extension

Since there is no regional lymph node metastasis, the N stage is N0.
",N0
KICH,TCGA-KL-8334,TCGA-KL-8334.50ac65a3-8395-4da3-b4e5-f4a2df9414b7,T3a,2.0,N0,0.0,"Clinical Diagnosis & History: vear old female with left renal mass. Left radical nephrectomy. Specimens Submitted: 1: Soft tissue, para-aortic dissection superior margin, biopsy. 2: Kidney and para-aortic lymph nodes, left, radical neprhectomy. 3: Rib, portion of ninth, segmental excision. 4: Lymph nodes, interaortacaval, excision. DIAGNOSIS: 1. Soft tissue, para-aortic dissection superior margin, biopsy. Benign fragment of ganglion and nerve. 2. Kidney and para-aortic lymph nodes, left, radical neprhectomy. Tumor Type: Renal cell carcinoma - Chromophobe type. Tumor Size: Greatest diameter is 17.5 cm. Local Invasion (for renal cortical types): Extends through renal capsule but confined within Gerota's fascia. Renal Vein Invasion: Not identified. Surgical Margins: Free of tumor. Non-Neoplastic Kidney: Unremarkable. Adrenal Gland: Not involved. Lymph Nodes: Free of tumor. Number of nodes examined:2. Staging for renal cell carcinoma/oncocytoma: pT3 Tumor extends into major veins or invades the adrenal gland or perinephric tissues, but not beyond Gerota's. fascia. 3. Rib, portion of ninth, segmental excision. Benign bone and bone marrow elements. 4. Lymph nodes, interaortacaval, excision. Lymph Nodes: Not involved. Number of nodes examined:4. IATTEST THAT THE ABOVE DIAGNOSIS IS BASED UPON MY PERSONAL EXAMINATION OF THE SLIDES (AND/OR OTHER MATERIAL), AND THAT I HAVE. REVIEWED AND APPROVED THIS REPORT. Special Studies: Special Stain. Comment. RECUT. Gross Description: 1) The specimen is received fresh for frozen section consultation, labeled, ""Para-aortic dissection superior margin"", and consists. of a piece of cylindrical soft tissue measuring 1.1 x 0.3 x 0.3 cm. It contains multiple metal clips. Cut section shows rubbery. red-tan appearance. The specimen is entirely frozen. Summary of sections: FSC - frozen section control. 2). The specimen is received fresh, labeled, ""Left kidney and para-aortic lymph nodes"". It consists of a kidney. with. surrounding perirenal adipose tissue and adrenal gland weighing 1900g and measuring 21.0 x 17.0 x 7.0 cm. The specimen is. bivalved revealing a large yellow-red mass with focal areas of fibrosis measuring 17.5 x 17.0 x 7.0 cm. It occupies. a. predominance of the kidney with only a small portion of uninvolved renal parenchyma present which measures 4.5 x 4.5 cm. in. maximal dimensions. Serial sectioning of the mass reveals it to extend through the renal capsule but the mass appears still. encapsulated itself. The tumor is serially sectioned revealing focal areas of yellow discoloration grossly consistent with. calcifications. The perirenal and peritumoral adipose tissue is serially sectioned revealing a V-shaped adrenal gland with. hemorrhage measuring 4.5 x 2.5 x 0.6 cm. The adrenal gland appears grossly free of tumor. The specimen includes a portion of. adipose tissue containing multiple red-tan lymph nodes ranging from 0.5 to 2.8 cm in greatest dimension. The 2.8 cm and 1.2 cm. lymph node are both bisected. All identified lymph nodes are submitted for histologic evaluation. Representative portions of the. tumor are submitted fo. Representative portions of the specimen are submitted for histologic evaluation. Summary of Sections: HM - vascular hilar margins. KID - kidney without tumor. AD - adrenal gland. BLN - single bisected lymph node cassettes 14 and 15. LNS - additional lymph nodes. BLN - single bisected lymph node cassette 17. T - tumor. 3). The specimen is received fresh, labeled, ""Portion of ninth rib"". It consists of a curvilinear fragment of rib measuring 15.0. cm in length x 1.0 cm in maximal diameter. The specimen is serially sectioned revealing essentially unremarkable rib. Representative sections of the specimen are submitted, pending decalcification. Summary of Sections: RIB - ninth rib. 4). The specimen is received in formalin, labeled, ""Interaortacaval lymph nodes"". It consists of an irregularly shaped. fragment of red-tan soft tissue and lymphoid tissue measuring 2.8 x 1.9x0.5 cm. The specimen is serially sectioned revealing. multiple lymph nodes ranging from 0.6 to 1.0 cm in greatest dimension. The specimen is entirely submitted. Summary of Sections: LNS - lymph nodes. Summary of Sections: Part. 1: Soft tissue, para-aortic dissection superior margin, biopsy. Block. Sect. Site. PCs. 1. fsc. 1. Part 2: Kidney and para-aortic lymph nodes, left, radical neprhectomy. Block. Sect. Site. PCs. 1. AD. 1. 3. BLN. 3. 1. HM. 1. 1. KID. 1. 1. LNS. 1. 10. T. 10. Part 3: Rib, portion of ninth, segmental excision. Block. Sect. Site. PCs. 1. RIB. 1. Part 4: Lymph nodes, interaortacaval, excision. Block. Sect. Site. PCs. 2. LNS. 2. Intraoperative Consultation: Note: The diagnoses given in this section pertain only to the. tissue sample examined at the time of the intraoperative. consultation. 1). FROZEN SECTION DIAGNOSIS: BENIGN NERVE AND GANGLION. PERMANENT DIAGNOSIS: SAME.","The N stage for renal cell carcinoma is determined by the presence and extent of cancer spread to nearby lymph nodes. According to the AJCC Cancer Staging Manual (7th edition), N stage categories are defined as follows: 
N0: No regional lymph node metastasis 
N1: Metastasis in a single regional lymph node 
N2: Metastasis in multiple regional lymph nodes 
N3: Metastasis in regional lymph node(s) with extranodal extension 

In this pathology report, the following findings are relevant to determining the N stage:
- Para-aortic lymph nodes, left, radical nephrectomy: Number of nodes examined = 2, and all are free of tumor.
- Interaortacaval lymph nodes, excision: Number of nodes examined = 4, and all are free of tumor.

Since there is no evidence of regional lymph node metastasis, the N stage for this patient is:
N0",N0
KICH,TCGA-KL-8335,TCGA-KL-8335.c0288dc5-8075-4d1c-a0d4-25c8a72eeaf4,T3a,2.0,N0,0.0,"Clinical Diagnosis & History: 13.6 cm left renal mass. Radical nephrectomy specimen. Specimens Submitted: 1: SP: Kidney, adrenal gland and enbloc lymph node dissection, left, radical nephrectomy. 2: SP: Lymph node, para-aortic, excision. DIAGNOSIS: 1. SP: Kidney, adrenal gland and enbloc lymph node dissection, left, radical nephrectomy. Tumor Type: Renal cell carcinoma - Chromophobe type. Fuhrman Nuclear Grade: N/A. Tumor Size: Greatest diameter is 13.0 cm. The tumor is associated with extensive necrosis. Local Invasion (for renal cortical types): Extends through renal capsule but confined within Gerota's fascia. Involves renal sinus fat. Renal Vein Invasion: Not identified. Vascular invasion of small to medium sized vessels is present. Surgical Margins: Free of tumor. Unremarkable ureter. Non-Neoplastic Kidney: Unremarkable. Adrenal Gland: Not involved. The tumor approaches but does not invade the adrenal gland. Lymph Nodes: Not identified. Staging for renal cell carcinoma/oncocytoma: pT3a Tumor invades the adrenal gland or perinephric tissues but not beyond Gerota's fascia. 2. SP: Lymph node, para-aortic, excision. Lymph Nodes: Not involved. Number of nodes examined: 8. IATTEST THAT THE ABOVE DIAGNOSIS IS BASED UPON MY PERSONAL EXAMINATION OF THE SLIDES (AND/OR OTHER MATERIAL), AND THAT I HAVE. REVIEWED AND APPROVED THIS REPORT. Gross Description: 1). The specimen is received fresh, labeled ""Left kidney, adrenal gland and en bloc lymph node dissection"". It consists of a. radical nephrectomy specimen composed of kidney and perirenal fat measuring 30.0 x 12.0 x 10.0 cm and weighing 2252 gm. After bivalving the specimen a kidney measuring 21.0 x 11.0 x 8.8 cm reveals at the upper pole a 13.0 x 12.0 x 10.0 cm partially. necrotic yellow-tan centrally scarred tumor. The tumor appears to be well-encapsulated but pushes into the perirenal fat. Gross. no evidence of capsule breakthrough is noted. Tumor appears to also deform and abut the calyceal pelvic system with no. breakthrough. Serial sectioning of the tumor reveals a hemorrhagic multiple variegated yellow-tan and red tumor with a central. area of scarring. Sectioning through the hilar fat reveals multiple lymph nodes. A 14.3 x 0.5 cm attached ureter is identified. which probe patent and negative for lesions. The ureteral margin is shaved and submitted together with the vacular margins. which. appear also grossly negative. Sectioning through the perirenal fat reveals a 3.8 x 2.8 x 1.2 cm adrenal gland which abuts. the superior surface of the tumor. The tumor appears not to invade the adrenal gland. Gross photographs are taken and TPS is. taken. Summary of Sections: MAR - vascular and ureteral margins. LN - lymph nodes of renal hilum. TNCP - tumor with renal capsule. TMSIN - tumor with renal sinus. TM - tumor. TMPL - tumor and pelvis. ADR - adrenal gland with tumor abutting. NK - normal kidney. TMKI - tumor with adjacent normal kidney. 2). The specimen is received in formalin labeled, ""Paraaortic lymph node"", and consists of five possible lymph nodes measuring. 4.5 x 3 x 1.6 cm in aggregate. Lymph nodes are entirely submitted. Summary of sections: TLN- trisected lymph node. BLN-bisected lymph node. LN-whole lymph nodes. Summary of Sections: Part 1: SP: Kidney, adrenal gland and enbloc lymph node dissection, left, radical nephrectomy (tl). Block. Sect. Site. PCs. 4. adr. 4. 8. In. 8. 1. mar. 1. 2. nk. 2. 6. tm. 6. 8. tmcap. 8. 1. tmki. 1. 1. tmpel. 1. 3. tmsin. 3. Part 2: SP: Lymph node, para-aortic, excision. Block. Sect. Site. PCs. 2. bIn. 2. 3. IIn. 3. 1. In. 1.","The N stage for kidney chromophobe cancer is determined by the absence or presence of cancer metastasis in regional lymph nodes. According to the AJCC Cancer Staging Manual (7th edition), the N stage is defined as follows:
N0: No regional lymph node metastasis
N1: Metastasis in a single regional lymph node
N2: Metastasis in multiple regional lymph nodes
N3: Metastasis in regional lymph nodes, with extranodal extension.

In this pathology report, the following information is relevant to determining the N stage:
- Lymph nodes were examined: 8
- Lymph nodes involved: 0

Based on this information, the patient has no evidence of regional lymph node metastasis. Therefore, the N stage is:
N0",N0
KICH,TCGA-KL-8336,TCGA-KL-8336.3ed070a2-cc04-451c-b4a1-546ce3207427,T3b,2.0,N2,2.0,"Clinical Diagnosis & History: y/o female with large right mass disease, for work up of abdominal pain. Imaging suggestive of renal vein tumor thrombus. Specimens Submitted: 1: SP: Kidney, right, radical nephrectomy. 2: SP: Lymph node, paracaval/retrocaval, excision. 3: SP: Adrenal gland, right, adrenalectomy. 4: SP: Lymph node, interaortic-caval/pre-aortic, excision. 5: SP: Lymph node, para-aortic, excision. DIAGNOSIS: 1. SP: Kidney, right, radical nephrectomy. Tumor Type: Renal cell carcinoma - Chromophobe type. with marked epithelial anaplastic features. Tumor Size: Greatest diameter is 12 cm. Local Invasion (for renal cortical types): Tumor extensively replaces the region of the renal sinus/hilum and focally invading the proximal ureteral wall. Renal Vein Invasion: Identified. Multiple other small to medium size vessels in tne renal sinus also show invasion by tumor. Surgical Margins: Free of tumor. Non-Neoplastic Kidney: Unremarkable. Adrenal Gland: Not identified. Lymph Nodes: Not identified. Staging for renal cell carcinoma/oncocytoma: pT3b Tumor grossly extends into the renal vein(s) or vena cava below the diaphragm. 2. SP: Lymph node, paracaval/retrocaval, excision. Lymph Nodes: Number of nodes examined:15. Number of metastatic nodes:3. The largest metastatic node is 0.8cm. Perinodal (extracapsular) extension not identified. 3. SP: Adrenal gland, right, adrenalectomy. Benign adrenal gland. 4. SP: Lymph node, interaortic-caval/pre-aortic, excision. Lymph Nodes: Number of nodes examined:7. Number of metastatic nodes:1. The largest metastatic node is 0.75cm. Perinodal (extracapsular) extension not identified. 5. SP: Lymph node, para-aortic, excision. Lymph Nodes: Not involved. Number of nodes examined: 4. IATTEST THAT THE ABOVE DIAGNOSIS IS BASED UPON MY PERSONAL EXAMINATION OF THE SLIDES (AND/OR OTHER MATERIAL), AND THAT 1 HAVE. REVIEWED AND APPROVED THIS REPORT. Special Studies: Special Stain. Comment. RECUT. RECUT. RECUT. MIB-1 (Ki-67). MIB-1 (Ki-67). IMM RECUT. NEG CONT. IMM RECUT. NEG CONT. Gross Description: 1). The specimen is received fresh, labeled ""right kidney"" and consists of a kidney with attached ureter, renal vessels and. perinephric fat weighing 761 g in total. The kidney measures 15 x 12 x 6 cm. The attached ureter measures 9 cm in length and. 0.5 cm in diameter. The attached renal vein measures 1.2 cm in length and 1.5 cm in diameter. The vein is occluded by a soft. tan mass. The renal ureter margins are grossly unremarkable. An adrenal gland is not identified. The kidney is inked black and. bivalved to reveal a 12.0 x 11.5 x 5.0 cm multi lobular mass, obliterating the entire renal sinus, and abutting the capsule. The cut. surface of the mass is tan yellow with area of hemorrhage and necrosis. Sections through the small remainder of the kidney,. reveal a pink brown parenchyma. The cortex measures 0.7 cm and the calyces appear invaded by the tumor. Representative. sections are submitted for TPS and for permanent sections. Photograph has been taken. Summary of sections: UVM -- ureteral and vessel margins. VT- renal vein and thrombus. T-- tumor. TC- tumor and capsule. TSF tumor with hilar fat. THF -- tumor with sinus fat. TK -- tumor with adjacent kidney. RP -- renal pelvis representative sections. 2). The specimen is received in formalin, labeled ""Paracaval/retrocaval lymph nodes"" and consists of multiple pink tan firm lymph. nodes ranging from 0.5 to 1.5 cm in greatest dimension. Representative sectioning of each lymph nodes are submitted. Summary of sections: LN -- lymph nodes. 3). The specimen is received in formalin labeled, ""Right adrenal gland"" and consists of a resected adrenal gland measuring 2.9 X 1.6 x. 0.6 cm and weighing 9 g after fixation. The specimen is serially sectioned to reveal a yellow tan fish flesh cut surface. Representative. section are submitted. Summary of sections: A- adrenal gland. 4). The specimen is received in formalin, labeled ""Interaortic-caval lymph nodes and pre-aortic lymph nodes"" and consists of. multiple pink tan firm lymph nodes ranging from 0.5 to 2.1 cm in greatest dimension. Representative sectioning of each lymph. node is submitted. Summary of sections: LN -- lymph nodes. 5). The specimen is received in formalin, labeled ""Para-aortic nodes"" and consists of multiple pink tan firm lymph nodes ranging. from 0.3 to 0.5 cm in greatest dimension. Representative sectioning of each lymph node is submitted. Summary of sections: LN -- lymph nodes. Summary of Sections: Part 1: SP: Kidney, right, radical nephrectomy. Block. Sect. Site. PCs. 2. 2. 6. t. 6. 4. tc. 4. 2. thf. 2. 2. tk. 2. 2. tsf. 2. 1. uvm. 1. 1. vt. 1. Part 2: SP: Lymph node, paracaval/retrocaval, excision. Block. Sect. Site. PCs. 9. LN. 10. Part 3: SP: Adrenal gland, right, adrenalectomy. Block. Sect. Site. PCs. 6. A. 6. Part 4: SP: Lymph node, interaortic-caval/pre-aortic, excision. Block. Sect. Site. PCs. 4. LN. 7. Part 5: SP: Lymph node, para-aortic, excision. Block. Sect. Site. PCs. 2. LN. 2.","To determine the N stage for this Kidney Chromophobe cancer, we refer to the AJCC Cancer Staging Manual (7th edition). The N stage is based on the number and location of regional lymph node metastases. Here's the step-by-step reasoning: 

1. We look at the pathology report and find that there are multiple lymph nodes examined from different locations: paracaval/retrocaval (3/15 positive), interaortic-caval/pre-aortic (1/7 positive), and para-aortic (0/4 positive). 

2. N stage is determined by the location with the highest number of positive lymph nodes. In this case, the paracaval/retrocaval location has the highest number of positive lymph nodes (N1). 

3. Since there is at least one positive lymph node in the paracaval/retrocaval location, the N stage is N1. 

4. The N stage for this Kidney Chromophobe cancer is N1.",N1
KICH,TCGA-KL-8337,TCGA-KL-8337.83b8b92e-2989-47c1-9ced-6614f63b8caa,T2,1.0,N0,0.0,"Clinical Diagnosis & History: Rt kidney mass. Specimens Submitted: 1: SP: Kidney, right and perihilar nodesand right liver, radical nephrectomy, liver wedge resection, and lymph node dissection. 2: SP: Lymph node, paracaval, excision. DIAGNOSIS: 1. SP: Kidney, right and perihilar nodesand right liver, radical nephrectomy, liver wedge resection, and lymph node. dissection. Tumor Type: Renal cell carcinoma - Chromophobe type. Tumor Size: Greatest diameter is 10.5 cm. Local Invasion (for renal cortical types): Not Identified. Renal Vein Invasion: Not identified. Surgical Margins: Free of tumor. Non-Neoplastic Kidney: Unremarkable. Adrenal Gland: Not involved. Liver is not involved. Lymph Nodes: Free of tumor. Number of nodes examined:1. Staging for renal cell carcinoma/oncocytoma: pT2 Tumor >7.0 cm in greatest dimension limited to the kidney. 2. SP: Lymph node, paracaval, excision. Lymph Nodes: Not involved. Number of nodes examined:1. IATTEST THAT THE ABOVE DIAGNOSIS IS BASED UPON MY PERSONAL EXAMINATION OF THE SLIDES (AND/OR OTHER MATERIAL), AND THAT I HAVE. REVIEWED AND APPROVED THIS REPORT. Gross Description: 1). The specimen is received fresh labeled ""Right kidney, Perihilar nodes, wedge resection right liver"" and consists of a kidney with. attached ureter, renal vessels, perinephric fat, portion of liver, and adrenal gland. The total post fixation weight of the specimen is. 900 g. The overall dimensions of the specimen are 16.5 x 12 x 10.5 cm. The attached ureter measures 3.5 cm in length and 0.4. cm in diameter. The attached renal vein measures 1.0 cm in length and 0.9 cm in diameter. The renal vessels and ureter margins. are grossly unremarkable. An adrenal gland is identified, measuring 5 x 2.3 x 0.7 cm. On cut section of the adrenal gland, it. shows an unremarkable bright orange cortex measuring up to 0.3 cm in thickness. The segment of liver, which is identified on the. upper pole of the kidney, measures 6.5 x 3.2 x 0.9 cm. The resected margins of the liver are inked blue. The kidney is inked black. and bivalved to reveal a markedly necrotic pink tan tumor measuring 10.5 x 9.5 x 9.5 cm. The tumor extends from the upper pole. to the mid pole of the kidney, and on cut section abuts the black inked surface and is located 0.4 cm the blue inked surface. Further sectioning through the tumor shows a septated cystic appearance, and focal hemorrhagic calcified areas. The tumor. appears to be well-circumscribed, and impinges on but does not show definite involvement of the renal pelvis and collecting ducts,. renal vein, and sinus fat. Sections through the remainder of the kidney reveal a pink brown parenchyma, with a well-defined. corticomedullary junction. The cortex measures 2.5 cm and the calyces appear normal. On complete opening of the ureter, renal. pelvis, and collecting ducts, they show unremarkable white-tan mucosa. A single lymph node is identified in the perinephric fat,. measuring 1.5 x 1.5 cm in greatest dimensions. The specimen is photographed. Representative sections are submitted for TPS. and for permanent sections. Summary of sections: UM - ureteral margin. VM-vessel margins. LN-lymph node, serially sectioned. T-- tumor. TSF -- tumor with sinus fat. TA-tumor and adrenal. TL-tumor and liver. TP-tumor and renal pelvis and collecting ducts. TV-tumor and adjacent renal vein. TC-tumor and black inked surface. TN-tumor and normal kidney. RS-representative sections of uninvolved kidney parenchyma. ADR-representative sections of adrenal gland. 2). The specimen is received in formalin, labeled ""Paracaval lymph nodes"" and consists of a single pink-tan, fatty lymph node. measuring 2.7 x 2 x 1 cm. The lymph node is dissected into four pieces and entirely submitted. Summary of sections: BLN- dissected in four pieces (lymph node). Summary of Sections: Part 1: SP: Kidney, right and perihilar nodesand right liver, radical nephrectomy, liver wedge resection, and lymph. node dissection. Block. Sect. Site. PCs. 1. ADR. 1. 2. In. 2. 1. RS. 1. 3. T. 3. 2. TA. 2. 2. TC. 2. 2. TL. 2. 1. TN. 1. 2. TP. 2. 2. TSF. 2. 2. TV. 2. 1. um. 1. 1. vm. 1. Part 2: SP: Lymph node, paracaval, excision. Block. Sect. Site. PCs. 4. BLN. 4.","1. The patient's pathology report includes two specimens (SP). The first specimen (SP1) is a right kidney with perihilar nodes, liver wedge resection, and lymph node dissection. The tumor is a Chromophobe type Renal Cell Carcinoma with a size of 10.5 cm. The tumor is limited to the kidney (pT2) and there is no local invasion, renal vein invasion, or involvement of the adrenal gland, liver, or surgical margins. One lymph node was examined and was free of tumor. 

2. The second specimen (SP2) is a single paracaval lymph node, which was excised and dissected into four pieces. No tumor was found in the lymph node.

3. Based on the AJCC Cancer Staging Manual (7th edition), the N stage for Kidney Chromophobe cancer is determined by the presence or absence of tumor in regional lymph nodes. In this case, no tumor was found in any of the examined lymph nodes (SP1: 1 node examined, SP2: 1 lymph node examined in 4 pieces).

4. Therefore, the N stage for this patient is N0, indicating no regional lymph node involvement.",N0
KICH,TCGA-KL-8338,TCGA-KL-8338.c7322e2d-4068-49aa-b8e0-d4fd1b2cdba0,T3a,2.0,N0,0.0,"Clinical Diagnosis & History: y/o male with large left renal mass found incidentally. Left radical nephrectomy today. Specimens Submitted: 1: SP: kidney, left, radical nephrectomy. 2: SP: lymph nodes, left periaortic, excision. 3: SP: lymph nodes, left hilar, excision. DIAGNOSIS: 1. SP: kidney, left, radical nephrectomy. Tumor Type: Renal cell carcinoma - Chromophobe type. Tumor Size: Greatest diameter is 12.5 cm. Local Invasion (for renal cortical types): Involves renal sinus fat. Renal Vein Invasion: Not identified. Vessels with muscular wall are involved by tumor in the renal sinus. Surgical Margins: Free of tumor. Non-Neoplastic Kidney: Unremarkable. Adrenal Gland: Not identified. Lymph Nodes: Not identified. Staging for renal cell carcinoma/oncocytoma: pT3a Tumor invades the adrenal gland or perinephric tissues but not beyond Gerota's fascia. 2. SP: lymph nodes, left periaortic, excision. Lymph Nodes: Number of nodes examined:5. Number of metastatic nodes:0. 3. SP: lymph nodes, left hilar, excision. Lymph Nodes: Number of nodes examined:1. Number of metastatic nodes:0. Unremarkable ectopic adrenal tissue. IATTEST THAT THE ABOVE DIAGNOSIS IS BASED UPON MY PERSONAL EXAMINATION OF THE SLIDES (AND/OR OTHER MATERIAL), AND THAT I HAVE. REVIEWED AND APPROVED THIS REPORT. Gross Description: 1). The specimen is received fresh labeled ""left kidney"" and consists of a kidney with attached ureter, renal vessels and perinephric. fat weighing 1100 g in total. The kidney measures 15.0 X 11.0: 7.0 cm. The attached ureter measures 7.0 cm in length and 0.2. cm in diameter. The attached renal vein measures 1.0 cm in length and 0.5 cm in diameter. The renal vessels and ureter margins. are grossly unremarkable. An adrenal gland is not identified. The kidney is inked black and bivalved to reveal a 12.5 X 10.0 X 7.0. cm cortical mass located in the mid portion of the kidney. The cut surface of the mass is tan, hemorrhagic and necrotic. The. mass invades the Gerota's fascia grossly but does not invade the renal pelvis Sections through the remainder of the kidney. reveal a pink brown parenchyma, with a well-defined corticomedullary junction. The cortex measures 0.5 cm and the calyces. appear normal. No lymph nodes identified. Representative sections are submitted for TPS and for permanent sections. Photograph has been taken. Summary of sections: UVM -- ureteral and vessel margins. T-- tumor. THF tumor with hilar fat. TSF -- tumor with sinus fat. TK -- tumor with adjacent kidney. U -- ureter representative sections. K -- representative sections of kidney. TG -tumor with capsule. 2). The specimen is received in formalin, labeled ""left periaortic lymph node"" and consists of multiple pink tan firm lymph nodes. ranging from 0.5 to 2.0 cm in greatest dimension. All identified lymph nodes are submitted. Summary of sections: LN -- lymph nodes. 3). The specimen is received in formalin, labeled ""left hilar lymph node"" and consists of 1.0: x 1.0 X 0.5 cm portion of adipose tissue. No lymph node identified. Entirely submitted. Summary of sections: U- undesignated. Summary of Sections: Part 1: SP: kidney, left, radical nephrectomy. Block. Sect. Site. PCs. 2. k. 2. 7. t. 7. 4. tg. 4. 1. thf. 1. 2. tk. 2. 2. tsf. 2. 1. u. 1. 1. uvm. 1. Part 2: SP: lymph nodes, left periaortic, excision. Block. Sect. Site. PCs. 3. In. 3. Part 3: SP: lymph nodes, left hilar, excision. Block. Sect. Site. PCs. 1. u. 1.","The N stage for kidney cancer in the 7th edition of the AJCC Cancer Staging Manual is based on the number of metastatic lymph nodes. In this case, we are provided with the pathology report of a patient with Kidney Chromophobe cancer who underwent a left radical nephrectomy and lymph node excision. The report includes the examination of left periaortic and left hilar lymph nodes. 

1. We first look at the left periaortic lymph nodes (specimen 2). Five lymph nodes were examined, and none were found to be metastatic (0/5). 

2. Next, we look at the left hilar lymph nodes (specimen 3). Only one lymph node was examined, and it was not metastatic (0/1). 

3. Since there are no metastatic lymph nodes in either the left periaortic or left hilar lymph nodes, the N stage for this patient is N0.",N0
KICH,TCGA-KL-8339,TCGA-KL-8339.73432cd8-3edc-42d2-acd6-09c1e72e81f7,T3a,2.0,N1,1.0,"Clinical Diagnosis & History: y/o male with left renal mass with lymphadenopathy. R/o renal cell cancer. Specimens Submitted: 1: SP: Left kidney and portion of left adrenal, total nephrectomy. 2: SP: Lymph nodes, Para-aortic, excision: 3: SP: Lymph nodes, Pre-aortic, excisions. 4: SP: Lymph nodes, Interaortocaval, excision: 5: SP: Lymph nodes, Suprahilar and portion of left adrenal, excision. 6: SP: Liver, left lobe, biopsy: DIAGNOSIS: 1. SP: Left kidney and portion of left adrenal, total nephrectomy. Tumor Type: Renal cell carcinoma - Chromophobe type. Tumor Size: Greatest diameter is 13.0 cm. Local Invasion (for renal cortical types): Extends through renal capsule but confined within Gerota's fascia. Involves renal hilar fat. Renal Vein invasion: Identified. Surgical Margins: Free of tumor. Non-Neoplastic Kidney: Unremarkable. Adrenal Gland: Not involved. Lymph Nodes: Not identified. Staging for renal cell carcinoma/oncocytoma: pT3b Tumor grossly extends into the renal vein(s) or vena cava below the diaphragm. 2. SP: Lymph nodes, Para-aortic, excision: Lymph Nodes: Not involved. Number of nodes examined: 15. 3. SP: Lymph nodes, Pre-aortic, excisions. Lymph Nodes: Not involved. Number of nodes examined: 12. 4. SP: Lymph nodes, Interaortocaval, excision: Lymph Nodes: Not involved. Number of nodes examined:2. 5. SP: Lymph nodes, Suprahilar and portion of left adrenal, excision. Lymph Nodes: Number of nodes examined:4. Number of metastatic nodes:1. The largest metastatic node is 1.3cm. Perinodal (extracapsular) extension not identified. Unremarkable adrenal gland. 6. Liver, left lobe, biopsy: - Metastatic renal cell carcinoma, chromophobe type, involving liver parenchyma. IATTEST THAT THE ABOVE DIAGNOSIS IS BASED UPON MY PERSONAL EXAMINATION OF THE SLIDES (AND/OR OTHER MATERIAL), AND THAT I HAVE. REVIEWED AND APPROVED THIS REPORT. Special Studies: Special Stain. Comment. MIB-1 (Ki-67). IMM RECUT. NEG CONT. RECUT. RECUT. RECUT. RECUT. RECUT. RECUT. RECUT. RECUT. RECUT. RECUT. Gross Description: 1) The specimen is received fresh labeled ""left kidney and portion of left adrenal"" and consists of a kidney with attached ureter,. renal vessels and perinephric fat weighing 1258 g in total. The kidney measures 13x12x10 cm. The attached ureter measures. 1.0 cm in length and0.5 cm in diameter. The attached renal vein measures 1.0 cm in length and 1.0 cm in diameter. The renal. vessels and ureter margins are grossly unremarkable. An adrenal gland is identified, measuring 4.0x1.0x1.0 cm. The kidney is. inked black and bivalved to reveal a large necrotic mass, completely replacing the entire kidney with rim normal renal parenchyma. in the hilar area and measuring 13x12x10cm. Tumor thrombus is identified in the renal vein, but the margin is free of tumor. The. renal cortex measures 0.5 cm in thickness and the calyces appear involved by the tumor. The specimen is photographed. Representative sections are submitted for. and for permanent sections. Summary of sections: UVM -- ureteral and vessel margins. T-- tumor. TH-tumor in the hilar area. TK -- tumor with adjacent kidney. Thr-tumor thrombus. K -- representative sections kidney. AD -- adrenal gland. HF-hilar fat. 2). The specimen is received in formalin, labeled ""Para-aortic nodes"" and consists of multiple pink tan firm lymph nodes ranging. from 0.6 to 3 cm in greatest dimension. All identified lymph nodes are submitted. Summary of sections: LN -- lymph nodes. BLN-- bisected lymph nodes. 3). The specimen is received in formalin, labeled ""Pre-aortic nodes"" and consists of multiple pink tan firm lymph nodes ranging. from 0.6 to 2.6 cm in greatest dimension. All identified lymph nodes are submitted. Summary of sections: LN -- lymph nodes. BLN-- bisected lymph nodes. 4). The specimen is received in formalin, labeled ""Interaortocaval lymph node"" and consists of two pink tan firm lymph nodes. measuring from 0.8 and 2.5 cm in greatest dimension. All identified lymph nodes are submitted. Summary of sections: LN -- lymph nodes. BLN- bisected lymph node. 5). The specimen is received in formalin, labeled ""Suprahilar nodes and portion of left adrenal"" and consists of a piece of brown. tan fibrous adipose tissue measuring 6 x 2.7 x 1.3 cm. Multiple pink tan firm lymph nodes are isolated ranging from 1 to 1.6 cm. in greatest dimension. All identified lymph nodes are submitted. A golden yellow portion of adrenal gland is identified measuring. 3.5 x 2.2 x 1 cm. Serial sections of the gland reveal a homogeneous golden yellow parenchyma and is entirely submitted. Summary of sections: LN -- lymph nodes. BLN-- bisected lymph nodes. U- sections from adrenal gland. 6). The specimen is received in formalin, labeled ""Biopsy left lobe of liver"" and consists of a portion of brown-tan firm liver tissue. measuring 1.4 x 0.6 x 0.3 cm. The surgical margin is inked in black and the specimen is bisected and entirely submitted. Summary of sections: U-undesignated. Summary of Sections: Part 1: SP: Left kidney and portion of left adrenal, total nephrectomy. Block. Sect. Site. PCs. 1. ad. 1. 2. hf. 2. 1. k. 1. 7. t. 7. 2. th. 2. 1. thr. 1. 1. tk. 1. 1. uvm. 1. Part 2: SP: Lymph nodes, Para-aortic, excision: Block. Sect. Site. PCs. 4. BLN. 6. 3. LN. 6. Part 3: SP: Lymph nodes, Pre-aortic, excisions. Block. Sect. Site. PCs. 4. BLN. 6. 3. LN. 4. Part 4: SP: Lymph nodes, Interaortocaval, excision. Block. Sect. Site. PCs. 2. BLN. 2. 1. LN. 1. Part 5: SP: Lymph nodes, Suprahilar and portion of left adrenal, excision. Block. Sect. Site. PCs. 2. BLN. 4. 1. LN. 2. 4. U. 4. Part 6: SP: Liver, left lobe, biopsy: Block. Sect. Site. PCs. 1. U. 2.","1. The AJCC Cancer Staging Manual (7th edition) defines the N stage for renal cell carcinoma based on the presence and extent of regional lymph node metastasis.
2. In this case, we have the pathology report of a chromophobe renal cell carcinoma patient with the following lymph node examination results:

 a. Para-aortic lymph nodes: Not involved, 15 nodes examined
 b. Pre-aortic lymph nodes: Not involved, 12 nodes examined
 c. Interaortocaval lymph nodes: Not involved, 2 nodes examined
 d. Suprahilar lymph nodes: One metastatic node (1.3 cm) out of 4 nodes examined

3. Based on the AJCC Cancer Staging Manual (7th edition), the N stage for renal cell carcinoma is determined as follows:

 a. N0: No regional lymph node metastasis
 b. N1: Metastasis in a single regional lymph node
 c. N2: Metastasis in more than one regional lymph node
 d. N3: Metastasis in regional lymph node(s) with a largest dimension >2 cm

4. In this case, there is a single metastatic node (1.3 cm) in the suprahilar lymph nodes. Therefore, the N stage is N1.
",N1
KICH,TCGA-KL-8340,TCGA-KL-8340.30d105d6-26a7-4e14-a7fe-d2c3660d3d13,T2,1.0,N0,0.0,"Clinical Diagnosis & History: Pt with 10 cm right renal mass. Specimens Submitted: 1: Kidney, adrenal, peri-hilar node, right; total nephrectomy. 2: Lymph node, retropeitoneal; excision. DIAGNOSIS: 1. Kidney, adrenal, peri-hilar node, right; total nephrectomy: Tumor Type: Renal cell carcinoma - Chromophobe type. Tumor Size: Greatest diameter is 9.5 cm. Local Invasion (for renal cortical types): Extends into renal pelvis. Renal Vein Invasion: Not identified. Surgical Margins: Free of tumor. Non-Neoplastic Kidney: Unremarkable. Adrenal Gland: Not involved. Lymph Nodes: Free of tumor. Number of nodes examined:2. Staging for renal cell carcinoma/oncocytoma: pT2 Tumor >7.0 cm in greatest dimension limited to the kidney. 2. Lymph node, retropeitoneal; excision: Lymph Nodes: Not involved. Number of nodes examined:13. IATTEST THAT THE ABOVE DIAGNOSIS IS BASED UPON MY PERSONAL EXAMINATION OF THE SLIDES (AND/OR OTHER MATERIAL), AND THAT I HAVE. REVIEWED AND APPROVED THIS REPORT. R. Special Studies: Special Stain. Comment. RECUT. Gross Description: 1). The specimen is received fresh, labeled ""Right kidney, Perihilar node en bloc, and right adrenal"" and consists of a total. nephrectomy specimen with attached perinephric fat, renal vessels, ureter, adrenal gland and perihilar nodes weighing 1098 g post. fixation. The kidney measures 16.3 x 12.5 x 7.9 cm. The attached ureter measures 9.4 cm in length and 0.3 cm in diameter. The adrenal gland measures 5.3 x 1.4 X 1.1 cm. The ureter and vessel margins are identified, and appear pink tan-pink and. grossly uninvolved by tumor. In the area of the hilum, few loosely attached possible lymph nodes are identified ranging in size. from 0.4 to 1.4 cm in greatest dimension. The capsular surface of the kidney is pink-tan and smooth, and appears grossly. uninterrupted. The specimen is bisected to reveal a well-circumscribed pseudoencapsulated red-tan focally hemorrhagic soft. tumor mass measuring 9.5 X 8.9 X 7.8 cm, occupying the superior and mid pole of the kidney. The mass extends to but does not. appear to grossly involve the renal pelvis. On cut section, roughly at the center of the tumor mass, an ill-defined paler white tan. finely granular and slightly indurated area is identified measuring 5.5 x 2.5 cm in greatest dimension with ill-defined areas of focal. hemorrhage also noted. The remainder of the mass is soft tan and focally hemorrhagic with liquefactive necrotic appearing areas. noted. A thin rim of focally hemorrhagic pink-tan a firm possible renal parenchyma is identified partially surrounding the tumor. Sections of theperi-nephric fatty tissue reveal an unremarkable cut surface. The ureter is opened to reveal pink-tan corrugated. mucosa. with no discrete abnormalities grossly noted. The inferior renal sinus is grossly unremarkable. On cut section, the adrenal. gland is grossly unremarkable. At the inferior pole of the kidney, the cortical medullary junction is well delineated with a cortex. measuring up to 1 cm. Further sectioning reveals a 0.8 cm smooth walled cyst at the inferior pole. The remaining renal. parenchyma is pink brown and unremarkable. Representative sections of the specimen are submitted for. for permanent. section, and photographs have been taken. Summary of sections: UM -ureteral margin shaved. VM-vascular margins shaved. HN -possible peri- hilar lymph nodes. RST - representative sections. TWC-tumor with capsule and perinephric fat. NK - normal kidney. NKC-normal kidney with cyst. RP - renal pelvis. A - representative adrenal gland. RS - renal sinus. 2). The specimen is received in formalin, labeled ""retroperitoneal lymph nodes"" and consists of multiple pink tan firm lymph nodes. ranging from 0.4 to 2.5 cm in greatest dimension. All identified lymph nodes are submitted. Summary of sections: LN -- lymph nodes. Summary of Sections: Part 1: Kidney, adrenal, peri-hilar node, right; total nephrectomy. Block. Sect. Site. PCs. 1. a. 1. 1. hn. 1. 1. nk. 1. 1. nkc. 1. 2. rp. 2. 1. rs. 1. 7. rst. 7. 1. twc. 1. 1. um. 1. 1. vm. 1. Part 2: Lymph node, retropeitoneal; excision. Block. Sect. Site. PCs. 4. In. 4.","The N stage for kidney cancer, following the AJCC Cancer Staging Manual (7th edition), is based on the presence and extent of metastasis to regional lymph nodes.  In this case, we have the following information: 13 lymph nodes were examined from the retroperitoneal region and none of them contained tumor.  This indicates that there is no evidence of regional lymph node metastasis.  Therefore, the N stage for this patient is N0.",N0
KICH,TCGA-KL-8341,TCGA-KL-8341.1db5a796-25f1-4a8c-b88c-08b5391ffe1e,T3b,2.0,N2,2.0,"Clinical Diagnosis & History: Left renal mass. Specimens Submitted: 1: SP: Kidney, left and renal vein thrombus, radical nephrectomy. 2: SP: Lymph nodes, para-aortic, excision. 3: SP: Vein, gonadal vein, segmental excision. 4: SP: Adrenal gland, left, excision. DIAGNOSIS: 1. SP: Kidney, left and renal vein thrombus, radical nephrectomy. Tumor Type: Renal cell carcinoma - Chromophobe type. high grade with extensive necrosis (see comment). Tumor Size: Greatest diameter is 12.5 cm. Local Invasion (for renal cortical types): Extends into renal pelvis. Involves renal sinus fat. Involves renal hilar fat. Involves medium-sized veins in region of renal hilum. Renal Vein Invasion: Identified. Surgical Margins: Tumor is present at less than 1 mm from the stapled renal vein resection margin; the urothelium at the ureteral. margin is partially denuded. Non-Neoplastic Kidney: Unremarkable. Adrenal Gland: Not identified. See part 4. Lymph Nodes: Free of tumor. Number of nodes examined:1. Staging for renal cell carcinoma/oncocytoma: pT3b Tumor grossly extends into the renal vein(s) or vena cava below the diaphragm. Comment: Although there is no sarcomatoid differentiation, there is focal significant epithelial anaplasia and a high nuclear. grade. The tumor also demonstrates a high proliferation index evidenced by the Ki-67 immunostain. 2. SP: Lymph nodes, para-aortic, excision. Lymph Nodes: Number of nodes examined:30. Number of metastatic nodes:2. The largest metastatic node is 1.5cm. Perinodal (extracapsular) extension identified. The metastatic focus measures 1.2 cm in greatest extent. 3. SP: Vein, gonadal vein, segmental excision. -Benign segment of vein. 4. SP: Adrenal gland, left, excision. -Benign adrenal gland. Note: This case was reviewed at the GU pathology consensus conference held. IATTEST THAT THE ABOVE DIAGNOSIS IS BASED UPON MY PERSONAL EXAMINATION OF THE SLIDES (AND/OR OTHER MATERIAL), AND THAT I HAVE. REVIEWED AND APPROVED THIS REPORT. Special Studies: Special Stain. Comment. MIB-1 (Ki-67). IRON. MEL (F-M). IMM RECUT. NEG CONT. Gross Description: 1). The specimen is received fresh labeled ""left kidney and renal vein thrombus and consists of a kidney with attached ureter,. renal vessels and perinephric fat weighing 633 g in total. The kidney measures 13.9 x 7.2 x 7.8 cm. The attached ureter. measures 3.5 cm in length and 0.6 cm in diameter. The attached renal vein measures 4.5 cm in length and 3.5 cm in diameter. The ureteral margin is grossly unremarkable. However, immediately adjacent (less than 0.1 cm) to the renal vein staple line is a. large yellowish-brown tumor thrombus measuring 3.5 cm in length and 2.5 cm in diameter. An adrenal gland is not identified. The. kidney is inked black and bivalved to reveal a large necrotic multi-nodular tan-yellow tumor involving the superior and inferior poles,. the renal pelvis and hilum, and the renal vein measuring 12.5 x 7.5 x 6.4 cm. The tumor appears to penetrate the capsule. Sections through the remainder of the kidney reveal a pink brown parenchyma, with a poorly-defined cortico-medullary junction. The. cortex measures 0.9 cm. No lymph nodes are identified in the perinephric fat. Representative sections are submitted for TPS. and for permanent sections. Summary of sections: UVM -- ureteral and vessel margins (renal vein margin after removal of staples). T-- tumor. THF. -- tumor with hilar fat. TSF -- tumor with sinus fat. TC -- tumor with capsule and perinephric fat. TK -- tumor with adjacent kidney. RP -- renal pelvis representative sections. K -- representative sections kidney. 2). The specimen is received in formalin labeled ""Para-aortic lymph nodes"". It consists of multiple lymph nodes ranging from 0.2. x. 0.2 cm up to 2.8 x 2.5 cm in greatest dimensions. Representative sections of the largest lymph nodes are submitted. The. remainder of the lymph nodes are entirely submitted. Summary of sections: LN-whole lymph nodes. BLN-two bisected lymph nodes, one of which is inked black. LN1-lymph node number one. LN2-lymph node number two. LN3-lymph node three. 3). The specimen is received in formalin labeled ""Portion of left gonadal vein"". It consists of a brown tan tubular structure. measuring 5.5 cm in length and 0.5 cm in diameter, with attached yellow-tan fatty tissue measuring up to 1.5 cm in thickness. Cross sections show an unremarkable luminal aspect. Representative sections are submitted. Summary of sections: U-undesignated. 4). The specimen is received in formalin labeled ""Left adrenal gland"". It consists of a 7 X 3 x 2 cm yellow-tan adrenal gland, with. scant attached yellow-tan fatty tissue. The outer surface of the specimen shows a slightly ragged appearance. On cross. sectioning, it shows unremarkable yellow parenchyma. Representative sections are submitted. Summary of sections: U-undesignated. Summary of Sections: Part 1: SP: Kidney, left and renal vein thrombus, radical nephrectomy. Block. Sect. Site. PCs. 1. K. 1. 2. RP. 2. 4. T. 4. 2. TC. 2. 1. THF. 1. 1. TK. 1. 1. TSF. 1. 1. UVM. 1. Part 2: SP: Lymph nodes, para-aortic, excision. Block. Sect. Site. PCs. 3. BLN. 3. 2. LN. 2. 1. LN1. 1. 1. LN2. 1. 1. LN3. 1. Part 3: SP: Vein, gonadal vein, segmental excision. Block. Sect. Site. PCs. 1. U. 1. Part 4: SP: Adrenal gland, left, excision. Block. Sect. Site. PCs. 2. u. 2.","The N stage for kidney cancer in the 7th edition of the AJCC Cancer Staging Manual is based on the number and size of metastatic lymph nodes. In this case, the pathology report provides the following relevant information: 30 lymph nodes were examined, and 2 of them were metastatic. The largest metastatic node measured 1.5 cm in greatest extent, and perinodal (extracapsular) extension was identified. 

Step 1: Determine the number of metastatic lymph nodes. In this case, 2 lymph nodes were metastatic.
Step 2: Determine the size of the largest metastatic lymph node. The largest metastatic node measured 1.5 cm in greatest extent.
Step 3: Check for extracapsular extension. Perinodal (extracapsular) extension was identified.

Based on the 7th edition of the AJCC Cancer Staging Manual, the N stage is determined by the number of metastatic lymph nodes and the presence of extracapsular extension. Since there are 2 metastatic lymph nodes and extracapsular extension is present, the N stage is N1.
",N1
KICH,TCGA-KL-8342,TCGA-KL-8342.ac7b5dcd-a2ba-4bb7-8bd8-d5eb0b9e01e8,T2b,1.0,N0,0.0,"Clinical Diagnosis & History: Left renal mass. Specimens Submitted: 1: SP: KIDNEY AND URETER, LEFT; NEPHRECTOMY. 2: SP: LYMPH NODES, PARA-AORTIC; REGIONAL RESECTION. 3: SP: ADRENAL, LEFT; ADRENALECTOMY. 4: SP: LYMPH NODES, SUPRA-HILAR; REGIONAL RESECTION. DIAGNOSIS: 1. SP: KIDNEY AND URETER, LEFT; NEPHRECTOMY: Tumor Type: Renal cell carcinoma - Chromophobe type. with extensive necrosis and degenerative changes. Tumor Size: Greatest diameter is 14 cm. Local Invasion (for renal cortical types): Extends into renal pelvis. Renal Vein Invasion: Not identified. Surgical Margins: Free of tumor. Non-Neoplastic Kidney: Mild patchy chronic interstitial inflammation. Adrenal Gland: Not identified. See part 3. Lymph Nodes: Not identified. Staging for renal cell carcinoma/oncocytoma: pT2 Tumor >7.0 cm in greatest dimension limited to the kidney. 2. SP: LYMPH NODES, PARA-AORTIC; REGIONAL RESECTION: Lymph Nodes: Not involved. Number of nodes examined:9. 3. ADRENAL, LEFT; ADRENALECTOMY: - Benign adrenal gland. 4. SP: LYMPH NODES, SUPRA-HILAR; REGIONAL RESECTION: Lymph Nodes: Not involved. Number of nodes examined:4. IATTEST THAT THE ABOVE DIAGNOSIS IS BASED UPON MY PERSONAL EXAMINATION OF THE SLIDES (AND/OR OTHER MATERIAL), AND THAT 1 HAVE. REVIEWED AND APPROVED THIS REPORT. Gross Description: 1). The specimen is received fresh labeled ""Left kidney and ureter"" and consists of a kidney with a renal mass, attached ureter,. renal vessels and perinephric fat weighing 1,384 g in total. The kidney and renal mass total 18 x 15.7 x 8.9 cm, with the normal. distinguishable portion of the kidney measuring 15 x 4.5 x 3 cm. The attached ureter measures 10.2 cm in length and 0.4 cm in. diameter, and is opened to reveal a pink-tan grossly unremarkable mucosa. The attached renal vessels appear pink-tan patent. and grossly uninvolved by tumor. No adrenal gland is identified. The renal capsular surface is smooth pink-tan, with ill defined. areas of subcapsular hemorrhage noted. The margin has been inked black. The kidney is bisected to reveal a large circumscribed. tumor with areas of necrosis measuring 14 x 13 x 7.8 cm, which abuts the renal pelvis, and does not appear to grossly involve the. inked perinephric fat. A 1.9 cm bulging red green smooth area is identified protruding through an irregular defect at the mucosal. surface of the renal pelvis. On sectioning, both the renal pelvis and renal sinus appear grossly uninvolved by tumor. Sections. through the remainder of the kidney reveal a pink brown parenchyma, with a well-defined cortico-medullary junction. The cortex. measures 0.7 cm and the calyces appear normal. No lymph nodes are identified in the perinephric fat. Representative sections. are submitted for TPS and for permanent sections. Photographs have been taken. Summary of sections: UVM -- ureteral and vessel margins. RP -- renal pelvis representative sections. RS-representative section renal sinus. RST -representative sections tumor. TK-representative section tumor with adjacent uninvolved kidney. BA - bulging area at renal pelvis. TWF - tumor with capsular surface and perinephric fat. NK-normal kidney. 2). The specimen is received in formalin, labeled ""Para-aortic lymph nodes"" and consists of multiple pink tan firm lymph nodes. ranging from 0.9 to 3.5 cm in greatest dimension. All identified lymph nodes are submitted. Summary of sections: LN -- lymph nodes. BLN- bisected lymph nodes (blocks 6 and 7 =same node, 8 and 9 = same node). 3). The specimen is received in formalin, labeled ""Left adrenal gland"". It consists of an adrenal gland with attached unremarkable. fatty tissue measuring 7.5 X 2.5 X 1.5 cm, and weighs 16.5 grams after fixation. The specimen is inked in black and serially. sectioned to reveal a homogeneous golden bright, yellow firm cut surface. No lymph nodes are identified. Entirely submitted. The. specimen is photographed. Summary of sections: SS-serial sections. 4). The specimen is received in formalin, labeled ""Supra hilar lymph nodes"" and consists of 2 possible firm lymph nodes. measuring 1 and 1.7 cm in greatest dimension. The lymph nodes are entirely submitted. Summary of sections: LN- yymph nodes. Summary of Sections: Part 1: SP: KIDNEY AND URETER, LEFT; NEPHRECTOMY. Block. Sect. Site. PCs. 1. ba. 1. 1. nk. 1. 1. 1. 1. rs. 1. 6. rst. 6. 1. tk. 1. 1. twf. 1. 1. uvm. 1. Part 2: SP: LYMPH NODES, PARA-AORTIC; REGIONAL RESECTION. Block. Sect. Site. PCs. 8. BLN. 16. 1. LN. 3. Part 3: SP: ADRENAL, LEFT; ADRENALECTOMY. Block. Sect. Site. PCs. 10. SS. 13. Part 4: SP: LYMPH NODES, SUPRA-HILAR; REGIONAL RESECTION. Block. Sect. Site. PCs. 1. LN. 2.","The N stage for kidney chromophobe cancer is determined by the absence or presence of cancer metastasis in regional lymph nodes. According to the AJCC Cancer Staging Manual (7th edition), N stage categories for kidney cancer are: 
N0: No regional lymph node metastasis 
N1: Metastasis in a single regional lymph node 
N2: Metastasis in more than one regional lymph node 
N3: Metastasis in a contralateral or in para-aortic or caval lymph node(s)

Based on the pathology report, we can examine the N stage as follows:

1. Examination of the lymph nodes in the perinephric fat did not reveal any lymph nodes. 
2. Para-aortic lymph nodes (9 nodes examined) and supra-hilar lymph nodes (4 nodes examined) were negative for cancer metastasis. 

Since there is no evidence of regional lymph node metastasis, the N stage for this patient is:

N0",N0
KICH,TCGA-KL-8343,TCGA-KL-8343.3a3ecff1-7ee1-475b-8482-aa576affe1ac,T3,2.0,N0,0.0,"Clinical Diagnosis & History: y/o male with right renal mass. Specimens Submitted: 1: KIDNEY AND PORTION OF ADRENAL, RIGHT, NEPHRECTOMY. 2: LYMPH NODES, PARACAVAL AND PERICAVAL, EXCISION. AMENDED DIAGNOSIS: 1. KIDNEY AND PORTION OF ADRENAL, RIGHT, NEPHRECTOMY: Tumor Type: Renal cell carcinoma - Chromophobe type. Tumor Size: Greatest diameter is 6.5 cm. Local Invasion (for renal cortical types): Involves renal sinus fat. Renal Vein Invasion: Not identified. Tumor involves medium caliber vessels in the renal sinus. Surgical Margins: Free of tumor. Non-Neoplastic Kidney: Unremarkable. Adrenal Gland: Not involved. Lymph Nodes: Not identified. Staging for renal cell carcinoma/oncocytoma: pT3 Tumor extends into major veins or invades the adrenal gland or perinephric tissues, but not beyond Gerota's. fascia. 2. LYMPH NODES, PARACAVAL AND PERICAVAL, EXCISION: Lymph Nodes: Not involved. Number of nodes examined:6. Note: This document represents an amended version of the surgical pathology report originally issued on. That report is. superseded by the present document. The amendment consists of the following change: Specimens Submitted: ORIGINAL REPORT: 1:KIDNEY AND PORTION OF ADRENAL, LEFT, NEPHRECTOMY. AMENDED REPORT: 1:KIDNEY AND PORTION OF ADRENAL, RIGHT, NEPHRECTOMY. The responsible clinician has been notified. IATTEST THAT THE ABOVE DIAGNOSIS IS BASED UPON MY PERSONAL EXAMINATION OF THE SLIDES (AND/OR OTHER MATERIAL), AND THAT I HAVE. REVIEWED AND APPROVED THIS REPORT. Gross Description: 1). The specimen is received fresh labeled ""right kidney and portion of adrenal"" and consists of a kidney with attached ureter, renal. vessels and perinephric fat weighing 240 g in total. The kidney measures 13 x 7 x 5.5 cm. The attached ureter measures 4.5. cm in length and 0.2 cm in diameter. The attached renal vein measures 1.4 cm in length and 0.4 cm in diameter. The renal. vessels and ureter margins are grossly unremarkable. An adrenal gland is not identified. The kidney is inked black and bivalved to. reveal a well defined tumor mass measuring 6.5 x 4 X 4 cm, located in the calluses and extend to the hilum. The biliary tract is not. involved by the tumor. The tumor has a homogenous yellow tan rubbery to soft cut surface. A portion of unremarkable adherent. gland is identified measuring 1.3 x 1 x 0.5 cm. Sections through the remainder of the kidney reveal a pink brown parenchyma,. with a well-defined cortico-medullary junction. The cortex measures 0.7 cm. No lymph nodes are identified in the perinephric fat. Representative sections are submitted for TPS and for permanent sections. Photos are taken. Summary of sections: UVM -- ureteral and vessel margins. T-- tumor. THF -- tumor with hilar fat. TSF -- tumor with sinus fat. TK -- tumor with adjacent kidney. RP -- renal pelvis representative sections. K -- representative sections kidney. A- adrenal. 2). The specimen is received in formalin, labeled ""Paracaval and pericaval lymph nodes"" and consists of six pink tan firm lymph. nodes ranging from 1 to 2.7 cm in greatest dimension. All identified lymph nodes are submitted. Summary of sections: LN -- lymph nodes. BLN-- bisected lymph nodes. Summary of Sections: Part 1: KIDNEY AND PORTION OF ADRENAL, RIGHT, NEPHRECTOMY. Block. Sect. Site. PCs. 1. a. 1. 2. k. 2. 2. rp. 2. 4. t. 4. 2. thf. 2. 2. tk. 2. 2. tsf. 2. 1. uvm. 1. Part 2: LYMPH NODES, PARACAVAL AND PERICAVAL, EXCISION. Block. Sect. Site. PCs. 3. BLN. 4. 2. LN. 4. Amendments. Original Diagnosis: 1. KIDNEY AND PORTION OF ADRENAL, LEFT, NEPHRECTOMY: Tumor Type: Renal cell carcinoma - Chromophobe type. Tumor Size: Greatest diameter is 6.5 cm. Local Invasion (for renal cortical types): Involves renal sinus fat. Renal Vein Invasion: Not identified. Tumor involves medium caliber vessels in the renal sinus. Surgical Margins: Free of tumor. Non-Neoplastic Kidney: Unremarkable. Adrenal Gland: Not involved. Lymph Nodes: Not identified. Staging for renal cell carcinoma/oncocytoma: pT3 Tumor extends into major veins or invades the adrenal gland or perinephric tissues, but not beyond Gerota's. fascia. 2. LYMPH NODES, PARACAVAL AND PERICAVAL, EXCISION: Lymph Nodes: Not involved. Number of nodes examined 6.","The N stage for kidney cancer, according to the AJCC Cancer Staging Manual (7th edition), depends on whether there are cancerous cells found in the regional lymph nodes.  In this case, the pathology report indicates that the lymph nodes were excised and examined, and no cancerous cells were found. The report mentions that 'Lymph Nodes: Not involved' and 'Number of nodes examined: 6'. Therefore, based on this information, the patient's N stage is N0, which means no regional lymph node metastasis.",N0
KICH,TCGA-KL-8344,TCGA-KL-8344.c4304ef6-2f5a-4aab-88ad-8d5cc721a04e,T3a,2.0,N0,0.0,"Clinical Diagnosis & History: year old male with history of painless gross hematuria, US showing right renal mass. Specimens Submitted: 1: SP: Kidney and adrenal, right; nephrectomy. 2: SP: Lymph nodes, paracaval and interaortocaval; excision. DIAGNOSIS: 1. SP: Kidney and adrenal, right; nephrectomy. Tumor Type: Renal cell carcinoma - Chromophobe type. eosinophilic variant. Tumor Size: Greatest diameter is 8.5 cm. Local Invasion (for renal cortical types): Involves renal sinus fat. Renal Vein Invasion: Not identified. Small vessel angiolymphatic invasion also not identified. Surgical Margins: Free of tumor. Non-Neoplastic Kidney: No significant pathologic changes. Adrenal Gland: Not involved. Lymph Nodes: Not identified. Staging for renal cell carcinoma/oncocytoma: pT3a Tumor invades the adrenal gland or perinephric tissues but not beyond Gerota's fascia. Comment: Immunostains for CK7, CD10 and MIB-1 support the above interpretation. 2. SP: Lymph nodes, paracaval and interaortocaval; excision. Lymph Nodes: Not involved. Number of nodes examined:15. IATTEST THAT THE ABOVE DIAGNOSIS IS BASED UPON MY PERSONAL EXAMINATION OF THE SLIDES (AND/OR OTHER MATERIAL), AND THAT I HAVE. REVIEWED AND APPROVED THIS REPORT. Special Studies: Special Stain. Comment. CK7. MIB-1 (Ki-67). CD10. RECUT. RECUT. RECUT. NEG CONT. IMM RECUT. Gross Description: 1). The specimen is received fresh labeled ""right kidney and adrenal"" and consists of a kidney with attached ureter, renal vessels. and perinephric fat weighing 1005 g in total. The kidney measures 15 x 10.5 x 6.5 cm. The attached ureter measures 9.2 cm in. length and 0.5 cm in diameter. The attached renal vein measures 1.1 cm in length and 1.4 cm in diameter. The renal vessels. and ureter margins are grossly unremarkable. An adrenal gland is identified, measuring 5.5 x 0.8 x 0.5 cm. The kidney is inked. black and bivalved to reveal a cortical, lobulated brown-tan mass measuring 8.5 x 8.5 x 5.5 cm located in the superior pole; at the. center of the mass there is a white fibrous scar measuring 4.5 cm in greatest dimension. The mass does not appear to invade into. the perirenal fat. The mass impinges on the pelvic system but does not appear to grossly involve it. Sections through the. remainder of the kidney reveal a pink brown parenchyma, with a well-defined corticomedullary junction. The cortex measures 1.5. cm in largest dimension and the calyces appear normal. No lymph nodes are identified in the perinephric fat. The specimen is. photographed. Representative sections are submitted for TPS and for permanent sections. Summary of sections: UVM -- ureteral and vessel margins. T-- tumor. THF- tumor with hilar fat. TSF -- tumor with sinus fat. TK -- tumor with adjacent kidney. TRP -- tumor with renal pelvis. TPF - tumor with peri-renal fat. K -- representative sections kidney. AD -- adrenal gland. 2). The specimen is received in formalin, labeled ""Paracaval interaortocaval lymph nodes"" and consists of multiple pink and red tan. lymph nodes ranging in size from 0.2 to 1.9 cm which are entirely submitted. summary of sections: LN-lymph nodes submitted: BLN-bisected largest node. Summary of Sections: Part 1: SP: Kidney and adrenal, right; nephrectomy.","The N stage for kidney cancer in the 7th edition of the AJCC Cancer Staging Manual is based on the presence and extent of metastasis to regional lymph nodes.  In this case, the pathology report provides information on 15 lymph nodes that were excised from the paracaval and interaortocaval regions and were found to be uninvolved by tumor (node negative). Therefore, based on the information provided, the patient would be classified as N0, indicating no regional lymph node metastasis.",N0
KICH,TCGA-KL-8345,TCGA-KL-8345.5f84d5ac-c1d1-4009-95ff-b0ae508a1b2a,T3a,2.0,N0,0.0,"Clinical Diagnosis & History: Right renal mass. Specimens Submitted: 1: SP: Right kidney, ureter and bladder cuff; nephrouterectomy. 2: SP: Retroperitoneal lipoma, right; excision. 3: SP: Lymph nodes, paracaval; excision. 4: SP: Lymph nodes, right common iliac; excision. 5: SP: Lymph nodes, precaval and interaortocaval; excision. 6: SP: Lymph nodes, suprahilar, and adrenal gland, right; excision. DIAGNOSIS: 1. SP: Right kidney, ureter and bladder cuff; nephrouterectomy. Tumor Type: Renal cell carcinoma - Chromophobe type. Tumor Size: Greatest diameter is 3.2 cm. Local Invasion (for renal cortical types): Involves renal sinus fat. Renal Vein Invasion: Not identified. Small vessel angiolymphatic invasion is also not identified. Surgical Margins: Free of tumor. Non-Neoplastic Kidney: Mild arteriosclerotic changes and benign cortical cysts. Adrenal Gland: Not identified. Lymph Nodes: Not identified. Staging for renal cell carcinoma/oncocytoma: pT3a Tumor invades the adrenal gland or perinephric tissues but not beyond Gerota's fascia. Comment: Benign pelvi-calyceal system and ureter. 2. SP: Soft tissue, retroperitoneum, right; excision. Mature adipose tissue, 4.6cm. No atypia identified. Comment: This part of the specimen was seen in consultation with. who concurs. 3. SP: Lymph nodes, paracaval; excision. Lymph Nodes: Not involved. Number of nodes examined: 4. 4. SP: Lymph nodes, right common iliac; excision. Lymph Nodes: Not involved. Number of nodes examined:2. 5. SP: Lymph nodes, precaval and interaortocaval; excision. Lymph Nodes: Not involved. Number of nodes examined:7. 6. SP: Suprahilar nodes and right adrenal gland; excision. Benign adrenal gland. No lymph nodes identified. IATTEST THAT THE ABOVE DIAGNOSIS IS BASED UPON MY PERSONAL EXAMINATION OF THE SLIDES (AND/OR OTHER MATERIAL), AND THAT I HAVE. REVIEWED AND APPROVED THIS REPORT. Special Studies: Special Stain. Comment. RECUT. RECUT. RECUT. Gross Description: 1). The specimen is received in fresh state for intraoperative consultation, labeled as ""right kidney, ureter, and bladder cuff"", and it. consists of a total nephrectomy specimen weighing in total 502 g. The specimen surface is inked. No adrenal gland is identified. Kidney measures 11 x 6.0 x 3.9 cm, and the segment of ureter measures 19 cm in length and 0.8 cm in circumference. The distal. end of the ureter may actually represent ""bladder cuff"". Sectioning reveals a well-circumscribed brown soft cortical mass. measuring 3.2 x 3.2 x 2.9 cm in the lower medial aspect of the specimen. The majority of the tumor is in close contact with sinus. fat, but frank invasion is grossly not identified. Grossly evident venous invasion is not seen. Perirenal fat is uninvolved. Background renal parenchyma shows mildly thinned cortex (0.7 cm) with sharp cortical medullary junction. Pelvic mucosa and. ureteral mucosa appears grossly unremarkable. No possible lymph nodes are identified in the perirenal fat. The specimen is. photographed. TPS is taken. Summary of sections: FSC -- frozen section control (tumor). UM -- ureter margin. VM -- vascular margins. TSF -- tumor with sinus fat. T -- tumor. BG -- background renal parenchyma. P -- pelvic mucosa. U -- ureteral mucosa. 2). The specimen is received in formalin, labeled as right retroperitoneal lipoma"", and it consists of a partially encapsulated. nodule. of adipose tissue measuring 4.6 x 2.3 x 2.0 cm. Sectioning reveals grossly unremarkable adipose tissue without fibrosis or. hemorrhage. Representative sections are submitted. Summary of sections: U -- undesignated. 3). The specimen is received in formalin, labeled as ""paracaval lymph nodes"", and it consists of multiple possible lymph nodes. measuring up to 1.0 cm. Entire lymph nodes are submitted. Summary of sections: LN -- lymph nodes. 4). The specimen is received in formalin, labeled as ""right common iliac lymph nodes"", and it consists of a single possible lymph. node measuring 0.6 cm. Entire lymph node is submitted. Summary of sections: LN -- lymph node. Akihiko Yoshida, M.D. 5). The specimen is received in formalin, labeled as ""precaval and inter-aortocaval lymph node"", and it consists of multiple. possible lymph nodes measuring up to 3.5 cm. The largest lymph node is trisected. Entire lymph nodes are submitted. Summary of sections: TLN -- trisected lymph node. LN -- lymph nodes. Akihiko Yoshida, M.D. 6). The specimen is received in formalin, labeled as ""suprahilar nodes and right adrenal gland"", and it consists of an adrenal. gland and surrounding adipose tissue. Adrenal gland measures 7.0 x 3.5 x 1.6 cm and weighs 10.5 g after the removal of fat. Section reveals grossly unremarkable adrenal tissue. Surrounding adipose tissue does not contain grossly evident lymph nodes. Representative sections are submitted. Summary of sections: AD -- adrenal. F -- adipose tissue, slightly fibrotic area. Summary of Sections: Part 1: SP: Right kidney, ureter and bladder cuff; nephrouterectomy. Block. Sect. Site. PCs. 2. bg. 2. 1. fsc. 1. 1. p. 1. 1. t. 1. 6. tsf. 6. 1. u. 1. 1. um. 1. 1. vm. 1. Part 2: SP: Retroperitoneal lipoma, right; excision. Block. Sect. Site. PCs. 5. u. 5. Part 3: SP: Lymph nodes, paracaval; excision. Block. Sect. Site. PCs. 1. In. 1. Part 4: SP: Lymph nodes, right common iliac; excision. Block. Sect. Site. PCs. 1. In. 1. Part 5: SP: Lymph nodes, precaval and interaortocaval; excision. Block. Sect. Site. PCs. 1. In. 1. 2. tIn. 2. Part 6: SP: Lymph nodes, suprahilar, and adrenal gland, right; excision. Block. Sect. Site. PCs. 1. ad. 1. 1. f. 1. Intraoperative Consultation: Note: The diagnoses given in this section pertain only to the. tissue sample examined at the time of the intraoperative. consultation. 1. FROZEN SECTION DIAGNOSIS: SP: Right kidney, ureter and bladder cuff. RENAL CORTICAL. NEOPLASM. PERMANENT DIAGNOSIS: SAME.","1. According to the AJCC Cancer Staging Manual (7th edition), the N stage for kidney cancer is determined by the presence and extent of regional lymph node metastasis.    
2. In this pathology report, multiple lymph nodes from various locations were excised and examined.  
3. The report states that lymph nodes from paracaval, right common iliac, precaval and interaortocaval regions were not involved.  
4. The suprahilar nodes and right adrenal gland specimen did not contain any lymph nodes.  
5. Therefore, based on the information provided in the pathology report, there is no evidence of regional lymph node metastasis.  
6. The N stage for kidney chromophobe cancer, in the absence of regional lymph node metastasis, is N0.",N0
KICH,TCGA-KL-8346,TCGA-KL-8346.36d69d54-a29d-43ef-ab2f-4d24f62a9e2e,T2b,1.0,N0,0.0,"Clinical Diagnosis & History: year old male with kidney mass, (right). Specimens Submitted: 1: SP: Kidney, right, nephrectomy. 2: SP: Lymph nodes, right precaval and paracaval, excision. DIAGNOSIS: 1. SP: Kidney, right, nephrectomy: Tumor Type: Renal cell carcinoma - Chromophobe type. Tumor Size: Greatest diameter is 11 cm. Local Invasion (for renal cortical types): Involves renal sinus fat. Renal Vein Invasion: Not identified. Surgical Margins: Free of tumor. Non-Neoplastic Kidney: Exhibits patchy chronic interstitial inflammation and fibrosis, and glomerular sclerosis. Adrenal Gland: Not identified. Lymph Nodes: Not identified. Staging for renal cell carcinoma/oncocytoma: pT2 Tumor >7.0 cm in greatest dimension limited to the kidney. Comment: Prominent nuclear atypia is present. 2. SP: Lymph nodes, right precaval and paracaval, excision: Lymph Nodes: Not involved. Number of nodes examined:1. IATTEST. THAT THE ABOVE DIAGNOSIS IS BASED UPON MY PERSONAL EXAMINATION OF THE SLIDES (AND/OR OTHER MATERIAL), AND THAT I HAVE. REVIEWED AND APPROVED THIS REPORT. Gross Description: 1). The specimen is received fresh, labeled ""right radical nephrectomy"" and consists of a kidney with attached ureter, renal. vessels and perinephric fat weighing 771 g in total. The kidney measures 12 x 7 X 6 cm. The attached ureter measures 8.5 cm in. length and 0.2 cm in diameter. The attached renal vein measures 0.2 cm in length and 0.5 cm in diameter. The renal vessels. and ureter margins are grossly unremarkable. An adrenal gland is not identified. The kidney is inked black and bivalved to reveal. a 11 x 9 x 7 cm necrotic, lobulated yellow and hemorrhagic mass in the lower pole extending to the mid kidney and renal pelvis. The mass entirely replaces the lower portion of the kidney. The mass grossly extends to the renal capsule but does not penetrate. through. it. The mass appears to extend into the perihilar fat. Sections through the remainder of the kidney reveal a pink-brown. parenchyma, with a well-defined cortico-medullary junction. The cortex measures 0.2 cm and the calyces appear normal. No. lymph nodes are identified in the perinephric fat. Representative sections are submitted for TPS and for permanent sections. Summary of sections: UVM -- ureteral and vessel margins. T-- tumor. THF -- tumor with hilar fat. TK -- tumor with adjacent kidney. RP -- renal pelvis representative sections. K -- representative sections kidney. TC - tumor with capsule. 2). The specimen is received in formalin, labeled ""Right precaval and paracaval lymph nodes"" and consists of a single brown-tan. fleshy lymph node measuring 7 X 1 x 0.6 cm. The lymph node is trisected and entirely submitted. Summary of sections: T- trisected lymph node. Summary of Sections: Part 1: SP: Kidney, right, nephrectomy. Block. Sect. Site. PCs. 1. k. 1. 1. 1. 9. t. 9. 2. tc. 2. 3. thf. 3. 1. tk. 1. 1. uvm. 1. Part 2: SP: Lymph nodes, right precaval and paracaval, excision. Block. Sect. Site. PCs. 3. T. 3.","To determine the N stage for this Kidney Chromophobe cancer patient, we need to refer to the AJCC Cancer Staging Manual (7th edition) and use the information provided in the pathology report. The N stage is based on the presence and extent of regional lymph node metastasis. Here are the steps to determine the N stage: 
1. Identify the lymph node status: According to the pathology report, the lymph nodes were examined and found to be not involved (N0). 
2. Confirm the number of examined lymph nodes: The report mentions that one lymph node was examined. 
Based on the above information, the N stage for this Kidney Chromophobe cancer patient is:
N0 (No regional lymph node metastasis)",N0
KICH,TCGA-KM-8438,TCGA-KM-8438.e26cb4d8-057e-43ce-9733-6c2b31e02c58,T2,1.0,N0,0.0,"DIAGNOSIS: 1. Kidney, left (left radical nephrectomy): Renal cell carcinoma, chromophobe-type, with areas of high-grade. sarcomatoid differentiation. Tumor approaches but does not go through the capsule. Vascular and ureteral. margins are free of tumor. Adrenal gland, no tumor seen. 2. Lymph nodes, retroperitoneal (excision): Reactive lymph nodes with marked sinus histiocytosis, no tumor. seen. CLINICAL INFORMATION: HISTORY:LEFT RENAL MASS. PROCEDURE: PREOP DX:#LEFT RENAL MASS POSTOP DX: LEFT RENAL MASS OPERATIVE. FINDINGS: VERY LARGE LEFT RENAL MASS AND ENLARGED HILAR LYMPH NODES. SPECIMENS SUBMITTED: 1) KIDNEY, LEFT NEPHRECTOMY. 2) RETRO PERITONEAL LYMPH NODE. GROSS DESCRIPTION: Received in two formalin containers labeled with the patient's name and medical. record number, and as: 1. ""Left kidney"" is a large soft tissue specimen weighing 3,800 grams measuring 22 X 18 X 15 cm. The ureter. is marked with yellow ink and the vessel is marked with blue ink. The adrenal gland is identified. Once cut,. there is a large, extensively red mass lesion without gross evidence of fibrosis, scarring, or encapsulation. This. mass lesion occupies a major portion of the specimen. There is a small rim of normal appearing renal tissue. with a maximum dimension of 8 cm. For procurement, samples of both normal renal tissue and the mass. lesion are sent to. The specimen is placed in formalin but other portions are submitted in. ethanol as a touch prep and also as electron microscopy. The special instructions are confirmatory for culture,. frozen, and touch prep. Code of section for #1: A - vascular edges. B-I - representative portions of tumor. J - normal-appearing renal parenchyma. K-S tumor. T-U - adrenal gland. V-JJ - representative portions of tumor. KK - tumor fixed in 70% ethanol. LL-PP - tumor and/or kidney at capsule. 2. ""Retroperitoneal lymph nodes"" is a tan soft tissue mass measuring 7.5 X 3:5 X 1.5 cm. Upon palpation, five. nodes are appreciated, the largest measuring 2.5 X 1 X 1 cm and the smallest measuring 1 X 1 X 0.7 cm. The. lymph nodes are serially sectioned. Code of section for specimen 2: A-B - representative section of largest lymph node. C-F - representative portions of the remaining lymph nodes. Reviewed By: SURGICAL PATH CASE CONF,.","To determine the N stage for Kidney Chromophobe cancer, we follow the AJCC Cancer Staging Manual (7th edition) and consider the involvement of regional lymph nodes. The pathology report indicates that the left radical nephrectomy was performed, and the retroperitoneal lymph nodes were excised. The report mentions that the lymph nodes were reactive with marked sinus histiocytosis but no tumor was seen. This suggests that there is no regional lymph node metastasis.",N0
KICH,TCGA-KM-8443,TCGA-KM-8443.1bea0219-8760-4808-b36b-08616599a76d,T2,1.0,N0,0.0,"DIAGNOSIS: 1. Lymph node, interaorta caval (excision): Lymph nodes, no tumor seen (0/2). 2. Kidney and adrenal, right (nephrectomy and adrenalectomy): Renal cell carcinoma, chromophobe type,. Fuhrman nuclear grade III. Tumor infiltrates the capsule but does not involve the inked margin. Vascular and ureteral margins are free of tumor. - Adrenal gland, no tumor seen. Kidney Nephrectomy Summary Table Macroscopic. Specimen Type: Radical nephrectomy. Laterality: Right. Tumor Size: 12 cm in greatest dimension. Focality: Unifocal. Macro Extent of Tumor: Within inked margin. Microscopic. Histologic Type: Chromophone renal carcinoma. Histologic Grade: Fuhrman nuclear grade III. Extent of Invasion. Primary Tumor(pT): T2. Regional Lymph Nodes(pN): NO. Distant Metastisis(pM): MX. Margins: Vascular and ureteral margins are free of tumor. CLINICAL INFORMATION: Brief Clinical History: history of large 10cm upper pole renal mass. Tin interaortocal node seen on CT scan. PROCEDURE: Operative Findings: Large mass with questionable involvement of. adrenal. Small node identified and removed I.A.C. Post-Operative. Diagnosis: right renal mass Pre-Operative Diagnosis: right renal mass. SPECIMENS SUBMITTED: 1. LYMPH NODES, Interaortocaval node. 2. KIDNEY, RIGHT, and adrenal gland. GROSS DESCRIPTION: Received are 2 containers labeled with the patient's name, medical record number,. and further described as follows: 1. ""Interaorta caval node"". The specimen consists of 2 firm yellow and tan nodules measuring 2.0 x 1.2 X. 0.6 and 0.7 X 0.5 x 0.3 cm. Both nodules are bisected revealing a smooth tan cut surface. The specimen. is entirely submitted in a white cassette labeled. for permanent processing. 2. ""Right kidney and right adrenal gland"". The specimen is a radical nephrectomy specimen measuring 17 X. 11 X 8 cm overall. The specimen is partially inked black and bivalved, revealing a brown tumor mass. measuring 12 cm in largest dimension with a tan, soft cut surface and areas of necrosis. Approximately 3. x. 1 x 0.5 cm in aggregate of the mass and approximately 1 x 1 X 0.3 cm of normal kidney is procured for. Grossly, the tumor is not invading out of capsule. Gross photos taken. Procurement was. In Surgical Pathology, the specimen is further inked and serially. sectioned. The vascular and ureteral margins are identified and submitted in white cassette. #2A for permanent processing. The tumor measures approximately 11 cm X 12 cm X 10.5 cm. After fixation, the specimen weighs 722 grams. Sections of the tumor and the black inked specimen. margin are submitted 2B, 2C, 2D, and 2E. Representative section of tumor is submitted in 2F. Representative section of tumor and inked specimen margin are submitted in 2G, 2H. Two representative sections of tumor are submitted in 21, 2J. Two representative sections of uninvolved kidney are submitted in 2K, 2L. Two representative sections of the adrenal are submitted in 2M, 2N. Representative sections of tumor and capsule are submitted in #20, 2P, 2Q. Gross description dictated by. Additional gross description dictated by. No consultants.","The N stage for kidney cancer in the 7th edition of the AJCC Cancer Staging Manual is determined by the number of involved regional lymph nodes and the size of the largest metastasis.  In this case, the pathology report provides the following relevant information: 1. Lymph node, interaorta caval (excision): Lymph nodes, no tumor seen (0/2). This indicates that two lymph nodes were removed and examined, and no tumor was found in either node.  Therefore, the N stage is either N0 (no regional lymph node metastasis) or Nx (regional lymph nodes not assessed), depending on whether or not there were any other regional lymph nodes that were not assessed.  However, since the report specifically states that lymph nodes were removed and examined, it suggests that there were no other regional lymph nodes, and therefore the N stage is N0.",N0
KICH,TCGA-KM-A7Q8,TCGA-KM-A7Q8.FC0B979B-314A-487D-9BBB-E6F8BE3C4E62,T3,2.0,N1,1.0,"Admit Date: Gender: Male. Birth Date: Attending: DIAGNOSIS: 1. Lymph nodes, periaortic, resection: Metastatic Renal cell. carcinoma in lymph nodes; (2/40). 2. Kidney, left, nephrectomy: Renal parenchyma with chronic. interstitial nephritis; no tumor seen. Vascular and ureteral. margins are free of tumor. 3. Left kidney tumor mass, resection: Renal cell carcinoma,. chromophobe type with diffuse spindle cell (sarcomatoid). component. Tumor permeates the capsule. Extensive vascular. invasion present. See Note. 4. Lymph nodes, hilar, resection: One of ten lymph nodes involved. by tumor (1/10). NOTE: Metastatic involvement by tumor is seen diffusely in the. lymphatics present in the fibroadipose tissue. Surgical Pathology Cancer Case Summary. KIDNEY: Nephrectomy. Procedure: Radical nephrectomy. Specimen Laterality: Left. Tumor Size: Greatest dimension: 20 cm. Tumor Focality: unifocal. Macroscopic Extent of Tumor. Tumor extension into perinephric tissues. Histologic Type: Chromophobe renal cell carcinoma. Sarcomatoid Features: Present. Specify percentage of sarcomatoid element: 50. %. Tumor Necrosis: Present. Histologic Grade: Not applicable. Microscopic Tumor Extension: Tumor extension into perinephric tissue. (beyond renal capsule). Margins: vascular and ureteral margins uninvolved by carcinoma. Lymph-Vascular Invasion (excluding renal vein and its muscle containing. segmental branches and inferior vena cava): Present. Pathologic Staging (pTNM). JobID: Do not file in Medical Record. Gender: Male. Birth Date: pT3: Tumor extends into major veins or perinephric tissues but not. into the ipsilateral adrenal gland. and not beyond Gerota's fascia. pN1: Metastasis in regional lymph node(s). Number of Lymph Nodes Examined : 50. Number of Lymph Nodes Involved : 3. Distant Metastasis (pM): Not applicable. Pathologic Findings in Nonneoplastic Kidney: chronic interstitial. nephritis. Immunoperoxidase and in-situ hybridization tests performed here and. used for diagnosis were developed and their performance characteristics. determined by the. They have not been. cleared or approved by the U.S. Food and Drug Administration. The FDA. has also determined that such clearance or approval is not necessary. This laboratory is certified under the Clinical Laboratory Improvement. Amendments of 1988 (CLIA) as qualified to perform high complexity. clinical laboratory testing. CLINICAL INFORMATION: Brief Clinical History: Large left renal mass. Specimen Taken For. Protocol: 01 - Yes Allocate Order to Protocol: PROCEDURE: Pre-Operative Diagnosis: Renal cell carcinoma. Post-Operative. Diagnosis: same Operative Findings: Large renal mass, kidney removed. SPECIMENS SUBMITTED: 1. PERIAORTIC LYMPH NODE. 2. KIDNEY, LEFT. 3. TUMOR, Left kidney. 4. HILAR LYMPH NODE. GROSS DESCRIPTION: Received are 3 specimens fresh in containers. labeled with the patient's name, medical record number, and further. specified as follows: 1. ""Periaortic lymph nodes"". The specimen consists of tan-yellow. fragments of fatty-appearing soft tissue measuring approximately 7. cm x 6.5 cm x 2 cm. The specimen is sectioned and entirely. submitted in white cassettes. 1A-1P. 1 C is 1 lymph node. bisected. 1E is 1 lymph node DISECTED. 2. ""Left kidney"". The specimen consists of a kidney measuring 15.5. cm x 6.5 cm x 4.5 cm. The resection margin is 14 x 6 cm. Attached. fatty tissue is 26 x. 19 x 2 cm. Gross photographs are taken. Approximately 3 x 2 x 0.5 cm of tissue is procured for. Remainder of the specimen is placed into formalin and submitted to. JobID: Do not file in Medical Record. Gender: Male. Birth Date: pathology for permanent processing. Procurement was performed by. and. on. at. The remaining specimen is submitted to Pathology. for permanent processing. The specimen is received in Surgical. Pathology and matches the above description. The fatty tissue is. sealed off and structure resembling the ureter is identified. The. pelvis is grossly distorted (this is where the tumor was at the. hilum of the kidney). Representative sections are placed as. follows: 2A - possible ureter and vascular margins. 2B - representative sections of kidney parenchyma from the. pelvis. 2C - representative sections of kidney parenchyma from the. cortex. 2D-2F: possible lymph nodes. 2G-2P: Additional sections of specimen #2. 3. ""Left kidney tumor"". The specimen measures overall 20 x 15.5 x. 12 cm. The specimen weighs approximately 1,600 grams. The. external surface of the mass was inked in black prior to cutting. it open for procurement. Cut surface is variegated and appears to. be hemorrhagic and necrotic and cystic. Approximately 3 cm x 2 cm. x 1 cm of tissue was procured for. and Dr. on. at. Specimen is received. in surgical pathology and matches the above description. Representative sections of the tumor are placed in white cassettes. Additional sections of tumor are placed in green. cassettes. 4. ""Hilar lymph nodes"". The specimen consists of tan-yellow. fatty-appearing tissue measuring approximately 4.5 cm x 3 cm x 1. cm. The specimen is sectioned and entirely submitted in white. cassettes. -41. 4A is 1 lymph node bisected. 4B is 1. lymph node bisected. Gross Description dictated by. on. Additional Gross. Description dictated by. on. Additional Gross Description. on. Additional Gross Description dictated. on. No consultants. Accessioned: Final Report Signed Out: <Resident Signature>. M.D. Clinical Resident. ATTENDING STAFF PATHOLOGIST. JobID: Do not file in Medical Record. Gender: Male. Birth Date: Date Report Signed: JobID: Do not file in Medical Record. 1.","The AJCC Cancer Staging Manual (7th edition) defines the N stage for renal cell carcinoma based on the presence and number of metastases in regional lymph nodes.

1. We start by looking at the number of lymph nodes examined, which is 50 in this case.
2. Next, we look at the number of lymph nodes involved, which is 3.
3. Based on this information, we can determine the N stage as follows:
   - N0: No regional lymph node metastasis
   - N1: Metastasis in a single regional lymph node
   - N2: Metastasis in multiple regional lymph nodes
   - N3: Metastasis in a contralateral or in-transit lymph node

In this case, since there are metastases in 3 out of the 50 examined regional lymph nodes, the N stage is N1.
",N1
KICH,TCGA-KM-A7QA,TCGA-KM-A7QA.47C0AD9A-A83E-45BD-ACF3-09F97D680BEC,T2a,1.0,N0,0.0,"Admit Date: Gender: Male. Birth Date. Attending: DIAGNOSIS: 1. Portion of adrenal, left, resection: Adrenal gland, no tumor. seen. 2. Kidney, left, radical nephrectomy: Renal cell carcinoma,. chromophobe type, Paner grade 2; vascular invasion present. Vascular and ureteral margins are free of tumor. See Note. 3. Lymph node, para and interaortic, resection: Nineteen lymph. nodes, no tumor seen (0/19). NOTE: Please refer to the following for staging information. CAP cancer checklist: KIDNEY: Nephrectomy, Radical. Procedure: Radical nephrectomy. Specimen Laterality: Left. Tumor Site: Upper pole. Tumor Size (largest tumor if multiple): Greatest dimension: 8.0 cm,. Additional dimensions: 7.0 x 4.0 cm. Tumor Focality: Unifocal,. Macroscopic Extent of Tumor. Tumor limited to kidney. No capsular or. perinephric fat invasion identified. Histologic Type: Chromophobe renal cell carcinoma. Sarcomatoid Features: Not identified. Tumor Necrosis (any amount): Not identified. Histologic Grade: Other (specify): Paner grade 2. Microscopic Tumor Extension: Tumor limited to kidney. Margins: Margins uninvolved by invasive carcinoma. Lymph-Vascular Invasion: Present. Pathologic Staging (pTNM). Primary Tumor (pT): pT2a: Tumor more than 7 cm but less than or equal to 10 cm in greatest. dimension, limited to the kidney. Regional Lymph Nodes (pN). pNO: No regional lymph node metastasis. Number of Lymph Nodes Examined, Specify: 19. Number of Lymph Nodes Involved, Specify: 0. Distant Metastasis (pM): Not applicable. Pathologic Findings in Nonneoplastic Kidney: None identified. Other Tumors and/or Tumor-like Lesions: None. Immunoperoxidase and in-situ hybridization tests performed here and. used for diagnosis were developed and their performance characteristics. determined by the. They have not been. cleared or approved by the U.S. Food and Drug Administration. The FDA. has also determined that such clearance or approval is not necessary. This laboratory is certified under the Clinical Laboratory Improvement. Amendments of 1988 (CLIA) as qualified to perform high complexity. clinical laboratory testing. JobID-. Do not file in Medical Record. Gender: Male. Birth Date: CLINICAL INFORMATION: Brief Clinical History: left renal tumor. Specimen Taken For Protocol: 01 - Yes Allocate Order to Protocol: PROCEDURE: Operative Findings: left kidney and retroperitoneal lymph. nodes removed. Post-Operative Diagnosis: left renal tumor Pre-Operative Diagnosis: left renal tumor. SPECIMENS SUBMITTED: 1. ADRENAL GLAND, LEFT, Portio n of Gland. 2. KIDNEY, LEFT, Portion of gland. 3. LYMPH NODES, Para and Inter Aortic Caval. GROSS DESCRIPTION: Received at Surgical Pathology is a formalin-filled container labeled. with the patient's name, medical record number, date of birth, and. further designated as: 1. ""Portion left adrenal gland"". The specimen consists of an. adrenal gland segment measuring 4 x 1 x 1 cm. There is no. palpable nodule within the specimen. The specimen is serially. sectioned and submitted entirely in 5 white cassettes labeled as. iA-1E. 2. ""Left kidney"". The specimen consists of an intact kidney with. attached perinephric fat measuring 16 x 9 x 6 cm and weighing 343. grams collectively. The Isolated kidney measures 14.8 x 8.4 x 5.5. cm and weighs 305 grams. The perirenal fat capsule is inked with. black. Extending from the renal pelvis are 2 ureters. The upper. ureter is 5 cm in length and 0.4 cm in diameter. The lower ureter. is 8 cm in length and 0.5 cm in diameter. Renal vein is 0.5 cm in. length and 0.6 cm in diameter and the upper renal artery branch is. 1.8 cm in length and 0.5 cm in diameter, the lower one is 1.0 cm. in length and 0.4 cm in diameter. The perirenal fat layer is. stripped, revealing the intact renal capsule, which is inked blue. Tumor does not extend to the ureters, arteries, and vein and is. not present at the resection margin. The kidney is bisected,. revealing an 8 x 7 x 4 cm circumscribed solid pink mass without. hemorrhage and necrosis in the upper pole of the left kidney. It. is 1.0 cm from the renal hilum. The mass is confined by the renal. capsule and does not invade the perinephric fat. The uninvolved. renal parenchyma is tan-brown with a well-defined cortical. medullary junction and orderly cortical striations and medullary. raise. The pelvis and calyx appear smooth. There are no lymph. nodes or stones identified. Gross photographs are taken. In the. upper pole, there is a 0.5-cm erythematic area, presumably the. core biopsy site. Representative sections are submitted as. follows: A-D - relationship between tumor and the renal capsule. E-G - relationship between tumor and the pelvis. H - relationship between tumor and normal kidney tissue. I-O, X-Z, AA, BB - representative sections of the tumor. R - the upper ureter margin. JobID: Do not file in Medical Record. Gender: Male. Birth Date: S - lower ureter margin. T - resection margin from the two renal artery branches. U - resection margin of the vein. V - kidney parenchyma where the core biopsy is done. W - the perirenal fat. 3. ""Para and interaortic lymph node"". The specimen consists of a. fibroadipose tissue fragment measuring 4 x 3 x 3 cm. 16 candidate. lymph nodes are appreciated ranging from 0.4 to 1.0 cm in greatest. dimension. They are submitted entirely in 5 white cassettes. labeled as. Gross Description dictated by. No consultants. Accessioned: Final Report Signed Out: I. <Resident Signature>. PhD, CLINICAL RESIDENT. MD, ATTENDING STAFF PATHOLOGIST. Date Report Signed: JobID: Do not file in Medical Record.","The N stage for kidney cancer in the 7th edition of the AJCC Cancer Staging Manual is determined by the presence or absence of metastasis to regional lymph nodes. The pathology report provides the necessary information to determine the N stage. Here are the steps to determine the N stage: 
1. Check if there are any regional lymph nodes involved. According to the report, 19 lymph nodes were examined and none were found to have tumor involvement (0/19). 
2. Based on this information, the N stage can be determined.
  - N0: No regional lymph node metastasis 
  - N1: Metastasis in a single regional lymph node 
  - N2: Metastasis in multiple regional lymph nodes 
  - N3: Metastasis in regional lymph nodes with extranodal extension 
Since there is no regional lymph node metastasis, the N stage is N0.",N0
KICH,TCGA-KM-A7QB,TCGA-KM-A7QB.1EDC857F-C9D2-40B9-A86B-5110D5865B0E,T1b,0.0,N0,0.0,"MEDICAL RECORD. Surgical. Pathology Report Carenoma renal all deronophable. PROCEDURE DATE: SEX: M. SIGN-OUT DATE: ATTENDING: REQUESTING: CONTACT NO: ROOM: COPIES TO: DIAGNOSIS: Kidney, right, radical nephrectomy: Renal cell carcinoma, chromophobe cell type, Fuhrman nuclear. grade II; no capsular invasion seen; vascular, urteral and inked surgical margins of resection are free of tumor; no. tumor seen in three lymph nodes (0/3); see note. NOTE: Kidney Nephrectomy Summary Table Macroscopic. Specimen Type: Radical nephrectomy. Laterality: Right. Tumor Size: 5x5x4cm. Focality: Unifocal. Macro Extent of Tumor: Confined to kidney, upper pole, laterally. Microscopic. Histologic Type: Renal cell carcinoma, chromophobe cell type. Histologic Grade: Fuhrman nuclear grade II. Extent of Invasion. Primary Tumor(pT): pT1b. Regional Lymph Nodes(pN): pNO. Distant Metastisis(pM). pMx. Margins: Vascular, ureteric and surgical margins of resection are free of tumor. CLINICAL INFORMATION: Brief Clinical History: yo male with 4. .5cm right renal mass,. incidental diagnosis, sporadic tumor Requestor Name. File in Section 3: Tissue Examination. MEDICAL RECORD. Requestor Phone/Pager: Allocate Order to Protocol: PROCEDURE: Operative Findings: n/a Post-Operative Diagnosis: same Pre-Operative. Diagnosis: right renal mass. SPECIMENS SUBMITTED: 1. KIDNEY, RIGHT. GROSS DESCRIPTION: Received fresh from the OR labeled with the patient's name, medical record number,. and ""right kidney and adrenal"" is a specimen that consists of a radical nephrectomy specimen with attached. adrenal gland entirely measuring, in total, 15 x 9 x 6 cm. The specimen is inked in black and bisected revealing. a. 5 x 5 x 4 cm tumor mass with a brown/yellow cut surface. 40% of the tumor mass is procured for. along with. representative sections of normal adrenal and kidney. The procurement is performed by. on. At. the specimen received matches the above description and weighs 240 grams. The kidney. is further serially sectioned. The tumor is towards the upper half of the kidney laterally towards the upper lateral. pole. The renal capsule appears to be focally adherent over the tumor. The adrenal is well away from the tumor. and the fat around the adrenal is not apposed to the tumor. Sections are submitted as follows: : Vascular and ureteral cut margins. and C: Sections from areas suspicious for capsule adherence including up to inked surgical margin. :: Representative section from center of tumor. Section of tumor including renal pelvic fat. Tumor with adjacent apparent uninvolved kidney. Tumor including kidney and suprarenal fat. Adrenal with surrounding fat. Cection from grossly normal kidney. J and K: Probable lymph node candidates from the renal hilum. Gross dictated by. No consultants. MEDICAL RECORD. Nam. Date OT report:","To determine the N stage for Kidney Chromophobe cancer following the AJCC Cancer Staging Manual (7th edition), we need to consider the regional lymph nodes. The pathology report provides the following relevant information: 

1. No tumor seen in three lymph nodes (0/3)

Based on this information, we can determine the N stage step by step:

1. Examine the number of regional lymph nodes involved.
2. Assign the N stage according to the following criteria:
   - N0: No regional lymph node metastasis
   - N1: Metastasis in a single regional lymph node
   - N2: Metastasis in multiple regional lymph nodes
   - N3: Metastasis in regional lymph nodes with extranodal extension

3. In this case, no tumor was found in any of the three regional lymph nodes (0/3).

Therefore, the N stage for this Kidney Chromophobe cancer patient is:

N0
",N0
KICH,TCGA-KM-A7QC,TCGA-KM-A7QC.D3E87845-70EA-4641-BDCE-6961254E5108,T1a,0.0,N0,0.0,"MEDICAL RECORD. PROCEDURE DATE: SEX: F. SIGN-OUT DATE: ATTENDING: REQUESTING: CONTACT NO: (MD). ROOM: COPIES TO: DIAGNOSIS: 1. Lymph node, paraaortic (excision): Reactive lymph node. No tumor seen. 2. Kidney, left base ""mass"" (excision): Necrotic debris. 3. Kidney, left, deeper base ""mass"" (excision): Kidney parenchyma. No tumor seen. 4. Kidney and adrenal, left, morcellated (nephrectomy-morcellated): Renal cell carcinoma, chromophobe type,. ""Furhman nuclear grade II with extensive necrosis and acute and chronic inflammation. Diffuse interstitial. nephritis. Vascular and ureteral margins free of tumor. Focal ureteritis. No capsular invasion seen. Adrenal gland. No tumor seen. NOTE: Kidney Nephrectomy Summary Table Macroscopic. Specimen Type: Nephrectomy - morcellated. Laterality: Left. Tumor Size: 4 cm. Focality: Unifocal. Macro Extent of Tumor: Confined to kidney. Microscopic. Histologic Type: Renal cell carcinoma, chromophobe type,. Histologic Grade;. Furhman nuclear grade Il. - age 1 of 3. MEDICAL RECORD. Date or Report: Extent of Invasion. Primary Tumor(pT): pT1a. Regional Lymph Nodes(pN): pNO. Distant Metastisis(pM): pMx. Margins: Vascular, ureteral and inked surgical margins free of tumor. CLINICAL INFORMATION: Brief Clinical History: female wiht left renal mass. Specimen Taken For Protocol: Allocate Order to Protocol: PROCEDURE: Operative Findings: left upper pole mass Post-Operative Diagnosis: left renal mass Pre-Operative Diagnosis: left renal mass. SPECIMENS SUBMITTED: 1. ROUTINE + 6FS, Peri-aortic lymph node (1FS). 2. SERIAL 5 + 6FS, Left kidney mass (2FS). 3. ROUTINE + 3FS, Left kidney mass (3FS). 4. KIDNEY, Left adrenal morgellated. INTRAOPERATIVE CONSULTATION: 1. 1FS Diagnosis: Lymph nodes, no definitive tumor seen on frozen section. The Frozen Sections were performed by. 2FS Diagnosis: Fragments of probable epithelioid tumor cells with coagulative necrosis; definitive characterization. deferred to permanent. 3FS Diagnosis: Portion of renal cortical tissue with focal mild interstitial inflammation, no definitive tumor seen on. frozen sections. The Frozen Sections were performed by. GROSS DESCRIPT Received are 4 formalin-filled containers labeled with the patient's name, medical record. number, and further described as follows: 1. ""Paraaortic lymph node"". The specimen is a tan to red/brown soft tissue fragment measuring 1.6 x 1.2 x 0.2. cm. The specimen is frozen in toto as 1FS. In Surgical Pathology, the specimen is entirely transferred into an. orange cassette labeled. for permanent processing. MEDICAL RECORD. Nam. 2. Left kidney mass base"". The specimen is multiple (3) tan tissue fragments measuring 0.2 x 0.2 x 0.1 cm in. aggregate. The specimen is frozen in toto. In Surgical Pathology, the specimen is transferred into an orange. cassette labeled. for permanent processing. 3. ""Left kidney mass deeper base"". The specimen is a piece of red/brown tissue measuring 1.0 x 0.5 x 0.4 cm. The specimen is frozen in toto as 3FS. In Surgical Pathology, the specimen is entirely transferred to an orange. cassette labeleo. for permanent processing. 4. ""Kidney and adrenal - morcellated"" Received is a specimen labeled ""left kidney and adrenal morcellated"" The. specimen consists of a simple nephrectomy specimen three pieces measuring 16 x 10 x 5 cm in aggregate. The. adrenal gland is identified. The ureteral and vascular structures are identified by surgical staples. The specimen. is inked black and bisected revealing a 4 cm diameter tumor mass with a tan-yellow, soft, necrotic cut surface. 50% of the tumor is procured for. Representative normal is procured for Research. Procurement. was performed by. on. to. The vascular/ureteral margins are submitted. in white cassettes. 4A-C. The most distal end of the ureter is submitted in white cassette. 4D. Sections of the most inferior aspect of the tumor and kidney. inferior aspect of the tumor (most adjacent to. the kidney) are submitted in white cassettes. A section of adrenal gland is submitted in 4G. Representative sections of fat are submitted in 4H. A representative section of normal kidney renal parenchyma. is submitted in 4I. Representative sections of the tumor are also submitted in 4J-4Q for permanent processing. Gross dictated by. No consultants.","The N stage for kidney cancer in the 7th edition of the AJCC Cancer Staging Manual is determined by the presence or absence of cancer in regional lymph nodes. The pathology report indicates that multiple lymph nodes were examined and no tumor was found (pathology report item 1). Additionally, the report states that the primary tumor was confined to the kidney (pathology report item 11). Therefore, based on the information provided, the patient would be classified as N0, indicating no regional lymph node metastasis.",N0
KICH,TCGA-KM-A7QG,TCGA-KM-A7QG.47DE599A-EEED-4A9E-B1C2-9F63598A9C4A,T1a,0.0,N0,0.0,"Admit Date: Gender: Female. Birth Date: Attending: DIAGNOSIS: 1. Liver, segment 2-3 hepatectomy (1FS): Telangiectatic adenoma with. changes of steatohepatitis; Adjacent liver shows steatohepatitis with. moderate steatosis, prominent ballooning injury, numerous Mallory. bodies, moderate inflammation, and bridging fibrosis, see Note. 2. Liver, segment 4-5 resection, wedge biopsy: Telangiectatic. adenoma with changes of steatohepatitis; Adjacent liver shows. steatohepatitis with moderate steatosis, prominent ballooning injury,. numerous Mallory bodies, moderate inflammation, and bridging fibrosis,. see Note. 3. Adrenal gland, left, resection: Macro and micronodular. hyperplasia. 4. Fat, left perinephric, resection: Fibroadipose tissue, no tumor. seen. 5. Kidney, mass, resection: Renal cell carcinoma chromophobe type,. margins of resection are free of tumor. 6. Lymph node, preaortic, resection: Reactive lymph nodes, no tumor. seen (0/10). 7. Lymph node, intraaortic caval, resection: Reactive lymph nodes,. no tumor seen (0/10). 8. Lymph node, periaortic, resection: Reactive lymph nodes, no tumor. seen (0/16). NOTE: Sections from specimen #1 and specimen #2 through the nodules in. both wedge sections show a proliferation of hepatocytes with irregular. fibrous septa and hemangioma-like collections of blood vessels. The. lesion is partly encapsulated. Many normal arteries are present. The. hepatocyte plates are 1-2 cells thick as demonstrated by reticulin stain. in specimen #1 but not encapsulated in specimen #2. There is no. ductalar reaction. No mitotic activity is seen. Changes of. steatohepatitis are present including steatosis, ballooning injury, and. Mallory bodies. is positive in sinusoidal endothelial. cells in the tumor. CK7 and CK19 are positive in scattered small cells. probably representing hepatic stem cells. The liver adjacent to the. nodule shows hepatic architecture distorted by the bridging fibrosis and. early regenerative nodule formation. There is moderate macrovesicular. steatosis. This is associated with prominent ballooning hepatocellular. injury in zone 3 and frequent foci of lobular inflammation. There is. mild portal chronic inflammation associated with mild focal interface. hepatitis. Numerous Mallory bodies are seen as highlighted by ubiquitin. immunostaining. The iron stain is positive in reticuloendothelial cells,. The copper stain is negative. This patient has an advanced liver. disease and is at risk for developing cirrhosis. JobID: Do not file in Medical Record. Gender: Female. Birth Date: Specimen #1 and #2 are evaluated by. The immunoperoxidase tests performed here were developed and their. performance characteristics determined by the. They have not been cleared or. approved by the U.S. Food and Drug Administration. The FDA has also. determined that such clearance or approval is not necessary. This. laboratory is certified under the Clinical Laboratory Improvement. Amendments of 1988 (CLIA) as qualified to perform high complexity. clinical laboratory testing. CLINICAL INFORMATION: Allocate Order to Protocol: Brief. Clinical History: renal. mass, liver mass Specimen Taken For Protocol: PROCEDURE: Pre-Operative Diagnosis: renal mass, liver mass. Post-Operative. Diagnosis: renal mass, liver mass Operative Findings: renal mass,. liver mass. SPECIMENS SUBMITTED: 1. LIVER, Segment 2-3 hepatectomy (1FS). 2. LIVER WEDGE BIOPSY, Segment- 4-5 resection. 3. ADRENAL GLAND, LEFT, Left. 4. FAT, Left perinephric. 5. LIVER WEDGE BIOPSY, Renal mass. 6. LYMPH NODES, Pre-aortic. 7. LYMPH NODES, Intra-aortic caval. 8. LYMPH NODES, Para - aortic. INTRAOPERATIVE CONSULTATION: 1FS ""Segment 2 and 3 hepatectomy"": 1FS diagnosis: Benign hepatocellular nodule. GROSS DESCRIPTION: Received are 8 formalin-filled containers. labeled with the patient's name, medical record number, and further. specified as follows: 1. ""Segment 2 and 3 hepatectomy"", consists of a red-tan tissue. measuring 14x8x3cm. Approximately 0.6 x 0.3: x 0.1 from tumor area. is frozen as 1FS. In Surgical Pathology, the frozen tissue is. transferred to an orange cassette labeled. FS and the liver is. inked in black on the upper surface and yellow on the bottom surface,. blue in the staple resection margin. There is a nodule measuring 1.7 x. 1.1 x 2.2 cm. Representative sections are submitted in white cassettes. labeled. A-1G (representative staple sections in 1A-1C; The. tumor nodule in 1D-1F; The normal hepatic parenchyma in 1G) for. permanent processing. Approximately 3 x 2 x 0.4 cm of tissue is. procured for. Additional sections from the tumor are submitted. in white cassettes. I-1M for permanent processing. JobID: Do not file in Medical Record. Gender: Female. Birth Date: 2. ""Segment 4 and 5 wedge resection"", consists of a tan-brown liver. tissue measuring 8 x 3 x 2 cm. The specimen is serially sectioned. No. gross lesion is noted. The surgical resection margin is inked in blue. and four representative sections are submitted in white cassettes. labeled. for permanent processing. 3. ""Left adrenal"". The specimen is an adrenal gland with fat,. weighing 53.2 grams, measuring 7 x 2.5 x 3 cm. The fat measures 9 x 5x. 1 cm. The specimen is inked black and then bisected revealing a yellow. nodule measuring up to 0.5 x 0.5 x 0.4 cm. The nodule is procured for. In Surgical Pathology, the specimen received matches the above. description and representative sections of the adrenal are submitted in. 3A-3C for the adrenal tumor, and 3D-3E for fatty tissue. margins. 4. ""Left perinephric fat"", consists of a specimen of adipose tissue. measuring 18 x 9 x 4.5 cm. No lymph nodes were noted in the gross. examination. Three representative sections are submitted in white. cassettes labeled. for permanent processing. 5. ""Left renal mass"", consists of a tan soft tissue measuring 5 x 4.5. x 3.5 cm. The staple section is inked in red and the capsule was inked. in blue. The pelvis and artery and veins from the surgical section. margin is submitted in white cassette. There is a nodule. measuring 1.7 x 1.5 x 1.2 noted in the cut surface. The nodule is close. to the capsule and representative tumor is submitted in white cassettes. 5B-5E, and the normal kidney parenchyma is submitted in white. cassettes labeled. for permanent processing. 6. ""Preaortic lymph node"", consists of a piece of lymphoid adipose. tissue measuring 5x 2.5 x 1 cm. There are 6 lymph nodes measuring up. to 0.8 cm in greatest dimension. They re.submitted in white cassettes. labeled. for permanent processing. 7. ""Intra-aortic lymph node"", consists of a piece of adipose tissue. measuring 3.5x1.8x1cm. There are multiple lymph nodes measuring up to. 0.7cm in the greatest demention. They are sarially secetioned and. entirely submitted in white cassettes labeled. for. permanent processing. 8. ""Para-aortic lymph node"", consists of adipose tissue measuring 6 x. 3 x 2.5 cm. There are multiple lymph nadag in the specimen. They are. submitted in white cassettes labeled. BA-8D for permanent. processing. The procurements were done by. Gross description dictated by. Reviewed by: JobID: Do not file in Medical Record. Gender: Female. Birth Date: Surgical Pathology [OrderII: JobID: Do not file in Medical Record.","The N stage for kidney cancer in the 7th edition of the AJCC Cancer Staging Manual is determined by the number of positive regional lymph nodes. In this case, we are provided with the pathology report of a patient who had multiple lymph nodes removed and examined. Here's the step-by-step reasoning: 
1. We look for information about the lymph nodes in the pathology report. 
2. We find the following information: 
   - Preaortic lymph node (0/10): 0 out of 10 lymph nodes were positive. 
   - Intra-aortic caval lymph node (0/10): 0 out of 10 lymph nodes were positive. 
   - Periaortic lymph node (0/16): 0 out of 16 lymph nodes were positive. 
3. Since there are no positive regional lymph nodes, the N stage for this kidney chromophobe cancer patient is N0.",N0
KICH,TCGA-KN-8418,TCGA-KN-8418.5cf28de7-02eb-4cf2-82cf-6b0f6f0b6fd4,T2,1.0,N0,0.0,"Surgical Pathology Repor. Speci men. RTB MORROW SQUEEZE. SPECIMLN I ABELLD ""10TH RIB"": Bone marow with maturing trilineage hematopoiesis. Ihere is no evidence of malignancy. SPLCIMEN I ABELFD ""RIGHI KIDNLY"" (INCLUDING FSA1 AND FS02): RFNAL CELL CARCINOMA (10.0 cm). chromophobe type. Fuhrman nuclear grade. III/1V. I ymphovascular invasion is identified. bu the renal vein of fumor. Tumor does not invade the renal capsule. Surgical soft tissue resection margins are free of tumro. Ureter renal artery, and renal vein margins are free of fumor. Non lesional kidney with no significant pathologic change. lhe adrenal gland is not present. Dtm. Utilities Help Goodbye. Surgical Pathology Repor. Specimen. RIB MARROW SQUEEZE. Hale's colloidal iron stain is positive in tumor cells, supporting the. diagnosis of chromophobe type. SPLCIMEN LABELED ""RECIONAL LYMPH NODLS"": Ihree lymph nodes negative for tumor. nJCC classification: 12 NO Mx. SURGICAL ODDENDUM: The diagnosis for part 2 contains a typographical error: the relevant par t. BICS. Terroina. Utilities Hr'n Good!. Sucnical Pathology Repor. RIB MARROW sous. should read ""Lymphovascular invasion is identified. but the renal vein is free. of tumor. The remaining diagnoses ure unchanged. CI INTCAL DATA: History: None given. Operation: R radical nephrectomy. Clinical Diagnosis: R renal mass. LISSUF SUBMITIED: 1. 10th rib. 2. Right kidney. 3. Regional lymph nodes. O.R. CONSUI. TAT [ON REPORT. Dtm. Utilities Help Coodbye. Surgical Pathology Repor. SPFCTMEN LABEL FD RIGHT KIDNEV (FSA1, FSA2). 9.6 CM mass consistent with renal cell carcinoma. Consistent with renal cell carcinoma (see note). NOTE: Ihe pattern is slighty unusual but favors RENAI. CELL CORCINOMA over. TRONSITTONOL CLLL CARCTNOMR. (It May be a chromophobe RENOL CEIL CARCINOMO.). CROSS DESCRIPITON: the specimen IS received 11) three parts. received fresh. labeled with the. patient's name and unit number. Specimen #1 is ""10th rib"" and consists of d single rib (6.5 x 1.5 x 0.6 cm). Micro 1: rib marrow squeeze. multi frags. Dim. Heln Coodthye. Specimen #2 is ""right kidney"" and consists of di radical nephrectomy specimen. (16 x 8 x 7.5 c.m. 447 grams) that contains a 1an. lobulated. focally. hemorrhagic mass. (10.0 x 7.0 cm) at the lower pole that pushes out on the. capsule but does not appear to penetrate the capsule. The renal pelvis and. ureler and the renal vein are grossly free of tumor. The renal cortex and. medulla away from the tumor are grossly unremarkable. No adrenal gland is. identified in the perinephric fat. Representative samples of solid areas x3 ar. submitted as SA1. The cystic areds x2 are submitted as FSA2. Representative. sections of solid and cystic areas. normal cortex and medulla are taken for. tumor bank. Micro 2: frozen section remant. FSA1. 2 frags. ESS. Micro 3: fro/en section remnan!. FSA2, 2 frays, ESS. Micro 4. ureter. artery and veins, 3 frags, RSS. Micro 5-9: tumor. 1 frag each. RSS. Dtm. Utilities Help Goodbye. Micro 10: adjacent uninvolved kidney. 1 frag. RSS. Micro 11: tumor adjacent to renal pelvis. 2 frags. RSS. Specimen #3 is ""regional lymph nodes"" and is a single Tragment of pink/gray. soft lissue (2.3 x 1.1 x 1.0 cm). Ihree lymph nodes are identified. Micro 12: 2 lymph nodes, 1 frag. LSS. Micro 13: largest lymph node (1.5 cml. bisecled. 2 frags, LSS. End of Text. Hele Goodhye. Surgical Pathol logy Report. MORROW SQUFFZE. Specimen #2 is ""right kidney and consists of a radical nephrectomy specimen. (16 X 8 x 7.5 CM. 441 grams) that contains a tan. lobulated, focal ly. hemorrhagic mass. (10.0 x 7.0 cm) at the lower pole that pushes out on the. capsule but does not appear to penetrate the capsule The renal pelvis and. ureter. und the renal vein are grossly free of tumor The renal cortex and. medulla away from the tumor are grossly unremarkable. No adrenal gland is. identified in the perinephric fat. Representative samples of solid ureas x3 ar. submitted as FSA1. The cystic areas x2 are submitted as FSA2 Representative. sections of solid and cystic areas, normal corlex and medulla are taken for. tumor bank. Micro 2: frozen section remont. FSA1. 2 frags, ESS. Micro 3: frozen section remnant, FSA2. 2 frags, ESS. Micro 4. ureter. artery and veins. 3 frags, RSS. Micro 5-9: tumor, 1 frag each, RSS. Utilities Help Goodbye. Micro 10: adjacent uninvolved kidney. 1 frag. RSS. Micro 11: tumor adjacent lo renal pelvis. 2 frags. RSS. Specimen #3 is ""regional lymph nodes"" and is d single fragment of pink/gray. soft tissue (2.3 x 1.1 x 1.0 cm). Ihree lymph nodes are identified. Micro 12: 2 lymph nodes, 1 frag. LSS. Micro 13: largest lymph node (1.5 cm). bisected. 2 frags. ESS. End of Text. Good!. Suedical Pathology Report. 4. should read ""Lymphovascular invasion is identified. but the renal vein is free. of tumor. lhe remaining diagnoses are unchanged. CLINICAL DATA: History: None given. Operation R radical nephrectomy. Clinical Diagnosis: R renal mass. ITSSUF SUBMITTED: 1. 10th rib. 2. Right kidney. 3. Regional lymph nodes. O.R. CONSULTATION REPORT: Utilities Help Goodbye. Pathologu. SPECTMEN ""ATGHT KIDNFY"" (FS01. FS02): 9.6 cm mass consistent with renal cell carcinoma. Consistent with renal cell carcinoma (see note). NOTE: The paltern is slighty unusual but favors RENAL CELL CORCINOMO over. TRANSITIONAL CELL CORCINOMO. (It may be e thromophobe RENOL CLI.L CORCINOMA.). CROSS DESCRIPTION: The specimen is received in three parts, received fresh. Labeled with the. patient's name and unil number. Specimen #1 is ""10th rib"" and consists of d single rib (6.5 x 1.5 X 0.6 cm). Micro 1: rib marrow squeeze. multi frags. RSS.","The N stage for kidney cancer in the 7th edition of the AJCC Cancer Staging Manual is determined by the number of positive regional lymph nodes. In this case, we are given the pathology report of a patient with Kidney Chromophobe cancer. The report includes the examination of the 'regional lymph nodes' which had three lymph nodes, all negative for tumor. Therefore, there are no positive regional lymph nodes.",N0
KICH,TCGA-KN-8419,TCGA-KN-8419.7c6ce9a3-898a-4080-ae98-dbc9b529adb7,T2,1.0,N0,0.0,"SPECIMEN LABELED ""KIDNEY FOR TUMOR BANK"". RENAL CELL CARCINOMA (20.6 cm), Chromophobe type, Fuhrman nuclear grade. II. The tumor compresses the renal cortex, but does not invade the perirenal. adipose tissue. No lymphovascular invasion identified. The renal artery, vein, and ureter margins are negative for tumor. Uninvolved kidney with no significant pathologic change. Adrenal gland; no diagnostic abnormality recognized. AJCC (6th Edition) Classification: T2 Nx Mx. NOTE: A modified Hale's colloidal iron stain is in progress to confirm the. chromophobe features. SURGICAL ADDENDUM: SPECIMEN LABELED ""KIDNEY FOR TUMOR BANK"". The Hale's colloidal iron stain is positive, supporting chromophobe. differentiation of RENAL CELL CARCINOMA. NOTE: Repeat iron stain (Hale's colloidal iron) and a CK7 impox were. performed on selected sections where oncocytoid and chromophobe. features overlap. The immunostaining pattern for CK7 shows diffuse. positivity in both areas supporting the diagnosis with chromophobe. RENAL CELL CARCINOMA. The diagnosis remains unchanged. CLINICAL DATA. History. CT - large (L) renal mass. Operation: (L) rad, nephrectomy. Clinical Diagnosis: (L) renal mass. TISSUE SUBMITTED: #1. (L) kidney. GROSS DESCRIPTION: by SANTAGATA, SANDRO, M.D. PH.1 D. The. specimen was received fresh, in one part, labeled with the patient's name,. medical record number, ""Kidney for tumor bank"", and consists of a 2277.8 g. (12.5 X 12.0 X 11.0 cm) nephrectomy specimen with adrenal gland (12.4 X 2.3 X. 0.4 cm) There is a renal vein (1.5 cm in length X 0.8 cm in diameter), a. renal artery (2.5 cm in length X 0.4 cm in diameter), and ureter (6.: cm in. length X 1.0 cm in diameter proximaly X 0.4 cm in diameter at the margin). There is a 20.6 X 14.0 X 11.0 cm yellow/golder brown and focally hemorrhagic. mass which protrudes from the kidney compressing the cortex into a thin rim in. the upper pole. The mass is incapsulated by a thin membrane (less than 0.1 cm. in dimension) The mass is 11.5 cm from the ureter, 7.0 cm from the renal vein. and 7. 8 cm from the renal artery. Representative sections of the mass and. normal tissue are submitted to the tissue bank and cytogenetics. The tumor has. a large focus of hemorrhage and fibrosis (5.3 X 3.8 X 2.9 cm) as well as. multiple areas of necrosis. Micro 1: Renal artery vein and ureter margins, 3 frags,. Micro 2: Tumor to capsule (inked black) 2 frags,. Micro 3-5 : Representative section of tumor, 5 frac. Micro 6: Hemorrhagic fibrotic area, 2 frags,. Micro 7: Tumor to renal cortex, 1 frag. Micro 8 : Tumor to pelvis, 1 frag,. Micro 9: Tumor to adrenal, 1 frag. Micro 10: Uninvolved kidney, 2 frac. Micro 11: T1 fragment, 1 frag,. Page: 1 of 2. Micro 12: T2 fragment, 2 frags. Micro 13: T3 fragment, 1 frag,. Micro 14: T4 fragment, 1 frag,. Page: 2 of 2.","The N stage for kidney cancer in the 7th edition of the AJCC Cancer Staging Manual is based on the presence and extent of regional lymph node metastasis. The pathology report indicates that no lymphovascular invasion was identified and the renal artery, vein, and ureter margins are negative for tumor. This suggests that there is no evidence of direct spread of the tumor to the regional lymph nodes. Additionally, there is no mention of any lymph nodes being removed and examined during the surgery. Therefore, based on the information provided, the N stage for this patient is N0, indicating no regional lymph node metastasis.",N0
KICH,TCGA-KN-8421,TCGA-KN-8421.9e8f8afd-e0a0-4ae2-ab6b-30f344e372de,T2,1.0,N0,0.0,"port Status: LEFT KIDNEY, RADICAL NEPHRECTOMY: RENAL CELL CARCINOMA, (12.8 cm) Fuhrman nuclear grade 3 of 4, chromophobe. type. The tumor is confined to the renal parenchyma. The renal vein, ureter, and inked soft tissue margins are free of tumor. Lymphatic vascular invasion is not seen. The renal parenchyma away from the tumor will be reported separately as an. addendum. Two lymph nodes are free of tumor. AJCC (1997) stage T2 NO MX. NOTE: Hale's colloidal iron stain is positive supporting the diagnosis. SURGICAL ADDENDUM: LEFT NEPHRECTOMY. KIDNEY PARENCHYMA AWAY FOR THE TUMOR SHOWS NO SPECIFIC ABNORMALITIES. MICROSCOPIC DESCRIPTION: Representative sections of the non-tumor parenchyma contains kidney cortex. and medulla. There are numerous glomeruli seen (over 100) Glomeruli with. global sclerosis are not seen. Glomeruli show normal cellularity and reveal. no significant pathological changes. On PAS and Jones' silver methenamine. stain, the glomerular basement membranes appear of normal thickness. Tubules. are well preserved. The interstitium shows no fibrosis or active. inflammation. Approximately 10% of the sample shows focal tubular atrophy and. interstitial fibrosis, as evidenced on the trichrome stains (AFOG) Arteries. and arterioles are unremarkable. CLINICAL DATA: History: None given. Operation: Hand assisted laparoscopic left nephrectomy. Clinical Diagnosis: Left renal mass. TISSUE SUBMITTED: #1. Left kidney. GROSS DESCRIPTION: The specimen is received Iresh, Tabeled with the patient's name, unit number. and ""#1. left kidney"", and consists of a 545 gram left radical nephrectomy. specimen (15. 1 X 12.9 X 5.4 cm), to include entire kidney (15.0 X 11.7 X 4.5. cm), portion of dilated ureter (4.3 cm, 0.6 cm in diameter) , renal artery (2.5. X 0.5 X 0.5 cm) and renal vein (2.3 X 2.0 cm in diameter) . The kidney. is. partially surfaced by perinephric fat. No adrenal gland is noted. Sectioning. demonstrates an encapsulated nodular tan/pink lobulated mass (12.8 X 9.5 X 4.4. cm), which is centrally necrotic and hemorrhagic with an apparent 3.0 X 0.8 x. 0.8 cm scar. Mass abuts but does not appear grossly to invade the renal. pelvis, which is freely mobile, and occupies the majority of the central. portion of the kidney, sparing the poles. The mass expands but does not. appear grossly to invade through the renal capsule, which otherwise. demonstrates dense hemorrhagic fibrous adhesions. Closest urethral. within 3.0 cm post-fixation) closest renal vein margin is within 2.5 o. post-fixation) and closest renal artery margin is within 3.0 cm. (post-fixation) There are no additional masses noted upon sectioning. Transitional epithelium is tan/white and velvety, cortical medullary jun. are distinct and the uninvolved portions of the cortical surface appears. smooth. The perinephric adipose tissue is freely mobile. Three represe. sections of the tumor have been submitted for cytogenetics (1A, 1B, 1C) and to. tumor bank (1A,1B,1C) Representative sections of cortex and medulla are. Page: 1 of 2. submitted. to tumor bank. Representative non-neoplastic kidney is submitted. for electron microscopy, immunofluorescence studies. Representative tumor is. retained for electron microscopic studies. Gross photographs are taken. Representative sections corresponding to tissue from 1A, 1B and 1C have been. the formaick fixation. Micro 1: margins ushave, mult frags,. Micro 2: tumor with respect to renal pelvis, adjacent renal tissue, 1 frag,. RSS. Micro 3-4: tumor with respect to adjacent renal parenchyma, 2 frags,. Micro 5-6: tumor and renal capsule (inked blue) , 2 frags. Micro 7: uninvolved renal parenchyma, 1 frag,. Micro 8: quick fixed tissue ""1A"", 1 frag,. Micro 9: quick fixed tissue ""1B"", 2 frags. Micro 10: quick fixed tissue ""1C"", 1 frag,. Micro 11: 2 possible lymph nodes, 2 frags,. Micro 12: scarred area of tumor, 1 frag,. SPECIMEN TYPE: KIDNEY PARTIAL OR TOTAL NEPHRECTOMY. Page: 2 of 2.","The N stage for kidney cancer in the 7th edition of the AJCC Cancer Staging Manual is based on the number of involved regional lymph nodes.   0 involved nodes is N0, 1 is N1, 2 to 4 are N2, and more than 4 are N3. 

In this pathology report, it is stated that 'Two lymph nodes are free of tumor.' This means that there is no evidence of cancer in the regional lymph nodes. 

Therefore, the N stage for this patient is N0.",N0
KICH,TCGA-KN-8422,TCGA-KN-8422.04bf62ab-00c6-4f27-83f2-dc83bda24497,T1a,0.0,N0,0.0,"da. PATHOLOGIC DIAGNOSIS: A. KIDNEY, RIGHT, NEPHRECTOMY. RENAL CELL CARCINOMA, CHROMOPHOBE TYPE (2.8 cm). Tumor is well circumscribed and confined to the renal parenchyma. Ureter, artery, vein margins are not involved (levels examined. Hale's colloidal iron stain is positive in many tumor cells. AJCC stage (6th edition) : Tla NX MX. B. ELEVENTH RIB: Normocellular bone marrow with maturing trilineage hematopoiesis. C. HILAR LYMPH NODE: One (1) lymph node with no significant pathologic change. CLINICAL DATA: History: Not provided. Operation: Right radical nephrectomy. Operative Findings None given. Clinical Diagnosis: Right upper pole renal mass. TISSUE SUBMITTED: A/1. Right kidney. B/2. Eleventh rib. C/3. Hilar lymph nodes right side. GROSS DESCRIPTION: The specimen is received fresh, in three parts, each labeled with the patient?s. name and unit number. Part A, labeled ""#1. Right kidney"", consists of a 132 gm, right kidney with. scant amount of fat attached to the kidney and no identifiable adrenal. The. kidney (10.5 X 5.5 X 3.4 cm) has an attached artery (1.5 cm in length X 0.3 cm. in diameter) and attached vein 0.7 cm in length x 0.5 cm in diameter), and. inferior second branch vein (1.2 cm in length X 0.2 cm in diameter), and. attached 4.5 cm segment of ureter (0.: cm in diameter) The mid portion of the. kidney contains a mass in the renal parenchyma, which bulges into the renal. sinus (2.8 X 2.5 X 2.5 cm) We marked the surface with black ink. Cut. surfaces show soft dark tan/brown mottled tumor, which abuts the capsule,. protrudes into the hilum and pushed but does not appear to involve the. collecting structures in the pelvis. The lumen of renal vein is without. obvious tumor thrombus. The renal parenchyma around the vell-circumscribed. tumor is compressed and pale and has the appearance of renal papillae distorted. by the mass. The cortical medullary junctions are well defined. The cortexes. are of the expected thickness, firm and light brown. The capsule strips with. ease from the surface of the kidney except in the area of the tumor where it is. firmly adherent (inked surface) Tumor is taken for cytogenetics and electron. microscopy. Normal tissue is taken for electron microscopy and. immunofluorescences. Representative sections tumor and normal are submitted to. tissue bank. The specimen is photographed. Lymph nodes are not grossly. obvious in the fat. Micro A1: Margins of vein artery and ureter, 3 frags,. Micro A2: Tumor with adjacent collecting system, 1 fra. Page: 1 of 3. Printed: 11/28/2005 10:40. Page: 3 of 3.","1. The AJCC Cancer Staging Manual (7th edition) defines the N stage for renal cell carcinoma based on the presence and extent of regional lymph node metastasis.
2. In this pathology report, the gross description mentions the examination of hilar lymph nodes, which were found to have no significant pathologic change.
3. This indicates that there is no evidence of regional lymph node metastasis in this patient.
4. Therefore, based on the information provided in the pathology report, the N stage for this Kidney Chromophobe cancer patient is N0, indicating no regional lymph node metastasis.",N0
KICH,TCGA-KN-8423,TCGA-KN-8423.d3379505-cda9-4d23-bc41-9dca06be301e,T1b,0.0,N0,0.0,"PATECLOGIC CIAGNOSIS: is: SPECIMEN LABELED ""LEFT KIDNEY"". HANA: CELL CARCINOMA 15.5 cm), predominantly Chromophobe type, Puhrman. grade : of IV (in a background of II of IV) See note. Tumor is well circemscribed and confined to the kidney. does not invade renal pelvis. the vascular and ureceral resection margins are free of tumor. NOTE; Kany tumor colls are positive for Hale's colloidal iron. (chromophobe component), but the tumor also has features of. oncocytoma; this is consistent with a mixed type cumor. B: SPECIMEN LABELED ""REGIONAL LYMPH NODES"": (6) lymph node; no tumor present. ACCO stage (6th Tlb NO Mx. CLINICAL DATA: Gistory: 45 year-old with incidental findings of solid mass left kidney. operation: Nephrectomy. Operative Findings: Not provided. Clinical Diagnosis: Incidental left kidney mass. TISSUE SUBMITTED: A: Left kidney. 0/2. Regional lymph nodes. GROSS DESCRIPTION: the specimen is received Eresh, in two parts, each labeled with the patient?s. name and unit number. is, labeled ""#l. Left kidney"". consists of a 603.5 gm left nephrectomy. apecimen including kidney 12.5 x 6.5 x 3.3 cm) and surrounding perirenal fat. from 0.9 cm to 2.2 em in thickness) Extending from the renal pelvis. a segment of ureter (11.0 cm in length with a diameter ranging from 0.1 cm. proximally up LO 0.4 c.a distally), bifurcated renal vein (averaging 0.4 cm in. length x 0.5 em in diameter), renal artery (0.6 cm x 0.3 cm in diameter). The. specimen is inked biack and sectioned to exhibit a circumscribed bulging mass. 15.0 x 4.8 x 3.7 cm) in the lateral lower pole. The mass is approximately 75%. vellow/t.an lobulated and solid with a peripheral component. lappreximately 258) which is very fibrotic red/brown to tan/white and centrally. benorrhagic. The mass is 8.5 cm from the ureteral margin, 4.7 em from the. venal artery margin, and 4.2 cm from the renal vein margin. Upon sectioning,. the mass exhibits a variegated focally hemorrhagic red/brown to yellow/tan. Socally tibrotic cut surface and grossly appears to expand but not grossly. invade through the renal capsule, pushing into the adjacent perinephric fat and. coming to within 0.1 C.T. of the black inked margin. The mass is approximately. 85 solid and 15% friable to necrotic. The remainder of the renal cortex is tan/brown with a well-defined cortical. medullary junet The pelvocaliceal system exhibits smooth glistening tan. present wrothelium with perinephric no masses lymph node. or lesions identified. The adrenal gland is not. The fat is thinly sectioned but no candidates. are identified The specimen is photographed. Representative sections of. .umor were previcusly aiven to Cytogenetics, Electron Microscopy, and the. Tissue Bank. Representative normal kidney was previously sent for Electron. Microscopy, Immunofluorescence, and given to the Tissue Bank. Micro Al: Creteral and vascular margins, en face, 4 frags,. Micro A2: Tumor and capsule and closest approach to black inked margin, : frag,. RSS. Micro A3: Tumor capsule and perirenal Sat, 1 frag,. Micro A4: Tumor to include junction of fleshy yellow/tan component. with. fibrotic red/brown to tan component, 1 frag, RSS. Micro AS: Tumor and adjacent uninvolyed kidney and renal sinus, 1 frag,. Micro A6: Uninvolved kidney, 1 frag,. Micro A7: Uninvolved calyx and unremarkable urothelium, 1 frag. Part R, labeled ""#2. Regional lymph"", consists of one fragment of yellow/tan. fibrofatty tissue (3.9 x x 1.1 cm), which is dissected for lymph node. candidates. Eight pink/tan rubbery lymph node candidates (ranging from 0.2 em. to 1.0 cm in greatest dimension) are identified and are entirely submitted as. follows: Micro B1: 2 lymph node candidates, 2. frags,. Micro B2: 3 lymph node candidates, 3 frags,. Micro B3: 3 small lymph node candidates, 3 f. By his/her signature below, the senior physician certifies that ho/she. personally conducted a microscopic examination (""gross only"" exam if so stated). of the described specimen(s) and rendered or confirmed the diagnosis(es). related theret.o. ADDENDUM FOR KIDNEY PARENCHYMA NOT INVOLVED BY TUMOR. PATHOLOGIC DIAGNOSIS. KIDNEY WITH MILD FOCAL GLOBAL GLOMERULOSCLEROSIS (5%) (SEE NOTE). ARTERIAL AND ARTERIOLAR SCLEROSIS, WITH SUBINTIMAL HYALINOSIS,. (SEE NOTE). NOTE: This surgical specimen of non-tumoral kidney does not reveal significant. findings in the parenchyma. Namely, the glomeruli show 5% focal global. sclerosis and there are no significant changes in the tubulo-interstitial. compartment. There is only mild vascular sclerosis and focal intimal hyal Jinosis. present. MICROSCOPIC DESCRIPTION: The sample consists of kidney cortex and medulla. There are up DO two. hundred eighty-three glomeruli present in the sample submitted for licht. microscopy. Fourteen (14) glomeruli are globally obsolescent (5%). The. preserved glomeruli show very mild signs of hypertrophy, with subtle increase. in cellularity and mesangial matrix. On PAS and Jones' silver methenamine. stain, the glomerular basement membranes appear of normal thickness. No. ""spikes"" or craters are recognized Tubules are well preserved; occasional. FAS-positive casts are seen. The interstitium shows no significant fibrosis or. active inflammation. Less than 58 of the sample shows tubular atrophy and. interstitial fibrosis, as evidenced on the trichrome stains (AFOG) these areas. are mostly subcapsular in location. Arteries and arterioles show focal and. mild sclerosis of the wall with subintimal hyalinosis. Pare: ? of. Printed: 11/28-2005 10:40.","The pathology report states that the specimen labeled 'Regional lymph nodes' consists of six lymph nodes, and no tumor was found in any of them (B: SPECIMEN LABELED ",
KICH,TCGA-KN-8424,TCGA-KN-8424.60b044b4-9f1a-43db-b421-325471a068f8,T1b,0.0,N0,0.0,"Type: Surgical Pathology. Specimen Type: Kidney, partial or total resection. Procedure Date: Addended Report. PATHOLOGIC DIAGNOSIS: RIGHT KIDNEY, NEPHRECTOMY (573 gm): RENAL CELL CARCINOMA, chromophobe variant (6.6 cm), Fuhrman nuclear grade 2-3/4. (see NOTE). Tumor is confined to the kidney. Resection margins are negative for tumor. Vascular and ureteral margins of resection are negative for tumor. No lymphovascular invasion is seen. Immunohistochemistry performed at. emonstrates the following staining. profile in tumor cells: Negative - TFE3. AJCC (6th Edition): T1b NX MX. Special stains to assess adjacent renal parenchyma will be issued as an. addendum. NOTE: Cytogenetic findings confirm the above diagnosis. See cytogenetics report. CLINICAL DATA: History: with multiple sclerosis. Workup for sciatica found. large R renal mass. Operation: Hand-assisted laparoscopic nephrectomy. Operative Findings: Large right renal mass. Clinical Diagnosis: Renal cell CA mass. TISSUE SUBMITTED: #1 Right kidney. GROSS DESCRIPTION: The specimen is received fresh, labeled with the patient?s name, unit number,. and ""1. Right kidney"", and consists of 573 gm right nephrectomy specimen (16 x. 11 x 8 cm), including a kidney (15 X 7.5 x 6.3 cm) with attached perirenal. adipose (up to 6.0 cm). A 2.2 cm renal artery (diameter 0.5 cm), a 1.3 cm renal. vein (diameter 0.9 cm), and a 8.5 cm ureter (0.5 cm) are present at the hilum. and are grossly unremarkable. Gerota's fascia has been previously partially. inked black. The specimen contains a well-circumscribed, tan/yellow,. hemorrhagic mass (6.6 x 6.3 X 5.8 cm), which expands to but does not grossly. invade the renal capsule at the lower pole, 2.5 cm from the hilar vessels. The. perirenal fat over the tumor is freely mobile, without gross evidence of. involvement. Representative tumor was taken for. cytogenetics, and tumor. bank, and representative normal kidney was sent for. IF, and tumor bank. There is no adrenal gland present, and the remaining renal tissue is grossly. unremarkable without additional lesions or other abnormalities. The renal. pelvis is likewise grossly unremarkable, lined by light tan, trabecular mucosa. without abnormality. Micro A1: Vascular, ureteral margins, 3 frags,. Micro A2: Mass and closest, inked, adipose tissue margin, 1 frag. Micro A3: Mass, 1 frag,. Micro A4: Mass and adjacent, uninvolved kidney, 2 frags. Micro A5: Mass and adjacent renal vein, 1 frag. Micro A6: Uninvolved kidney, 1 frag. By his/her signature below, the senior physician certifies that he/she. personally conducted a microscopic examination (""gross only"" exam if so stated). of the described specimen(s) and rendered or confirmed the diagnosis(es). related thereto. ADDENDUM. RENAL PATHOLOGY EVALUATION OF NON-NEOPLASTIC KIDNEY PARENCHYMA. RIGHT KIDNEY, NEPHRECTOMY. MILD ARTERIAL AND ARTERIOLAR SCLEROSIS WITH HYALINOSIS (SEE NOTE). Note: The changes seen in the kidney parenchyma are mild and probably age-related. MICROSCOPIC DESCRIPTION: The section examined by light microscopy consists of kidney cortex and medulla. There are 269 glomeruli present in the sample, of which 1 (0.4%) is globally. obsolescent (sclerosed). The preserved glomeruli show normal cellularity and. reveal no significant pathological changes. On PAS and Jones methenamine. silver stains, the glomerular basement membranes appear of normal thickness;. ""spikes"", craters, or double contours are not evident. Tubules and. interstitium are well preserved, with no significant tubular atrophy or. interstitial fibrosis, as evidenced on the trichrome stain (AFOG). Arteries. show mild subintimal sclerosis, and arterioles show mild medial sclerosis with. focal segmental hyaline degeneration.","Step 1: Examine the pathology report for information about lymph node involvement. The report states 'Tumor is confined to the kidney. Resection margins are negative for tumor. Vascular and ureteral margins of resection are negative for tumor. No lymphovascular invasion is seen.' This indicates that there is no evidence of lymph node involvement in the specimen.  

Step 2: Check if any lymph nodes were removed and examined during the procedure. The report does not mention any lymph nodes being removed or examined. 

Step 3: Based on the information available, we cannot confirm if lymph nodes were examined and found to be negative for metastasis. However, there is no evidence of lymph node involvement in the specimen and no lymphovascular invasion was observed. 

Step 4: According to the AJCC Cancer Staging Manual (7th edition), the N stage for kidney cancer is determined by the presence and extent of regional lymph node metastasis. Since there is no evidence of lymph node involvement in the specimen and no lymphovascular invasion was observed, we can assume that the N stage is likely N0, indicating no regional lymph node metastasis. However, without information on lymph nodes being removed and examined, we cannot definitively assign the N stage.",N0
KICH,TCGA-KN-8425,TCGA-KN-8425.6c97d5a0-8519-4d0c-ae9d-065019d53621,T1b,0.0,N0,0.0,"PATH DIAGNOSIS: A: 1 :PT KIDNEY: RENAL CARCINOMA, chromophobe type, 6.0 em. The tumor ic contined to the kidney. Fuhrman grade II of IV. Vancular, ureter:e and sof! tissue margins are negative for tumor. No lymphovaschilar invasion identified. editiou} TJb Nx Mx. NOTE ; A renal pathology report evaluating unaffected Tenal parenchyma will be. repo cted aa an. CLT LCAL DATA: Hiet Dry: None give). Ope: ation: Lagarostopic left rodical nephrectony. Operacive Findings: None given. Cli; ical Diagnosis: Left renal mass. TIS: UE SUBMITTED: A/1 Left kidney. GRO. a DESCRIPTION: The specimen is received fresh, labeled with the patient?a name, unit number,. and ""III. Left kidcey"". and consigts of 586 gitt, 23.0 x 12.8 :c 6.0 em left. rad cal nephrentory specimen, to include lefe kidney 05.5 & 9.0 x 4.8 cm),. WiL 3.5 x 2.0 x 3. : om left adrenal gland, attached surrounding adipose. sin .ME, and a 33.5 x 3.5 em patch of Cerota's fascia ic present, and has been. ink d blue. region exhibits 7.2 em ureter (diameter 2.4 cm), 1.8 em. art ry diameter 1.5 cm), and 1. 3 em renal vein (mazimum diameter 1.6 em. The. spe has been entirely inked and bivalved, revealing a ciccumscribed,. par iolly encapaulated can/pink to tan/yellow is. x 0.7 X 2.5 cm) abutting. and. but not grossly invading the renal capsule, 2.2 Crom the closest. bio ;k linked sargin, and abutting the cenal pelvis. Mass is 10.0 cm from the. ure eval margin, .0 cm to the arterial surgin. and 3.= em from the renal vein. margin. Macs demonstrates central focal necrosia, is 25% of surfaces) and. LOC 17 calcification 11.5 am), and meant hemorrhage located within the apper. pole. Note: Tissne allocation for specimen states closest black inked margin. as vithin 3.2 cm; upon turther sectioning of the tumor, clesest black inked. mei zin .G within 1.5 cm. This tissue is freely mobile over the underlying. anded renal capsole. Remaining renal parenchyma is grossly unremarkable,. wit 1 dastinct cor ical medullary junction and no additional leaions grossly. Urx chejium is likevise unremarkablo. Adrenal gland is grossly uninvolved by. Lus and is received diurupted huft is otherwise unremarkable (questionably. corplete). Representative tumor has been nent for EM, cytogenetico, and tiasue. bar k. Representative normal renal parenchyme and adrenal gland have submitted. to cissue bank. Representative normal. renal pareochyma (cortex) bao been. sul mitced for EM and IF. Mi. ro A1: Vascular, trateral margin, 3 frags. Mi- to A2: Tissue in cassette designated. Mi ro A3: Tumor remal capaule, closedt black inked margin 3 frags,. Mi TO A4: Tumor and surrounding uninvolved renal parenchyma, 2 fraga. MI ro Als: Pocally colcified tumos (following decal), 1 frag,. Mi. ro AG: Uninvcived retel parenchyma, uninvolved adrenal gland, 2 Srags,. RSS. Pare: I of 7. is his/her signature below, the senior physician cortifion that he/che. p. rsonally condunted a microscopic examination (""grosp only"" exam it GO stated). the described specimen (s) and rendered or contivined the diagnosis(es). C. lated thereto. PS THOLOGIC DIAGNOSIS. EN ALUACION OF THI: KIDNEY PARENCHYMA NOT INVOLVED BY TUMOR: NE ?HRECTOMY SPECTMEN. EXDNBY PARENCHIMA WITHOUT SIGNIFICANT PATHOLOGICAL CHANGES (SEE NOTE). ARTERIAI, ANL: AFTERIOLAR SCHEROSIS, WITH SUBINTIMAL HYALINOSIS, MILD TO. MODERATE (SRE NOTE). NC F: The kidney parenchyma of this nephrectiony specimen does not: reveal. si mificant chance: on the glomeruli or OF the cubulointerotitial compartment;. th ire it so evidence for an active glomerular inflammatory process or. tu injury. The biopsy shows only mild to moderate chronic. va .cular injury. MI ROSCOPIC DESCRIPTION: the sample consiots of kidney cortex and medulla. There ure up to. On hundred (100) glomezuli present in the pample submicteri Cor light. mi roscopy. Glomernili with global selerosis are not recognited. The giomeruli. sh- w a preserved architecture, with presetvation of the mesangial manrix and. ce Jular elements. There to no evidence of active cellular prolifacation or. in lammation. On PAS and Jones' silver mechenamine stain, the glomerular. ba. ement membrant: appear delicate, without significant irrogularities. No. do ble contours o- boike-like"" lesions are recognizeri. Thbules reveal mild. var ublization, wich moderate amount on hyaline casts in the dista] tubules. The re is mild cubula: atrophy. The interotitium reveals also mild fibrosic. Lei 8 than 5% of tie nample shows tubuiar acrophy and interatitial fibrosis, as. ev: denced on the trichrome atains (AFOG), Arteried reveal moderate intimal. Mierenc and efferrent. arterioles shew mild sclerosia and byaline. the vecsel walls.","The N stage for kidney cancer in the 7th edition of the AJCC Cancer Staging Manual is based on the presence and extent of regional lymph node metastasis. The pathology report indicates that no lymphovascular invasion was identified and the lymph nodes were not sampled (Nx), which means that the N stage cannot be determined from this report. However, since there is no evidence of lymph node metastasis, the N stage would likely be N0, indicating no regional lymph node metastasis.",N0
KICH,TCGA-KN-8427,TCGA-KN-8427.f2a42c36-a475-43c7-bcd1-48b83c3ab5a6,T4,3.0,N1,1.0,"DIAGNOSIS: SPECTMEN DRATONATED ""IEFT RADICAL. CELT higit grade with and. leatures, and necrosis. nuclear grade :V of IV. : extenelvely invades into the ad.pose tisque. and tocaliy through Gerota's fascia. .8 presen: at the inked Gerota's fascial margen and. renal vein margin. Renal artery and ureter margins are negative for cumor. Cymphovascular invasion and verous invasion are present. adrenal gland, negative for tumor. T4 No. XX. D: 3. GUT Pathology Service, has reviewed this case and. RENAL PATHOGOOT GF KIDNEY PARENCHYMA: KICNEY, NEPERECTOMY: KINIMAL CHRONIC CHANGES OF THE KIENEY PARENCHYMA, MOST. LIKELY AGE-REDATED (SEE NOTE). ARTERIAL AND ARTERIOLAR SCLEROSIS, MID (SEK NOTRE. NOTE: The kidney parondiyna examined shows minical chionic changes. There Le mild. it of mild cubalar atrochy and. interst fibrosis Tess than 10 of the and a degres CE. trasualar. DESCRIPTION: Sections of formalin-tuxed, paraffin enbedded cissue (Block A13: wore. using ME, PAS, Jones stiver methenamine, and AFOG (trichromel stains. The sample consists of correx and nedullo There are 149 glemeruli present., DE. whink . The remaining glomerull. expansion DE the resungia: areas. ule cracers and focal double. dite Rane nonnait: cos. casts. Than 10 of tite sucws. atrophy and interst cini tibrosis. Arteries and arnericles extici: a. mité of sclerosis of the medita and of the subinrima. CLINICAL DATA: None goven. T. vadical regional lympl: node dissection. Operative Findings: None given. Clin_cal cell CA. Air I Rank: DESCRIBTION: Pare of. The specimen in fresh, with the pationts name, number,. and ""i kidney"" and consists ci a 1,497 am left nephrectiony specimen,. 28.5 x 12.2 N 12.5 am overal. and including the left kidney :f x. pland x and surrounding perironal. fat, measur.ng un is am ist greatest dirension. Extending from the ronal. pertis 105 uterer 10.8 um in Lenguit :- em in possible rena: vein. em: in x 3.3 con in Siameter, focally discupted and possible renal. artery. 5 en in x 0.2 em in diameter!. There is a 16.5 x 12.5 x 2.5. em lax mass with multiple areas of necrosis and. encompassing almest the entire kidney with satelitte nodules (at. Deant hree on the surrounding tat, ranging from 2.5 to 5.0 EN and. extending de the inke d margin and fascia. Thore is a 1.5 % 0. x 0.5. ( - the uryter. The tumor is 1.5 am from the uneter, 3.0 am. Lite anertal, and 7.- en from the veis: marains. The markedly. remoressed the surmending retial which contains multiple. ved modules. The comeduliary junet ie diffussty. clurred tumor sedules the caliceal spaces The. gland appears Representative of. the. are submitted Fry rytognnetics, Quick Fitt, and Tissue Bank, and. n. ive sectiona D1 cormal kidney issue are submitted the the Tongue. Bank and for r. croscopy and stadies. Four possible. !ymph nodes are identified in the perirenal Fat. Al: Turror nodulos in perirenal fat and inked deep. : Frags, RSS. A2: Tumor un perirenal fat to Luked margin and Gerota's. Sagcid, 1. Kient A3: .c Ridngy capsale and inked margin, 2 frogs. Kiern. Tumoi to kidney capanle, and zuror nodule in perirenal fat,. trac, RES. Turne and timer within uretor, 2 frags,. :r. normal kidney, 2. tracs. Micro 27: :- renal vein and poters, 1 frag. Micro AS: Renal vein, artory and ureteral targins,. trags,. A9-Atz: Ti throunh 1.4 IRSS tumor: trans,. Kicro. Kormal kidney, 1 frag,. Kioro. Popresentativo sections of adrenal gland, 2. Noro A15: lymph noãos un porirenal fat, 4 frags,. By the nencor physictan cortifies that he/she. : a: examination Poross on.ly exam if 80 stated. and or the diagnosisies. related.","1. The pathology report mentions that four possible lymph nodes were identified in the perirenal fat. This indicates that a lymph node dissection was performed. 
2. It also mentions that there are tumor nodules in perirenal fat and inked deep, and one of the fragments (A2) has tumor in perirenal fat to the inked margin and Gerota's fascia. 
3. Based on the AJCC Cancer Staging Manual (7th edition), N stage is determined by the presence and extent of regional lymph node metastasis.
4. N1: Metastasis in a single regional lymph node
5. N2: Metastasis in multiple regional lymph nodes
6. N3: Metastasis in regional lymph nodes with extranodal extension
7. In this case, there is tumor in perirenal fat and inked deep, and one of the fragments (A2) has tumor in perirenal fat to the inked margin and Gerota's fascia. This indicates that there is metastasis in multiple regional lymph nodes (N2).
",N2
KICH,TCGA-KN-8428,TCGA-KN-8428.206325f6-9479-4588-bc44-b0e1bccdbec3,T2,1.0,N0,0.0,"DIRONOSTS: SPECTMEN LABELED ""LEFT KIDNEY"": PENAL CELL CARCINOMA 18.5 am), Chromophobe type, Furhman Grade 3. Lymphovascular invasion is not present. Renal artery, renal and ureter margins negative for tumor. No extension into perinephric tissue. Soft tissue resection margin negative for tumor. One (1) lympn node negative for tumor. AJCC: T2N0KX. Two simple cysts 13.0 and 2.9 cml. The neoplastic kidney vill: be evaluated by Renol Pathology,. and the. indingo wil: be reported in an addendum. Immunoperox idase: Tumor ceils stain For colloidal iron. CHINICAL DATA: listory: None given. Operation: Left nephrectiony (laparoscopic). Operative Findings: None giver. Diagnosis: Left renal mass. SUEMITTED: : Left. kidney. GROSS DESCRIPTION: The opecimen in received frest, in one part, labeled with the patient's. unit number, and Loft kidney"". and consist.s of ar: 858 g loft. radical. opecimen including kidney with fat (28. X 12.1 x 5.7 cm: ureter. 11.5 x 0.5 cn. in diameter; cauterized) vein 11.8 am x 1.5 in. diameter;. and renal artery 12.5 x 0.7 em in diameter; scapled. adrena: gland is identified grossly. Tr. the mid kidney is a tan/gray,. granular,. well solid/partiall; necrotic mass 18.5 x 7.5 : 6.5 cm: that. the kidney capsule is 0.2 ent to une inked not: cissue resection. margin,. 3.0 em to the artery, 0.9 em to the vein, and 13.8 em to the urete. resection. margin. The tumor does not grossly extend beyond the kidmey. The. rena. pelvis. is distorted by abutting Lamor. Additionally, there are LINO small. foc: sithin. the rena: petvis suspicious for involvement by tumor. There are two. thin. walled cortical cysts (3.0 x 2.5 & 2.0 em and 2.9 x 3.5 :< 2.5 emi in. the. inferior pole. Representative sections of tumor and normal kidney. parenchyma. are submitted for clectron nicrescopy, cytogenetics, and tine tiesue. banking. Representative sectione are nubmitted for histology. Kicro Al: Ureter, artery and vein resection margins, 3 frags,. Kiero A2: TR. , Frag. MECTO A3: T2 from banking, 2 frags. More A4 A6: Tumor with resection margin, 1 : rag each,. Miero A7: Section of tumor adjacent parenchyma, 1. frag,. Mieso AB ACT: Tumor with renal pelvis, ! frag each,. Micro A12: Tumor with surrounding pelvic fat, : Micro A13: Tamor with resection margin, 2 frags,. Kicro A14: Sumor with normal parenchyma, 1 frag,. Micro Al5: 3.0 CIN cyst, 1 frag,. Micro A16: Normal kidney parenchyma, : frag,. Micro A17: 2.5 em cyst, : frag,. is hin/her signature bolow, the senior physician certifies that he/she. personally conducted a microscopic examination (""gross only"" exam so. stated. of the deacribed speciments; and rendered or confirmed the. diagnosis(es. related thereto. REHAL PATHOLCOY EVALULATION OF NON-NECPLASTIC RENAL PARENCHYMA: LEPT KIDNEY, NEPHRECTOMY: TO MODERATE CHRONIC CHANGES OF THE KIDNEY PARENCHYMA,. !NCLUDING: FOCAL CLOBAL MTLE,. SUBCAPSULAR, AND. KOST LOKELY SECONDARY TO VASCUSAR DISEASE 197 OF OLOWEROLT. l'UBULAR ATROPHY AMD INTERSTITIAL FIBROSIS, TO MODERATE. :205 OF PARENCHYMA) ; AND. ARTERIAL AND ARTERIOLAR SCLEROSLE AND EYALINOSIS, MODERATE. ise NOTE: The chronic changes seen in the parenchyma are ratner. non specif.c and do not point to a specific disease entrity. The. presence of. alomeruli with an onlarged cuft suggests that the focal global and. segmenta. is most likely secondary to structural and. functional. adaptations. is frequently the consequence of. such. adactations that are brought about by hemodynamic changes and. glomerula: hyportrophy bollowing loss of functioning nephrons. Such loss of. neplivone is. after. the result ot an independent primary tubilo. interstitial, or,. most Likely in this case, vascular disease. The proteinaria in. patients with. secondary focal and segmental glomerdioscierceit is most often slowly. progressive, usually subnephrotic, and not accompanied by significant. edema or. Because the chrenia changes seer. here are most Likely. a. result of adaptations :0 nephron loss from any glomerular,. tubular,. interstutial, vascular, or mass-replacing process, a similar degree of. chronic. damage would be expected in the contralateral kidney. This patient,. therefore,. may be at risk for persistent or progressive proteinuria and renal. insufficiency. Vascular sclerosis with parenchymal atrophy and sclerosis is often. described. under the msleading term of ""benign meptroaclerosis"" and ascribed and. dism ssed as secondary to hypertension, to a primary and advanced. glomerulopatity, or to age related degenerative changes. Many other. kellyrecognized forms of primary vascular injury can result in such: changes on. biopsy and are more likely to represent the cause or the vascular. sclerosie and. hypertension seen in this patient. Such vascalar changes are often the. renult. of a healed episode of HUS or TTP, pro-coagulant states (inhorited. pro coaguiant states or genetic thrombophilia or acquired. antiohospholipid. body synarome. autoinmune disorders iscleroderma,. anaittementiated. cunnective issue cisorders, overlap syndrone, etc.). toxte. atfecting. components of the vascular wall (verocytotoxin), antibody-mediated. vascula: injury thumoral rejection, etc.) substance abuse with drugs with. vasciciari. toxicity (cocaine, amphetanines, pseudoephecrine, etc.), physical. facters. irradiation, status post bone marrow transplantation) and,. potentialiy,. metabolic diseases with an important vascular componenti (gout,. diabetes. etcal The vascilar involvement within the. kioney : several of trese conditions IS and documented,. however,. reports in the on the functional and structural effects un. tie. kidney in many of the and or acquired thrombophi states. and some. of the metabolio disorders is scant and oflen limited LO. anendotal. observat ons and case reports. The parencityma has been reviewed by Dr. Joel M. Henderson, Rena: REFERENCES: Recake no, Klein PS. Pathogenesis and significance of nonprimary focal. and. segmental giomeruloncierosis Am J Kidney Dis 13:443.56, 1989. MICHOSCOPIC DESCRIPTION: Sections of formalin-fixed, paraffer embedded tissue (block A15: were. using H&E, PAS, Jones silver methenamine, and AFOG (trichrome staine. The same e consists of corlex and medulla There are 345 glonerali. which 23 19.08: are qlobally melerosed; mont. of the selerosed glomeruli. present, oi. are. present in a distribution. The remaining gloncruli are. slightly. enlarged and ghow focal and mild expansion of the mesangia: areas. Cr. PAS and. Jonen"" silver methenamine stains, there are no discernible craters or. dauble. contours of the cloncrular capillary wal basement membranes. Several. distal. tubules contain PAS-positive hyaline casts, with lumena distention and. with. rore calcium deposits. The interstitium contains a mild mononuclear. ce!l. inflammatory infiltrate in areas of tubular atrophy. Approxinately 20. of the. cortical parenchyma shows tubular atrophy and interstitial fibrosis. Arlories. exhib: a moderate degree of primarity subintimal scleposis. Astorioles shov. Focai selercsio and hyalinco:s of their walls.","The N stage for renal cell carcinoma is based on the presence and extent of regional lymph node metastasis. According to the AJCC Cancer Staging Manual (7th edition), the N stage is defined as follows: 
NX: Regional lymph nodes cannot be assessed 
N0: No regional lymph node metastasis 
N1: Metastasis in a single regional lymph node 
N2: Metastasis in multiple regional lymph nodes 
N3: Metastasis in regional lymph node(s) with extranodal extension 

In this case, the pathology report states: 'One (1) lymph node negative for tumor.' This indicates that there is no evidence of regional lymph node metastasis. Therefore, the N stage for this patient is:
N0",N0
KICH,TCGA-KN-8429,TCGA-KN-8429.44b1f6e7-9fab-4055-946a-e05c02873261,T3a,2.0,N0,0.0,"A. K DREY. REGHT NEPAFECTOMY: RENA , CELL CARCINONA, chromopacbe type (18 cm), Puhrman nuclear grade II-111 - of. TV, :xtensively involving the renal parenchyma (See NOTE). Tumo invacies into perinephric adipose tissue. Renzi vein, ureter and perinephrie fat recection margino are negative for. cumo. No a finitive lymphovascular invasion identitied. Adue al gland is non present. Tumo colls are positive for Hale it colloidal iron and CD10 (multifocally). The umor is negativa tor RCC and HT - ) immunostains. The on-neoplastic kidney is evaluated by Renal Pathology service, and the. Find nas are reported below. AJCC Classification (6ch edition). Nome. The umor has typical chromophobe parcinoma cytology (well-defined - cell. bord rs. perinucleor halos, binucleation) as well as focal paeudo- papillary. arch tecture, cystin degeneration and numetous poammomatous calcificatione. Cell cuirures were astempted but unsuccessful, and the cytogenetic analysia. coul not be performed. Given the unusual morohology and. rela ively young age et the patient, FISH for xp translocation waa attempted,. but as also uncugcessful. B. R GIONAL RIGHT RETTROPERITONEAL LYMPH NODES: Pibe adipose Lissue with no tumor present. No 1 mphoid blasue present. RENA PATHOLOGE EVALUATION OF KIDNEX PARENCHYMA: RIGH KIDNEY. NEPARECTORY: MINIMAL CURONTO CHANGES OF THE KIDNEY PARENCHXMA WITH M.LE ARTERIOLAR. (SBE NOTE). NOTE. Very mild rhronic changes are present, including global glomerulosclerosis. uffe ting less than 18 of glomeruli, tubular atrophy and interstitial fibrosis. affe tino less than 58 of the cortical parenchyma, and mild arteriolar. hyal noais. There no glomerutar changes suggestive of enrly diabetic. scle ogis (family history al diabetes). SCOPIC DESCRIPTION: Segt ona of malin-fixed, paraffin-embedica tissue (block A9) were evaluated. nain HisE one !onan methenamine, and APOG (trichrome) atains. Pare: 1 ni ?. The pample consicte of cortex and meduila. There are 219 glomeruli present, of. whic : 2 10.9%) are globally sclerosed. The remaining glomerol: show no. sier. ficant expancion of the mesangial areas. There are no diccernible craters. or cuble contours of the glomerular capiliary wall banement membranes. Rare. dist 1 trbuleo contair. PAS-positive hyaline casts and a few display focal. prom ,nences of reabsorption granules. Less than 5# of che certical parenchyma. show; tubular atrophy and interotitial fibrosis. Arterioles exhibit mild. CAIN CAL. DATA: Clin cal History: A 38-year-old fomale with 13 em right renal mass. Operation: Right xadical nephrectemy, recional lymphaderectiony. oper tive Findinga: None given. clin col Diagnosis: Righ= renal masz. TISS E SUBMITTED: N/1. Right kidney. B/2. Regional right retroperitoneal nodes. GROS DESCRIFTION: The penimen is received fresh, in three parts, each labeled with the patient'e. name unit number. Part A, ""right kidnev"", consists of di 2032 gram raght redical sephrectomy. apec men (26.0 x 18.0 x 12.00 including kidney, surrounding perirenal EDL, and. a po tion of Gerota's Fascie (up to 9.0 cm). Extending from the renal pelvis is. the reter (4.0 Cm in length x 0.5 cm in diameter) renal vein (2.0 cm in. leng r x 2.0 em in dasmeter), and renal artery 15.0 em in length x 0.4 cm in. diam. ter) A very large encapsulated mass is idencified (1S.0 x 12.0 X 12. 0 cm). and eplaces most of the renai parenchyma. 1c has a tan/yellow and mostly solid. hese ogenous cut with large areas of hemorrhage and focal cystic. dege: cration. Tr. abuto the renal polvis and occupies a large portion of the. peri: ephric Eat. It excenda to within 3.0 am of the renal vein margin, 7.0 em. of ureter margin, and 5,0 em of the renel artery maroin. A small portion. of = sidual renal parenchyma is present in the upper pole; the residual. peive caliceal ayaten and adjacent parenchyma are markedly distorted by the. tumo The renal cortes is tan/brown with a well detined prtico-medullary. june: ion. The adrenal gland is not identified. The adipose tigsue is thinly. sect. oned and no lyngh podea are identifier. Representative sections of the. tumo: mass are submitted for cissue banking and cytogenetics. Representative. sect. ona of the normal kidney are submitted for electron microscony and. imme ofluorescence tudied (on hold). Gross photographa are taken. Mier Al: Renal vein, renal artery and ureter margins, 3 frags,. A2-A6: Tumoz to capsule and perirenal fat, 5 frags,. Micr: A7 and AB: Tamo: and adjacent normal kidney, 2 trag. Micro A3: Uninvolvel kidney, 1 frac, RSS. Micre A10-A15: addicional Lumor LD includa TENAL pelvis, multiple fragn. Part. a, regional racht retropecitmeal nodes"", concists of a Fragment of. fibro adipose tissue (6.5 x 4.3 x 0.5 em), which is thinly sectioned and no. palpe ale lymph noder are identified. The specimen is entiroly submitted. Miert 81.05: tissue, nultiple frags,. By hi =/hex signature bellow, the senior physician certities that he/she. peror nally conducted a microscopic examination (""groas only"" exam if. so dated). of t a described specinen (o) and rendered or confirmed the diaqnosisles. related thereto. Acce ision Number: Report Status: Proliminarie. Type Surgical Pathology. Spee men Type: Kigney partial or total resection. Proc dure Date: Orde Fing Provide. PATE DIAGNOSJS: HBUC POR: Emmunonistocbemistry and cytogenetics. PREL :MINARY DIAGNOSIS; Renal cell carcinoma theld for cytogenetics and. staing). Path >logisti. CI.IN CAL DATA: Hist >ry: Workup for sciatica found. larg R renal mass. Operition: Hand-assisted nephrectomy. Oper thive Findings. Large right renal mass. Clin. ea) Diagnosis. Renal cell CA mass. TISE JE SUBMITTED: #1 Right kidney. GROS : DESCRIPTION: The ;pecimen is received frosh, labeled with the patient?s name, unit number,. and '1. Right kidney"". and consists et 573 vm right nephrectumy specimen (16. x. 11 x  uncluding a kidney (11 x 7.5 x 6.3 cm) with attached perirenal. adip ose (up to 6.0 cm) A 2.2 CM renal artery (diameter 0.5 am), a 1.3 cm renal. veir. idjameter 0.9 cm), and a B.S cm urecer (0.5 cm) are present at the hilum. and tre grossly unremarkable. Gerota's fascia has been previously partially. inke3 black. The :pecimen contains a well-cireumoribed, tan/yellow,. hemc trhagic mass, which expands to but does not grossly invade the renal. cape ile at the lower pole, 2.5 em from the hilar veccels. The perirenal fat. over the tumor is freely mobile, without gross evidence of involvement. Repr isentative tumer was Laken for EM, cylogenetica, and tumor bank, and. reprisentative normal kidney was sent for EM, IF, and tumor bank. There is no. adrenal gland present, and the remaining renal tissue is grosply unremarkable. wich out addicional lesions or other abnormalities. The renal palvis is. like vige grossly unremarkable, lined by light tan, trabecular mucosa without. abnc mality. Mici 43.: Vaccular, ureceral margins. 3 frage,. Micr A3: Mass and closest, inked, adipose tissue margin, 1 trug,. Micro Ai: Mack, 1. frag,. Micr M: Mast: and adjacent. uninvolved kidney, 2 trags,. Micr: AS: Masc and adjacent renal vein, : frag,. Mict A6: Uninvolved kidney, 1 frag,. By signature below, the senior physician certifies that he/she. perm mally conducted et microscopic examination (""groos only"" exam it no stated). of fie described speciments) and rendered or confirmed the diagnosis (es). rels. ed Lhereto. Page: I of :","1. According to the AJCC Cancer Staging Manual (7th edition), the N stage for kidney cancer is determined by the presence and extent of metastasis to regional lymph nodes.  

2. The pathology report states that the right retroperitoneal lymph nodes were examined and no tumor was found (Regional right retroperitoneal nodes: Pale adipose tissue with no tumor present).  

3. Additionally, there is no mention of any other regional lymph nodes being examined and found to contain tumor.  

4. Therefore, based on the information provided in the pathology report, the patient's N stage for kidney chromophobe cancer is N0, indicating no regional lymph node metastasis.",N0
KICH,TCGA-KO-8405,TCGA-KO-8405.742b536b-b13b-43ef-8e04-3e019f06cd73,T3a,2.0,N0,0.0,"DIAGNOSIS. (A) PORTION OF 11TH RIB: Segment of rib for gross inspection only. (B) LEFT PARTIAL KIDNEY MID ASPECT: CHROMOPHOBE RENAL CELL CARCINOMA, EOSINOPHILIC TYPE, FUHRMAN'S NUCLEAR GRADE 3. (SEE COMMENT). TUMOR FOCALLY EXTENDS INTO PERINEPHRIC ADIPOSE TISSUE. TUMOR MEASURES 4.5 CM IN MAXIMUM DIMENSION. Parenchymal and soft tissue margins of resection free of tumor. (C) LEFT PARTIAL KIDNEY MID ASPECT, INFERIOR MARGIN: Renal parenchyma, no tumor present. (D) LEFT PARTIAL KIDNEY, MID ASPECT, INFERIOR/LATERAL: Renal parenchyma, no tumor present. (E) LEFT PARTIAL KIDNEY MID ASPECT, LATERAL MARGIN: Renal parenchyma, no tumor present. (F) LEFT PARTIAL KIDNEY, MID ASPECT, SUPERIOR MARGIN: Renal parenchyma, no tumor present. (G) LEFT PARTIAL KIDNEY, MID ASPECT, SUPERIOR/LATERAL: Renal parenchyma, no tumor present. (H) LEFT PARTIAL KIDNEY, MID ASPECT, DEEP/MEDIAL: Renal parenchyma, no tumor present. (I) LEFT PARTIAL KIDNEY, DEEP/LATERAL: Renal parenchyma, no tumor present. (J) LEFT ADRENAL GLAND: Adrenal gland, no tumor present. (K) LEFT PERIAORTIC LYMPH NODES: Seven lymph nodes, no tumor present. COMMENT. The tumor is composed predominantly of cells with eosinophilic, granular cytoplasm and perinuclear halos. The. immunohistochemical stains demonstrate that the tumor is strongly and diffusely positive for ctyokeratin 7 and negative for. vimentin. CD10 stain demonstrates predominantly cytoplasmic and focally membranous staining. The electron microscopic. examination demonstrates the presence of large number of intracytoplasmic vesicles with few occasional mitochondria with tubular. cristae. The immunohistochemical profile and the electron microscopic findings are consistent with chromophobe renal cell. carcinoma. GROSS DESCRIPTION. (A) PORTION OF 11TH RIB - The specimen consists of an 8.1 X 1.4 X 0.5 cm tan portion of rib with overlying shaggy dark red. cauterized skeletal muscle. The specimen is for gross inspection only. (B) LEFT PARTIAL KIDNEY, MID ASPECT - A 9.0 X 7.0 X 3.5 cm partial nephrectomy specimen. There is a tumor (4.5 X 4.2 X 4.0 cm) with yellow-brown/mahogany, lobulated surface with focal areas of hemorrhage and a central. scar. The nearest perpendicular margin is 0.5 cm from the tumor. No extension into perinephric adipose tissue is identified. grossly. Remaining kidney appears to be unremarkable. INK CODE: Black - parenchymal margin. SECTION CODE: B1, representative section of tumor with nearest perpendicular parenchymal margin; B2-B13, multiple. representative sections of tumor with nearest margin and adjacent normal kidney. SL/amf. FS/DX: ONCOCYTIC NEOPLASM, DEFER FOR PERMANENT; MARGIN FREE OF TUMOR, TUMOR GROSSLY. 0.5 CM FROM NEAREST PARENCHYMAL MARGIN. 1. (C) LEFT PARTIAL KIDNEY INFERIOR MARGIN - A 0.4 X 0.3 X 0.2 cm fragment of red-tan tissue. Entirely submitted for frozen. section analysis in C. FS/DX: MARGIN NEGATIVE FOR TUMOR. RT/FVL:DO/mgd. (D) LEFT PARTIAL KIDNEY, INFERIOR/LATERAL - A 2.2 X 0.8 X 0.4 cm, gray-brown fragment of soft tissue. Entirely submitted. for frozen section evaluation in D. FS/DX: RENAL PARENCHYMA, NO TUMOR PRESENT. FVL:DO/mgd. (E) LEFT PARTIAL KIDNEY, LATERAL - A 0.8 X 0.5 X 0.2 cm and 0.3 X 0.2 X 0.2 cm fragment of soft tissue. Both fragments. submitted entirely for frozen section evaluation in E. FS/DX: RENAL PARENCHYMA, NO TUMOR PRESENT. FVL:DO/mgd. (F) SUPERIOR MARGIN LEFT KIDNEY - A 1.0 X 0.5 X 0.4 cm fragment of tan soft tissue. Submitted entirely for frozen section. evaluation in F. FS/DX: RENAL PARENCHYMA, NO TUMOR PRESENT. FVL:DO/mgd. (G) SUPERIOR/LATERAL MARGIN LEFT KIDNEY - A 1.2 X 0.8 X 0.3 cm fragment of tan soft tissue. Submitted entirely for frozen. section evaluation in G. FS/DX: RENAL PARENCHYMA, NO TUMOR PRESENT. FVL:DO/mgd. (H). LEFT KIDNEY DEEP/MEDIAL - A 0.8 X 0.4 X 0.2 cm fragment of tan-brown soft tissue. Submitted entirely for frozen section. evaluation in H. FS/DX: RENAL PARENCYMA, NO TUMOR PRESENT. FVL:DO/mgd. (I) LEFT PARTIAL KIDNEY, DEEP/LATERAL - Two fragments, 0.6 X 0.2 X 0.2 cm and 0.3 X 0.3 X 0.2 cm; submitted entirely for. frozen section evaluation in I. FS/DX: RENAL PARENCHYMA, NO TUMOR PRESENT. FVL:DO/mgd. (J) LEFT ADRENAL GLAND - A 7.0 X 4.0 X 1.0 cm piece of lobulated yellow-tan adipose tissue containing a 4.0 X 2.5 X 0.7 cm. adrenal gland and a segment of vein (1.5 cm in length and 0.4 cm in diameter). The adrenal cortex and medulla appear. unremarkable. SECTION CODE: J1, J2, representative sections of adrenal gland including cross section of vein. (K) LEFT PERIAORTIC LYMPH NODES - A piece of lobulated yellow-tan adipose tissue (9.0 X 3.0 X 0.5 cm). Six possible lymph. nodes are identified ranging in size from 0.5 to 0.7 cm. Also present are two firm areas, possibly fibrosis. SECTION CODE: K1, K2, three possible lymph nodes, each; K3, K4, one possible lymph node serially sectioned. CLINICAL HISTORY. Left renal. SNOMED CODES. 2.","The N stage for kidney cancer in the 7th edition of the AJCC Cancer Staging Manual is determined by the presence and extent of cancer metastasis to regional lymph nodes. The pathology report indicates that the left periaortic lymph nodes were removed and examined, with a total of seven lymph nodes evaluated and no tumor present. Therefore, the patient has no regional lymph node metastasis. The N stage for this patient is N0.",N0
KICH,TCGA-KO-8406,TCGA-KO-8406.0ec526a4-0f75-46a9-b247-48378a938ec1,T1,0.0,N0,0.0,"MODIFIED REPORT - REVIEW ADDENDUM SECTION. ADDENDUM. COMMENT. Immunoperoxidase study for keratin 7demonstrates that the tumor cells. are positive. The results of the study are consistent with the. diagnosis of chromophobe renal cell carcinoma. The supplemental report is being issued to report the results of an. additional study performed after the original diagnosis was issued. There is no change in the diagnosis. DIAGNOSIS. (A) RIGHT KIDNEY: CHROMOPHOBE RENAL CELL CARCINOMA, FUHRMAN NUCLEAR GRADE 3 (3.0. CM). (SEE COMMENT). TUMOR CONFINED TO THE KIDNEY. Ureteral, vascular and soft tissue margins of resection free of. tumor. COMMENT. Immunoperoxidase studies demonstrate that the tumor is positive for. keratin and EMA and negative for CD10 The results of the. immunoperoxidase studies support the diagnosis of chromophobe renal cell. carcinoma. The stain for keratin 7 is pending. A supplemental report. will follow. GROSS DESCRIPTION. (A) RIGHT KIDNEY - The specimen consists of a right kidney with. perinephric adipose tissue (overall 12.0 X 6.0 X 5.0 cm), consisting of. kidney (10.0 X 5.0 X 3.5 cm), and to the attached unremarkable ureter. (2.0 cm in length and 0.3 cm in diameter). A well-circumscribed tumor (3.0 X 3.0 X 2.5 cm) has a tan-brown. homogeneous appearance without necrosis or hemorrhage. The tumor is in. the middle of the kidney, closely abuts the perihilar adipose tissue. No gross invasion into the sinus adipose tissue is identified. The. tumor is well confined in the renal parenchyma (0.7 cm away from the. closest renal capsule). No hydronephrosis is identified. The remaining. renal parenchyma is grossly unremarkable. INK CODE: The perinephric adipose tissue surface close to the. tumor is inked black. SECTION CODE: A1, ureter and renal wing margin, en face; A2-A5,. tumor with adjacent pelvis and perihilar adipose tissue; A6-A8, tumor. with adjacent renal parenchyma and perinephric adipose tissue; A9, tumor. with adjacent renal parenchyma; A10, tumor alone; A11, renal parenchyma. next to the tumor; A12, unremarkable renal parenchyma away from the. tumor. Representative sections of the tumor are submitted to the tumor. bank and the remainder of the tumor is entirely submitted for permanent. section. 1. CLINICAL HISTORY. Right renal mass. CONSULTANT(S). SNOMED CODES. 2.","The N stage for kidney cancer in the 7th edition of the AJCC Cancer Staging Manual is determined by the presence and extent of cancer spread to nearby lymph nodes. A 'regional lymph node' is defined as a lymph node in the vicinity of the kidney, which includes hilar, para-caval, and retrocaval lymph nodes. The pathology report does not mention any examination or findings related to lymph nodes. Therefore, based on the information provided, it is not possible to assign an N stage (N0, N1, N2, N3) to this patient. The N stage remains unknown without information on lymph node examination.",Nx
KICH,TCGA-KO-8407,TCGA-KO-8407.b93a7dcb-4c2c-4ae3-b3d1-1a052d437e1e,T2,1.0,N0,0.0,"DIAGNOSIS. (A) LEFT KIDNEY AND ADRENAL GLAND: RENAL CELL CARCINOMA, CHROMOPHOBE TYPE, FUHRMAN NUCLEAR GRADE 3. (10.5 CM). TUMOR CONFINED TO THE KIDNEY. (SEE COMMENT). Ureteral, vascular and soft tissue margins of resection free of. tumor. One perinephric lymph node, no tumor present. Adrenal gland, no tumor present. (B) RETROPERITONEAL LYMPH NODES: Ten lymph nodes, no tumor present. COMMENT. Although the tumor is in close proximity to the renal sinus, multiple. sections failed to demonstrate invasion into the renal sinus adipose. tissue. Tumor is present within vascular/lymphatic spaces in the sinus. GROSS DESCRIPTION. (A) LEFT KIDNEY AND ADRENAL GLAND - A left kidney with surrounding. perinephric fat (21.0 X 12.5 X 10.5 cm, overall), and adrenal gland (7.5. X 1.5 X 0.3 cm). The kidney (21.0 X 12.3 X 9.0 cm) contains a variegated tan-red. well-circumscribed mass (10.5 X 12.3 X 9.0 cm), that replaces about 90%. of renal parenchyma, pushes into the perinephric fat and into the pelvis. and has possible extensive involvement of the renal sinus. The remainder of the renal parenchyma appears unremarkable with a well. defined cortico-medullary junction. The renal vein, artery and ureter. margins appear unremarkable. Cut section of the adrenal gland reveals. unremarkable adrenal parenchyma. One lymph node (0.8 X 0.6 X 0.5 cm) is. identified in the perinephric fat. INK CODE: Black - perinephric fat margin. SECTION CODE: A1, renal artery, vein and ureter margin, en face;. A2-A4, tumor to perinephric fat margin (closest to tumor); A5, one. bisected lymph node; A6-A8, tumor to renal pelvis; A9-A14,. representative sections of tumor (A12 contains section with probable. tumor in parenchymal vessel; A15, A16, tumor to normal kidney. parenchyma; A17, uninvolved renal parenchyma; A18, adrenal gland;. A19-A21, additional sections from tumor adjacent to renal sinus. (B) RETROPERITONEAL LYMPH NODES - A fragment of soft tissue measuring. 8.0 X 2.0 X 0.4 cm. Multiple lymph nodes ranging from 0.6 X 0.4 X 0.4. cm to 2.2 X 0.8 X 0.6 cm identified. SECTION CODE: B1, three lymph nodes; B2, two lymph nodes; B3, one. lymph node (1.8 cm), bisected; B4, one lymph node, sectioned; B5, one. lymph node, bisected; B6, one lymph node (2.2 cm), bisected; B7, one. lymph node. CLINICAL HISTORY. Left renal mass, retroperitoneal mass. SNOMED CODES. 1.","The N stage for renal cell carcinoma is determined by the presence and extent of metastasis to regional lymph nodes. According to the AJCC Cancer Staging Manual (7th edition), the N stage is defined as follows:

N0: No regional lymph node metastasis.
N1: Metastasis in a single regional lymph node.
N2: Metastasis in multiple regional lymph nodes.
N3: Metastasis in regional lymph nodes with extranodal extension.

In this pathology report, it is stated that one perinephric lymph node was identified and examined, and no tumor was present. Additionally, ten retroperitoneal lymph nodes were examined and no tumor was found in any of them. Therefore, based on the information provided, the patient has no regional lymph node metastasis, and the N stage is N0.

Final predicted N stage: N0",N0
KICH,TCGA-KO-8408,TCGA-KO-8408.cc6473fc-ffbd-4572-943e-dee1e9e51628,T3a,2.0,N1,1.0,"DIAGNOSIS. (A) LEFT KIDNEY, ADRENAL, AND PERIAORTIC LYMPH NODES: CHROMOPHOBE RENAL CELL CARCINOMA (11.0 CM MAXIMUM DIMENSION), EOSINOPHILIC VARIANT,. FUHRMAN NUCLEAR GRADE 4, INVASIVE INTO PERINEPHRIC ADIPOSE TISSUE AND RENAL SINUS. ADIPOSE TISSUE, WITH VASCULAR-LYMPHATIC INVASION. (SEE COMMENT). METASTATIC CHROMOPHOBE RENAL CELL CARCINOMA IN 3 HILAR LYMPH NODES. Adrenal gland, no tumor present. Margins of resection free of tumor. (B) SPLEEN: Spleen with vascular congestion, no tumor present. The chromophobe renal cell carcinoma in the left kidney extensively invades into the perinephric adipose tissue, including around. the adrenal gland. However, tumor does not invade directly into the adrenal gland. Tumor is also present within the renal sinus. adipose tissue. The renal vein is free of tumor. The lymph nodes are extensively involved by chromophobe renal cell carcinoma. Immunohistochemical stain for EMA is strongly positive in the tumor cells. Cytokeratin 7 is positive in a minority of the tumor. CD10 is focally positive, including rare cells that show a membranous staining pattern. Vimentin is negative. Electron microscopy shows that the tumor is made of cuboidal cells with abundant cytoplasm containing a large number of. mitochondria with tubular cristae. The cytoplasm contains a large number of microvesicles. The ultrastructural features of the. tumor are those of a chromophobe renal cell carcinoma, eosinophilic variant. The electron microscopy was performed by Dr. GROSS DESCRIPTION. (A) LEFT KIDNEY, ADRENAL, AND PERIAORTIC LYMPH NODE - A radical nephrectomy specimen consisting of a left kidney. (28.0 X 17.0 X 10.0 cm) and associated adrenal gland (7.0 X 4.0 X 1.5 cm). Within the renal hilum is an aggregate of enlarged. lymph nodes (8.0 X 3.5 X 2.0 cm). Within the upper pole and mid-portion of kidney is an 11.0 X 9.0 X 6.0 cm, lobulated, relatively well-circumscribed tumor. which extends through the renal capsule into the perinephric fat, including around the adrenal gland. The tumor grossly involves. the renal sinus. The cut surface of the tumor has a variegated appearance, with tan-pink fleshy areas as well as gray-brown. necrotic areas (necrotic areas comprise less than 10% of tumor). Other areas have thickened gray-white fibrous septa which. traverse the tumor. The ureteral and vascular margins are grossly free of tumor. The renal vein is free of tumor. Three hilar lymph. nodes are grossly involved with tumor and measure 4.8 X 1.5 X 1.0 cm, 2.5 X 2.0 X 2.8 cm, and 1.6 X 1.0 X 1.0 cm, respectively. The cut surface of the positive lymph nodes have a pink-tan fleshy appearance. The renal tissue away from the tumor is pale brown and unremarkable. The cortex has a thickness of 0.8 cm, and the. corticomedullary junction is well-delineated. SECTION CODE: A1-A4, tumor extending into perinephric fat; A5, tumor with gray-white fibrous septa; A6, tumor in. perinephric fat; A7, tumor and adrenal; A8-A10, tumor and renal sinus; A11, tumor with area of necrosis; A12, tumor/ normal. kidney interface; A13, tumor; A14-A16, largest lymph node; A17, smaller lymph node, representative section; A18, smaller lymph. node, representative section; A19, renal vascular and ureteral margins; A20, A21, uninvolved renal tissue. (B) SPLEEN - An 11.5 X 7.8 X 5.0 cm spleen which has an intact smooth gray capsule and a purple unremarkable cut surface. No. masses are present. The hilum contains a small amount of adipose tissue. Representative sections are submitted in B1-B4. CLINICAL HISTORY. Mass, left renal. 1.","The N stage for kidney cancer in the 7th edition of the AJCC Cancer Staging Manual is determined by the involvement of regional lymph nodes. The pathology report indicates that there are metastatic chromophobe renal cell carcinomas in 3 hilar lymph nodes. This means that the cancer has spread to the regional lymph nodes. Therefore, we can determine the N stage based on the number of involved lymph nodes. According to the AJCC Cancer Staging Manual (7th edition), 

- N0: No regional lymph node metastasis
- N1: Metastasis in a single regional lymph node
- N2: Metastasis in multiple regional lymph nodes
- N3: Metastasis in a single lymph node > 2 cm or in multiple lymph nodes,

In this case, there are metastases in 3 hilar lymph nodes, which would classify as multiple regional lymph nodes. However, the sizes of the lymph nodes are not provided in the report. Therefore, we cannot determine if the N2 or N3 category is more appropriate. Nonetheless, we can conclude that the N stage is at least N2.

Final predicted N stage: {N2, N3}","{N2, N3}"
KICH,TCGA-KO-8409,TCGA-KO-8409.dbafac56-9724-4ec3-9cba-005ec26a645a,T2b,1.0,N0,0.0,"DIAGNOSIS. (A) LEFT KIDNEY AND ADRENAL: CHROMOPHOBE RENAL CELL CARCINOMA, EOSINOPHILIC TYPE, FUHRMAN'S. NUCLEAR GRADE 3. TUMOR CONFINED TO THE KIDNEY. TUMOR MEASURES 12.0 CM IN MAXIMUM DIMENSION. Ureteral and vascular margins, free of tumor. Adrenal gland, no tumor present. (B) RETROPERITONEAL LYMPH NODE: Lymph node with atypical follicular hyperplasia. (See comment). COMMENT. The immunohistochemical studies are pending. An addendum report will be. issued by Dr. a hematopathologist, when these results become. available. GROSS DESCRIPTION. (A) LEFT KIDNEY AND ADRENAL - A radical nephrectomy specimen and. attached perinephric fat tissue (overall 26.0 X 13.0 X 8.0), including. kidney (14.0 X 9.5 X 7.0 cm), unremarkable ureter (10.0 cm in length and. 0.4 cm in diameter), adrenal gland(6.0 X 2.0 X 1.5 cm). A well-defined, soft, mahogany brown tumor (12.0 X 8.5 X 7.0 cm) is. located at the mid pole. A central scar is present. a central. tan-yellow soft possibly necrotic focus measuring 1.5 X 1.0 cm is also. identified. The tumor does not appear to involve the perirenal fat and. sinus. The pelvis and ureter appear unremarkable. The rest of the renal parenchyma appears unremarkable. An. unremarkable adrenal gland is located superomedially. INK CODE: Black - soft tissue margin. SECTION CODE: A1, vascular and ureteral margin; A2, A3, sinus and. tumor; A4, tumor and perinephric fat; A5, A6, central scar and necrosis;. A7-A10, representative sections of tumor; A11, A12, tumor and normal. kidney; A13, tumor; A14, normal kidney; A15, adrenal gland. RT/elk. (B) RETROPERITONEAL LYMPH NODE - A tan-yellow hemorrhagic matted lymph. node measuring 12.3 X 3.0 X 1.5 cm. The specimen is serially sectioned. and entirely submitted in B1-B20. CLINICAL HISTORY. Left renal mass. SNOMED CODES. 1.","The N stage for kidney cancer in the 7th edition of the AJCC Cancer Staging Manual is determined by the presence and extent of metastasis to regional lymph nodes. The pathology report provides information about a retroperitoneal lymph node, which is a regional lymph node for kidney cancer.  

Step 1: Examine the size and involvement of the lymph node. 
The report mentions a retroperitoneal lymph node that measures 12.3 x 3.0 x 1.5 cm. However, there is no mention of tumor involvement in this lymph node. 

Step 2: Check for any metastasis in the lymph node. 
The report describes the lymph node as having atypical follicular hyperplasia, but there is no mention of metastatic carcinoma or chromophobe renal cell carcinoma in the lymph node. 

Step 3: Review the immunohistochemical studies if available. 
The immunohistochemical studies are still pending in this case, so we cannot use them to determine the presence of metastasis in the lymph node. 

Since there is no evidence of tumor involvement or metastasis in the regional lymph node based on the provided information, the N stage for this patient is N0.",N0
KICH,TCGA-KO-8410,TCGA-KO-8410.7ef2010a-ce34-4c99-87a9-d42c23e6f0bb,T1b,0.0,N0,0.0,"DIAGNOSIS. (A) LEFT KIDNEY: CHROMOPHOBE RENAL CELL CARCINOMA (5.2 CM MAXIMUM DIMENSION), FUHRMAN. NUCLEAR GRADE. 3, CONFINED TO THE KIDNEY. (SEE COMMENT). Margins of resection free of tumor. One lymph node, no tumor present. Adrenal gland tissue, no tumor present. COMMENT. Most of the cells in this chromophobe renal cell carcinoma possess. eosinophilic cytoplasm. Extensive foci of hemorrhage are also present. The tumor is confined to the kidney and does not invade into the. perinephric adipose tissue, renal sinus adipose tissue or the renal. vein. GROSS DESCRIPTION. (A) LEFT KIDNEY - A radical nephrectomy specimen including perinephric. fat and portion of adrenal measuring 19.5 X 13.0 X 6.5 cm in toto. The. kidney measures 9.0 X 5.5 X 5.0 cm. Only a small portion of the adrenal. gland is present, which measures 2.0 X 2.0 X 0.3 cm. A segment of. ureter measuring 2.0 cm in length. A centrally located well-circumscribed tumor (measuring 5.2 X 5.0 X. 4.7 cm) is present in the mid-to-lower pole. The cut surface of the. tumor is tan-brown, with 80% of the surface area showing hemorrhage. Tumor is grossly confined to the renal capsule and is 3.0 cm from. Gerota's fascia and 6.0 cm from the ureteral and vascular margins. Tumor abuts the renal pelvis, but does not grossly extend into the renal. sinus fat. No renal vein invasion is seen. The adrenal gland tissue is unremarkable. The remainder of the. kidney is otherwise grossly unremarkable. Portion of tumor is submitted for possible electron microscopy. INK CODE: Black-Gerota's fascia. SECTION CODE: A1, ureteral/vascular margin; A2, A3, grossly. uninvolved kidney; A4, adrenal gland tissue; A5-A9, tumor in relation to. perinephric fat; A10, A11, tumor in relation to renal sinus; A12,. additional section of tumor. CLINICAL HISTORY. None given. SNOMED CODES.","The N stage for kidney cancer in the 7th edition of the AJCC Cancer Staging Manual is determined by the number of positive regional lymph nodes. The pathology report indicates that one lymph node was removed and no tumor was present. Therefore, the N stage is N0, indicating no regional lymph node involvement.",N0
KICH,TCGA-KO-8413,TCGA-KO-8413.80abaee2-d3cf-4090-93a6-80ee50ebebfa,T1,0.0,N0,0.0,"DIAGNOSIS. (A) RIGHT KIDNEY AND ADRENAL GLAND: CHROMOPHOBE RENAL CELL CARCINOMA, FUHRMAN'S NUCLEAR GRADE 3. (SEE COMMENT). TUMOR CONFINED TO KIDNEY. TUMOR MEASURES 5.5 CM IN GREATEST DIMENSION. Vascular, ureteral and soft tissue margins of resection, free of tumor. COMMENT. The immunohistochemical stains demonstrate that the tumor is focally positive for cytokeratin 7 and CD10 and negative for. vimentin. The electron microscopic examination demonstrates that the tumor is made of large polygonal cells with abundant. cytoplasm containing numerous microvesicles and a moderate number of mitochondria with tubular cristae. The. immunohistochemical profile and ultrastructural features of the tumor support the diagnosis of chromophobe renal cell carcinoma. The entire perinephric adipose tissue in the upper pole of the kidney is submitted for histological examination and no adrenal gland. is identified. GROSS DESCRIPTION. (A) RIGHT KIDNEY AND ADRENAL GLAND - A nephrectomy specimen including kidney (12.0 X 7.0 X 4.0 cm), a portion of ureter. (12.0 cm long and 0.5 cm in circumference) with attached perirenal fat. No adrenal gland is identified. A 5.5 X 4.8 X 4.0 cm, solid, circumscribed tumor is located in the upper pole of the kidney. The tumor is well circumscribed and. grossly confined to the renal capsule. The tumor is close to the renal sinus but renal sinuses grossly not involved. The tumor has a. yellow-brown, variegated, solid cut surface. There is a 5.0 X 2.0 X 2.0 cm portion of fibroadipose tissue attached to the upper pole. of the kidney. The fibrofatty tissue attached to the upper pole is serially sectioned and no adrenal gland tissue identified. INK CODE: black - Perirenal fat and fascia. SECTION CODE: A1, ureter and vascular resection margins, en face; A2-A12, tumor and upper pole fibroadipose tissue;. A13-A15, tumor and renal capsule; A16, A17, tumor and renal sinus; A18, tumor; A19-A22, tumor; A23, random renal parenchyma;. A24, fibroadipose tissue; A25, ureter. CLINICAL HISTORY. Right renal mass. SNOMED CODES. 1.","The N stage for kidney cancer in the 7th edition of the AJCC Cancer Staging Manual is determined by the presence and extent of cancer spread to nearby lymph nodes. The pathology report indicates that the tumor is confined to the kidney, and there is no mention of lymph node involvement.  

Step 1: Examine the gross description and pathologic stage grouping. The gross description confirms that the tumor is grossly confined to the renal capsule and there is no adrenal gland identified. No lymph nodes are specifically mentioned in the gross description or the pathologic stage grouping. 

Step 2: Review the microscopic description. The microscopic description confirms that the tumor is confined to the kidney, and there is no mention of lymph node involvement. 

Step 3: Determine the N stage. Since there is no evidence of lymph node involvement in the gross or microscopic description, we can assume that the N stage is N0, indicating no regional lymph node metastasis.",N0
KICH,TCGA-KO-8414,TCGA-KO-8414.1f2924e6-1aef-4775-82b5-16e2282243da,T2,1.0,N0,0.0,"DIAGNOSIS. A) LEFT KIDNEY AND ADRENAL GLAND: CHROMOPHOBE RENAL CELL CARCINOMA, FURHMAN'S NUCLEAR GRADE 3. TUMOR CONFINED TO THE KIDNEY. TUMOR MEASURES 18.0 X 16.0 X 8.5 CM. LYMPHATIC/VASCULAR INVASION PRESENT. Vascular, ureteral and soft tissue margins of resection free of tumor. Four lymph nodes, no tumor present (0/4). Adrenal gland, no tumor present. B) PARA-AORTIC LYMPH NODES: Five lymph nodes, no tumor present (0/5). GROSS DESCRIPTION. (A) LEFT KIDNEY AND ADRENAL GLAND - A nephrectomy specimen (21.0 X 16.0 X 9.0 cm) including a small rim of remaining. normal kidney (5.0 X 3.0 X 2.0 cm), a segment of renal artery, renal vein, and ureter (17.0 cm in length x 0.4 cm in average. diameter), and fragments of the adrenal gland (4.0 X 3.0 X 1.0 cm in aggregate). There is an 18.0 X 16.0 X 8.5 cm well-circumscribed tumor replacing the majority of the kidney and leaving only a small. remaining inferior/lower pole of kidney. The tumor is pink-tan with extensive areas of hemorrhage (5.0 X 2.5 X 2.0 cm) and. necrosis (9.0 X 8.0 X 7.0 cm), which is predominantly within the center of the tumor. The tumor is confined to the kidney and does. not invade sinus adipose tissue or the renal vein. The tumor does not extend into Gerota's fascia. The adjacent kidney parenchyma is unremarkable. The pelvicalyceal system is smooth and devoid of any lesions. Four lymph. nodes are identified within the hilum of the kidney, all measuring approximately 2.0 cm. Serial cross-sections of the adrenal. gland. fragments show unremarkable cortex or medulla. Portions of the tumor have been submitted for possible electron microscopy. Sections of tumor and normal kidney have been. submitted to the tumor bank. Photographs of the specimen have been taken. INK CODE: Black - Gerota's fascia. SECTION CODE: A1, renal artery, vein and ureter margins, en face with one lymph node; A2, section of adrenal gland;. A3-A5, tumor with capsule; A6-A8, tumor with normal kidney; A9-A11, tumor with necrosis; A12-A13, tumor with pelvis; A14,. normal kidney; A15, one lymph node; A16-A17, one lymph node; A18-A19, one lymph node. (B) PARA-AORTIC LYMPH NODES - Five lymph nodes are identified, ranging from 0.5 X 0.4 X 0.3 cm to 2.5 X 1.0 X 0.8 cm. SECTION CODE: B1, three lymph nodes; B2, one lymph node serially sectioned; B3, one lymph node. CLINICAL HISTORY. Left renal mass. SNOMED CODES. 1.","The N stage for kidney cancer in the 7th edition of the AJCC Cancer Staging Manual is determined by the presence and extent of regional lymph node metastasis. The regional lymph nodes for kidney cancer are the hilar, abdominal, and aortic nodes. 

Step 1: Examine the pathology report for information about lymph node involvement. 

The report states that four lymph nodes were found in the renal hilum and no tumor was present in any of them (0/4). Additionally, five para-aortic lymph nodes were examined and no tumor was found in any of them (0/5). 

Step 2: Compare the findings with the AJCC Cancer Staging Manual guidelines. 

N0: No regional lymph node metastasis. 
N1: Metastasis in a single regional lymph node. 
N2: Metastasis in more than one regional lymph node. 

Since no tumor was found in any of the examined lymph nodes, the N stage for this patient is N0.",N0
KICH,TCGA-KO-8415,TCGA-KO-8415.7d23e227-9d0e-47c3-af54-dd60de59bd46,T1,0.0,N0,0.0,"DIAGNOSIS. (A) UTERUS AND CERVIX: Proliferative endometrium with adenomyosis. Myometrial leiomyomata. Chronic cervicitis. (B) RIGHT KIDNEY: RENAL CELL CARCINOMA, CHROMOPHOBE TYPE, FUHRMAN NUCLEAR GRADE 3,. (7.0 CM IN MAXIMUM DIMENSION). TUMOR IS LIMITED TO KIDNEY. Margins of resection are free of tumor. No renal vein invasion is present. GROSS DESCRIPTION. (A) UTERUS AND CERVIX - A uterus (11.5 cm superior - inferior X 5.5 cm cornu-cornu X 5.7 cm anterior-posterior). There are. twelve tan whorled nodules (ranging from 5.0 X 3. 0 X 3.0 cm to 0.4 X 0.3 X 0.3 cm) in the myometrium. The endometrium and. myometrium is otherwise unremarkable (endometrium thickness 0.2 cm, myometrial thickness 2.3 cm). The cervix is. unremarkable. SECTION CODE: A1, anterior cervix; A2, posterior cervix; A3, anterior lower uterine segment; A4, anterior. endomyometrium; A5, posterior endomyometrium; A6-A8, three intramural nodules, anterior myometrium in each; A9, two. intramural nodules in posterior myometrium; A10, one largest intramural nodule, representative sections. (B) RIGHT KIDNEY - Received is a radical nephrectomy specimen (12 X 6.0 X 5.5 cm) including the right kidney (11.0. X. 5.0. X. 5.5. cm), a segment of the renal artery, the renal vein, and ureter (9.0 cm in length X 0.6 cm in average diameter). No adrenal gland is. identified. There is a 7.0 X 5.5 X 6.0 cm well-circumscribed tumor in the upper pole of the kidney. The tumor is tan-pink, soft and almost. entirely necrotic. There are foci of hemorrhage both peripherally and centrally. The tumor does not invade the perinephric adipose. tissue, renal sinus or renal vein. The tumor does not extend to Gerota's fascia. The adjacent renal parenchyma is tan-brown and otherwise unremarkable. The pelvicaliceal system is smooth and. devoid of any lesions. No lymph nodes are identified in the hilum. Portions of the tumor have been submitted for possible electron. microscopy. INK CODE: Blue - Gerota's fascia. SECTION CODE: B1, ureter, renal artery and renal vein margins; B2, B3, representative sections of tumor; B4, B5,. representative sections of tumor with perinephric adipose tissue; B6, B7, representative sections of tumor with renal sinus and. renal pelvis; B8, representative sections of uninvolved kidney. CLINICAL HISTORY. Symptomatic fibroids and right renal mass. SNOMED CODES. 1.","The N stage for kidney cancer in the 7th edition of the AJCC Cancer Staging Manual is based on the presence and extent of metastasis to regional lymph nodes. The pathology report indicates that no lymph nodes were identified in the hilum. Without any information about the presence or absence of cancer in the regional lymph nodes, we can assume that the patient has no lymph node involvement. Therefore, the N stage would be N0.",N0
KICH,TCGA-KO-8416,TCGA-KO-8416.a1c0eb6f-5aba-4b11-8303-434e976e89d6,T3a,2.0,N0,0.0,"MODIFIED REPORT - REVIEW ADDENDUM SECTION. ADDENDUM. DIAGNOSIS. RIGHT KIDNEY AND ADRENAL: RENAL CELL CARCINOMA, CHROMOPHOBE TYPE (SEE COMMENT). COMMENT. The purpose of this addendum report is to classify this renal carcinoma based on the immunohistochemical pattern. The tumor is. positive for cytokeratin 7 and CD117 and shows weak diffuse cytoplasmic positivity for CD10. DIAGNOSIS. (A) RIGHT KIDNEY AND ADRENAL: RENAL CELL CARCINOMA (8.5 CM IN MAXIMUM DIMENSION), FUHRMAN GRADE 3 (SEE COMMENT). TUMOR IS CONFINED TO THE KIDNEY. INVASION OF INTRAPARENCHYMAL HILAR VESSELS IS PRESENT. Extraparenchymal hilar vessels are free of tumor. Margins of resection are free of tumor. Chronic interstitial nephritis and glomerulosclerosis in kidney adjacent to tumor. Unremarkable adrenal gland. COMMENT. Immunohistochemical stains are pending and the results will be reported in a supplemental report. GROSS DESCRIPTION. (A) RIGHT KIDNEY AND ADRENAL - A radical nephrectomy specimen (19.0 X 12.0 X 7.0 cm), including the right kidney (13.0 X. 5.5 X 3.0 cm), segment of the renal artery, the renal vein and ureter (14.0 cm in length and averaging 0.4 cm in diameter) in the. adrenal gland (6.0 X 2.0 X 1.5 cm). There is an 8.5 X 8.5 X 6.5 cm well circumscribed tumor arising from the anterior surface of the kidney, involving the upper. and. middle. pole. The. tumor pushes into the perinephric adipose tissue and extends to within 0.2 cm from the inked Gerota's fascia. in an area marked by Dr. as abutting the colon. The tumor is centrally cystic (approximately 60% of the tumor). This cyst is. filled with brown opaque fluid. The wall of the tumor consists of lobulated brown, friable tissue which is surrounded by a thickened. fibrous capsule. The tumor pushes into but does not appear to invade the renal sinus and does not appear to invade the. perinephric adipose tissue or the renal vein. The adjacent kidney parenchyma is unremarkable. No additional masses are identified. The pelvicalyceal system is. smooth and devoid of any lesions. No lymph nodes are identified in the hilum of the kidney. Cross sections of the right adrenal. gland show unremarkable cortex and medulla. Portions of the tumor have been submitted for possible electron microscopy, on hold. The tumor and normal renal. parenchyma are submitted for research purposes. INK CODE: Blue - Gerota's fascia/area marked by surgeon as adherent to colon. SECTION CODE: A1-A3, closest approach mass to inked Gerota's fascia/area marked by surgeon as adherent to colon,. frozen section; A4, vascular and ureter margins; A5, representative of adrenal gland; A6-A13, representative of tumor (A6-A8 with. relationship to renal sinus; A9-A10, with relationship to nonneoplastic kidney; A11-A12, with relationship to perinephric adipose. tissue; A13, additional representative section); A14, A15, no-neoplastic kidney. FS/DX: MARGIN FREE OF TUMOR. 1.","Step 1: Examine the pathology report for information about lymph node involvement. The report mentions that 'No lymph nodes are identified in the hilum of the kidney.' This indicates that there is no evidence of lymph node metastasis. 

Step 2: According to the AJCC Cancer Staging Manual (7th edition), N stage for renal cell carcinoma is determined by the presence or absence of regional lymph node metastasis. Since there is no evidence of lymph node metastasis, the N stage is N0.
",N0
KICH,TCGA-KO-8417,TCGA-KO-8417.6cd3d366-b7cc-4e94-874e-a8ea2ba07701,T1,0.0,N0,0.0,"DIAGNOSIS. (A) RIGHT KIDNEY: RENAL CELL CARCINOMA (5.0 CM IN MAXIMUM DIMENSION), CHROMOPHOBE TYPE, FUHRMAN NUCLEAR GRADE 3,. CONFINED TO THE KIDNEY. Margins of resection (ureter, renal vein and artery and perinephric adipose tissue), no tumor present. (B) GALLBLADDER: Chronic cholecystitis and cholelithiasis. No tumor present. COMMENT. The tumor is composed of polygonal cells with prominent cell membranes and thick-walled blood vessels. There are focal. areas showing prominent tubular and papillary features. On immunostains, the tumor is positive for CK7 and c-kit, partially positive. for AMACR, and negative for vimentin and CD 10. Based on these morphologic and immunohistochemical features, this tumor is. consistent with chromophobe renal cell carcinoma. GROSS DESCRIPTION. (A) RIGHT KIDNEY - A nephrectomy specimen (16.0 X 10.0 X 7.0 cm) composed of kidney (11.0 X 7.0 X 7.0 cm), renal vein, renal. artery and ureter (7.5 cm in length and 0.5 cm on average diameter). A well-circumscribed fleshy tan tumor (5.0 X 4.5 X 2.0 cm) is. identified in the lower pole involving the cortex and medulla. The tumor is confined to the kidney capsule. Sectioning through the. tumor revealed a homogeneous fleshy tan-brown tumor with no hemorrhage or necrosis. The tumor is not extending to the. perinephric fat or the renal sinuses. The tumor is not involving the renal vein. No adrenal gland is identified. The ureter is. unremarkable. A piece is taken for electron microscopic examination and tissue bank. INK CODE: Black - Gerota's fascia. SECTION CODE: A1, ureter and vascular margins shave and submitted en face; A2, A3, renal sinus; A4, tumor with pelvis; A5,. A6, tumor with inked Gerota's fascia; A7, tumor with capsule; A8-A11, tumor with surrounding kidney; A12, A13, representative. section of the tumor; A14, A15, normal kidney. (B) GALLBLADDER - A gallbladder (9.0 X 3.0 X 4.0 cm). The cystic duct is probe patent (0.4 cm in length and 0.3 cm in average diameter). The serosal surface of the gallbladder. is tan-pink and smooth. The wall thickness ranges between 0.2 to 0.3 cm. The mucosa is covered with thick bile. Nineteen. stones are identified, ranging between 0.7 to 1.2 cm in largest dimension. The stones are brown-green and have a regular shape. SECTION CODE: B1, cystic duct; B2, B3, representative section of the gallbladder wall. CLINICAL HISTORY. Right renal mass. SNOMED CODES. 1.","The N stage for kidney cancer in the 7th edition of the AJCC Cancer Staging Manual is based on whether the cancer has spread to nearby lymph nodes. The N stage is assigned as follows: N0, no regional lymph node metastasis; N1, metastasis in a single regional lymph node; N2, metastasis in multiple regional lymph nodes; and N3, metastasis in regional lymph nodes and beyond the regional lymph nodes. 

In this pathology report, it is stated that 'The tumor is confined to the kidney' and 'The tumor is not extending to the perinephric fat or the renal sinuses'. This indicates that there is no evidence of spread to nearby lymph nodes or other structures outside of the kidney. Therefore, based on the information provided in the report, the N stage for this kidney chromophobe cancer patient would be N0, indicating no regional lymph node metastasis.",N0
KICH,TCGA-UW-A72R,TCGA-UW-A72R.F0A3D7E1-CDAF-4BD4-8D55-3F129A9BAC21,T1b,0.0,N0,0.0,"Diagnosis: A: Lymph node, left para-aortic, biopsy. - No metastatic carcinoma identified (0/1). B: Lymph nodes, left para-aortic, removal. - No metastatic carcinoma identified (0/6). C: Renal mass, left, partial nephrectomy. Tumor histologic type: Eosinophilic variant of chromophobe renal. cell carcinoma. Sarcomatoid features: Not identified. Histologic grade: 1 (of 4, Fuhrman classification). Tumor size: 6.0 cm. Tumor focality: Unifocal. Extent of invasion: Extra-capsular invasion into perirenal adipose tissue : Not. involved. Venous Absent. Lymphatic: Absent. Surgical margins: Renal parenchymal margin: Negative. Renal capsular margin: Negative. Perinephric adipose tissue margin: Negative. Adrenal gland: Not submitted. Lymph nodes: Separately submitted, see A and B above. Pathologic findings in non-neoplastic kidney: None. AJCC Stage : pT1b pNO. This staging information is based on information available at. the time of this report, and is subject to change pending. clinical review and additional information. Comment: The neoplasm is comprised of sheets of cells with pleomorphic. nuclei without nucleoli. The neoplastic cells have eosinophilic,. granular cytoplasm with perinuclear clearing, and distinct. cellular borders. Immunostains show reactivity for CK7 and. CD117, with no reactivity for vimentin or RCC. There is focal. cytoplasmic reactivity for colloidal iron. Morphologic and. immunophenotypic findings support a diagnosis of eosinophilic. variant of chromophobe renal cell carcinoma, and serve to. exclude oncocytoma, conventional RCC, and type 2 papillary RCC. Intraoperative Consult Diagnosis: A frozen section consultation was requested by Dr. in. FSA1: Lymph node, left periaortic, biopsy. - No tumor seen. Drs. at. Frozen Section Pathologist: Clinical History: +year-old female with possible T1B renal cell carcinoma. Gross Description: Received are three appropriately labeled containers. Container A is received fresh for frozen section, and. additionally labeled ""left periaortic lymph node. "" It holds a. 1.9 X 1.2 X 0.5 cm lymph node candidate which is bisected and. totally submitted in block FSA1,. Container B is additionally labeled ""left para-aortic lymph. node. "" It holds a 1.5 x 1.3 X 0.9 cm aggregate of tan to yellow. fatty soft tissue fragments. Dissecting the fat reveals multiple. lymph node candidates ranging from 0.3 to 1.2 cm in greatest. dimension. Block summary: B1 - largest lymph node candidate, serially sectioned. B2,B3 - multiple lymph node candidates. Fat remains in the container. Container C is additionally labeled ""left renal mass. It holds. a partial nephrectomy specimen (6.2 X 6.0 x 4.3 cm, 78 grams) . The external surface is a smooth tan renal capsule with no. disruptions. The capsule is inked black and the renal. parenchymal margin is inked blue. The specimen is serially. sectioned to reveal an encapsulated, roughly spherical mass that. comprises the majority of the specimen (6.0 X 4.5 X 4.0 cm) . The. mass has a heterogeneous tan/brown cut surface with numerous. areas of necrosis and hemorrhage. The mass abuts and distorts. the capsule, but does not appear to disrupt the renal capsule. The fibrous capsule of the mass extends to the renal parenchymal. margin but does not appear to invade. Representative sections of. the mass at the capsule are submitted in blocks C1 and C2, and. representative sections of the mass at the renal parenchymal. margin are submitted in blocks C3 and C4.","To determine the N stage for Kidney Chromophobe cancer, we follow the AJCC Cancer Staging Manual (7th edition). The N stage is based on the presence and extent of regional lymph node metastasis. The pathology report provides information on the left para-aortic lymph nodes, which are the regional lymph nodes for a left renal mass. 

Step 1: Examine the lymph node findings. 
- In the left para-aortic lymph node biopsy (A), no metastatic carcinoma was identified (0/1). 
- In the left para-aortic lymph nodes removal (B), no metastatic carcinoma was identified (0/6). 

Step 2: Compare the findings with the N stage criteria. 
- N0 (no regional lymph node metastasis): No metastasis identified in the regional lymph nodes (0/1 or 0/6 in this case). 
- N1 (metastasis in a single regional lymph node): Not applicable in this case as there is no evidence of metastasis in the regional lymph nodes. 
- N2 (metastasis in multiple regional lymph nodes): Not applicable in this case as there is no evidence of metastasis in the regional lymph nodes. 
- N3 (metastasis in a retroperitoneal lymph node): Not applicable in this case as there is no evidence of metastasis in the regional lymph nodes. 

Step 3: Based on the given pathology report, the patient's N stage is: ",N0
KICH,TCGA-UW-A7GC,TCGA-UW-A7GC.5C0FC1D3-5FFA-4B43-9C33-32E0E7D5EFCE,T1b,0.0,N0,0.0,"Diagnosis: A: Kidney, right, radical nephrectomy. Tumor histologic type: Renal cell carcinoma, chromophobe type,. eosinophilic variant; see comment. Sarcomatoid features: Not identified. Histologic grade: grade 3 of 4 (Fuhrman classification). Tumor size: 4.5 X 4.2 x 3.5 cm (gross measurement). Tumor focality: Unifocal. Extent of tumor invasion (if present specify if macroscopic or. microscopic) : Capsular invasion/perirenal adipose tissue: Negative for malignancy,. but close; tumor is less than 1 mm from the capsular surface. Gerota' S fascia: Not involved. Renal sinus: Not involved. Major veins (renal vein or segmental branches, IVC) : Not involved. Ureter: Not involved. Venous (large vessel) : Not identified. Lymphatic (small vessel) : Not identified. Surgical margins: Gerota' S fascia (nephrectomy) : Negative for malignancy. Renal vein (nephrectomy) : Negative for malignancy. Ureter (nephrectomy) : Negative for malignancy. Adrenal gland: Not received. Lymph nodes: One lymph node, negative for carcinoma (0/1) . Pathologic findings in non-neoplastic kidney: Focal. glomerulosclerosis. AJCC Stage: pT1b pNO. This staging information is based on information available at the time. of this report, and is subject to change pending clinical review and. additional information. Comment: Immunostains were performed on block A2 and demonstrate the tumor is. positive for CD10 and c-KIT while being negative for CK7, RCC, and. vimentin. A Hales colloidal iron shows patchy staining in tumor cells. Overall, these findings are most consistent with the chromophobe type. of renal cell carcinoma. Dr. has reviewed this case and concurs. Clinical History: -year-old female with right renal mass. Gross Description: Received is one appropriately labeled container: Specimen fixation: formalin. Type of specimen: radical nephrectomy. Side of specimen: right. Size and weight of specimen: 490.0 grams, 16.0 x 10.0 x 4.0 cm overall. Kidney: 13.0 x 7.5 x 3.0 cm. Orientation: Inking: surface of kidney=blue. Presence/absence of adrenal gland: absent. Tumor site: superior pole; renal cortex. Tumor description: pink/tan, well circumscribed, with a single central. cyst with a solid lining, and multiple areas of hemorrhage. Tumor size: 4.5 X 4.2 X 3.5 cm. Presence/absence of multicentricity absent. Confinement/non-confinement to the kidney: confined. Extent of invasion: Perirenal adipose tissue: does not involve. Gerota' S fascia: does not involve. Renal vein: does not involve. Ureter: does not involve. Renal Sinus: does not involve. Pelvicaliceal: does not involve. Adrenal: not submitted. Other organs: n/a. Surgical margins : Perirenal adipose tissue: negative. Renal vein: negative. Renal artery: negative. Ureter: negative. Description of kidney away from tumor: Grossly unremarkable. Hilar lymph nodes: no palpable lymph nodes are identified. Other significant findings : none. Tissue submitted for special investigations: Tumor and normal were. harvested by the. Digital picture : none. Block summary: A1 - ureter, vein, artery and margins, en face. A2 - tumor and normal parenchyma, closest blue inked margin. A3 - tumor and closest renal pelvis. A4-A5 - tumor expanding capsule, closet blue inked margin. A6 - closest renal sinus, uninvolved. A7 - normal kidney. A8-A9 - - representative sections of hilar fat with possible lymph node. candidate.","To determine the N stage for this Kidney Chromophobe cancer patient, we need to refer to the AJCC Cancer Staging Manual (7th edition) and the pathology report. The N stage is based on the presence and extent of regional lymph node metastasis. According to the pathology report, one lymph node was received and negative for carcinoma (0/1). This means that there is no evidence of regional lymph node metastasis. Therefore, the N stage for this patient is N0.",N0
KICH,TCGA-UW-A7GR,TCGA-UW-A7GR.E0AA1F55-51DD-4D22-81E5-E3473A195B64,T1b,0.0,N0,0.0,"Diagnosis: A: Right kidney, nephrectomy. Renal cell carcinoma, chromophobe type, nuclear grade 2 (of 4), tumor size 6.0 cm in greatest. dimension, tumor confined to kidney, surgical margins free of tumor. - Tiny renomedullary interstitial cell tumor, 2 mm, in medullary pyramid. - Portions of renal artery, vein and ureter with no tumor seen. B: Hilar lymph node, removal. - No tumor seen in one lymph node (0/1). Clinical History: The patient is a. year-old with a right renal mass. Gross Description: Received are two appropriately labeled containers. Container A: Specimen fixation: formalin. Type of specimen: laparoscopic nephrectomy. Side of specimen: right. Size and weight of specimen: 450 grams, 15.5 x 9.0 x 7.0 cm. Presence/absence of adrenal gland: absent. Tumor description/site: circumscribed, tan/orange with focal hemorrhage and present in the lower pole. Tumor size: 6.0 x 5.0 X 4.5 cm. Presence/absence of multicentricity: absent. Confinement/non-confinement to the kidney: confined to the lower pole but expanding the capsule. Extent of invasion: Perirenal adipose tissue: tumor grossly does not involve. Gerota's fascia: tumor grossly does not involve. Renal vein: tumor grossly does not involve. Ureter: tumor grossly does not involve. Other organs: tumor grossly does not involve. Surgical margins: Perirenal adipose tissue: negative, less than 0.1 cm from the anterior surface. Renal vein: negative. Renal artery: negative. Ureter: negative. Description of kidney away from tumor: grossly unremarkable; no cysts or nodules present. Lymph nodes (hilar): none identified. Other significant findings: none. Tissue submitted for special investigations: none. Block summary: A1 - ureter, vascular, tangential margins of resection. A2,A3 - tumor expanding renal capsule. A4 - tumor and overlying pelvic urothelium. A5 - tumor and adjacent renal parenchyma. A6 - tumor and anterior margin closest approach. A7 - sample from hilar fat. A8 - representative of upper pole, normal appearing kidney. A9 - 0.5 cm solid white nodule located in the central renal parenchyma. Container B is additionally labeled ""hilar lymph node."" It consists of a 2.9 X 2.4 X 0.6 cm aggregate of. fibrofatty tissue containing a solitary 1.7 X 1.2 x 0.6 cm lymph node candidate. The lymph node is. sectioned and entirely submitted in block B1. The remainder of the fat is submitted as block B2. Light Microscopy: Light microscopic examination is performed by Dr. Histologic tumor type/subtype: renal cell carcinoma, chromophobe type. Histologic grade (if applicable): grade 2 (of 4). Tumor size (greatest dimension): 6.0 cm. Extent of tumor invasion: Capsular invasion/perirenal adipose tissue: absent. Gerota's fascia: absent. Renal vein: absent. Ureter: absent. Venous (large vessel): absent. Lymphatic (small vessel): absent. Histologic assessment of surgical margins: Perirenal adipose tissue: free of tumor. Gerota' fascia: free of tumor. Renal vein: free of tumor. Renal artery: free of tumor. Ureter: free of tumor. Adrenal gland: absent. Lymph nodes: no tumor seen in one lymph node (0/1). Other significant findings: a tiny renomedullary interstitial cell tumor, 2 mm (Notation added. This is a non-malignant tumor, M8966/0).","The N stage for kidney cancer in the 7th edition of the AJCC Cancer Staging Manual is based on the presence or absence of regional lymph node metastasis.

1. Examine the pathology report for information about lymph node involvement.
2. In this report, under section 'B: Hilar lymph node, removal. - No tumor seen in one lymph node (0/1).', we can see that there was a lymph node removed and no tumor was found in it.
3. Based on this information, we can determine the N stage.
4. N0: No regional lymph node metastasis.

The final predicted N stage is:",N0
KICH,TCGA-UW-A7GY,TCGA-UW-A7GY.5329DF1E-4818-4D68-8ED2-F9D136536300,T1b,0.0,N0,0.0,"Diagnosis: A: Periaortic lymph nodes. - Four lymph nodes, negative for malignancy (0/4). - Prominent non-caseating granulomatous inflammation in one lymph node; special stains for. microorganisms (AFB and GMS) are negative. - See comment. B: Left kidney. Histologic tumor type/subtype: renal cell carcinoma, eosinophilic variant of chromophobe carcinoma;. See comment. Sarcomatoid features: None identified. Histologic grade (if applicable): Fuhrman grade 3 of 4. Tumor size (greatest dimension): 7.0 cm. Tumor focality: Multi-focal: largest tumor 7.0 cm, smaller microscopic tumor focus 0.2 cm in greatest. dimension. Extent of tumor invasion (if present specify if macroscopic or microscopic): Capsular invasion/perirenal adipose tissue: Negative for malignancy; see comment. Gerota's fascia: Negative for malignancy. Renal sinus: Negative for malignancy. Major veins (renal vein or segmental branches, IVC): Negative for malignancy. Ureter: Negative for malignancy. Venous (large vessel): Absent. Lymphatic (small vessel): Present. Histologic assessment of surgical margins: Gerota's fascia (nephrectomy): Negative for malignancy. Renal vein (nephrectomy): Negative for malignancy. Ureter (nephrectomy): Negative for malignancy. Adrenal gland: Not sampled. Lymph nodes: Please see specimen A. Other significant findings: Angiomyolipoma (1.0 cm in greatest dimension). AJCC Staging: pT1b pNO. Comment: The findings in the lymph node (block A1) are suspicious for sarcoidosis. Correlation with clinical and. laboratory finding is recommended. Specimen B is a challenging diagnosis. Microscopic examination demonstrates a neoplasm consisting. of. tumor cells with occasional bizarre nuclei surrounded by extensive amounts of eosinophilic cytoplasm. Neither mitoses nor necrosis are identified, but Fuhrman grade 3 nuclei are seen. The capsule is. compressed by tumor, but definitive capsular invasion is not identified. Immunohistochemical stains are. performed and demonstrate the tumor is positive for E-Cadherin and CD117 with focal positivity for. EMA and CD10 while being negative for vimentin, renal cell carcinoma and CK7. These. immunohistochemical findings are not entirely definitive, but, when combined with the histologic. features, are most consistent with the eosinophilic variant of chromophobe carcinoma. Dr. has reviewed specimen B on this case and concurs with the above diagnosis. Clinical History: year-old female with renal mass. Gross Description: The specimen is received in two parts labeled A and B. Specimen A is received in formalin and labeled. with the patient' S name and ""periaortic lymph nodes."" The specimen consists of multiple irregularly. shaped fragments of yellow/brown rubbery soft tissues that have an aggregate measurement of 4.0 x. 3.5 X 2.0 cm. Embedded within the soft tissue are four semi-oval shaped tan lymph node candidates that. range in size from 0.5 x 0.5 x 0.5 cm up to 1.8 x 1.8 x 0.6 cm in greatest dimensions. The cut surface of. the largest lymph node candidate is yellow/gray and without gross necrosis. Block Summary: A1 Large individual bisected lymph node candidate, entirely submitted. A2 Three individual lymph node candidates, entirely submitted. Specimen B is received in formalin and labeled with the patient' S name and ""left kidney."" The specimen. has been previously triaged, and consists of a bisected kidney measuring 14.0 x 7.5 X 5.5 cm and. weighing 280 grams. The left adrenal gland is surgically absent. Specimen orientation is not provided. The renal capsule is intact. A large, bosselated, tan-brown subcapsular mass (5.0 x 4.0 cm in greatest. dimensions) is present involving the upper pole; the capsule surface overlying the mass is inked black. prior to sectioning. After sections are taken from the anterior and posterior inked capsule surface, the. capsule is removed and strips with ease. The inferior pole cortical surface is tan/brown and there is. slight retention of fetal lobulation. Upon further examination of the cut tumor surface, the entire upper. pole is replaced by a fairly well-circumscribed, tan/brown mass that measures 7.0 x 6.0 x 4.5 cm in. greatest dimensions; several small cystic areas containing dark red fluid are noted along one periphery. of the tumor that range in size from a few millimeters up to 0.5 X 0.5 cm in greatest dimensions. The. tumor obliterates the entire upper pole collecting system and extends inferiorly to the interface of the. pelvicaliceal junction, and is situated within 7.5 cm of the ureteral surgical margin of resection. The. grossly uninvolved pelvis is narrowed and the mucosal surface is gray-white, smooth and glistening. Calculi are not present. The corticomedullary junction of the inferior pole is well-defined; the cortex. measures 0.8 cm in thickness. The inferior pole pyramids are gray-white with prominent medullary. rays; a few papillae have pale yellow discoloration. Additionally, situated 4.5 cm from the previously. described tumor mass along the inferior pole anterior cortical surface is a well circumscribed, pale. yellow nodule that measures 1.0 X 1.0 cm in greatest dimensions; the cut surface of the nodule is soft to. firm, homogeneous pale yellow, and extends into the parenchyma for a distance of 1.5 cm. The attached. segment of ureter measures 2.7 cm in length and 0.9 cm in circumference; the mucosa is velvety, pale. gray and the lumen is widely patent. Separately submitted in the same container is a portion of pale yellow adipose tissue that measures 28.0. X 20.0 X 4.5 cm in greatest dimensions. The cut surface is homogeneous pale yellow and grossly. unremarkable. Also submitted in the same container is a single white tissue cassette containing discoid shaped. segments of the hilar vasculature and ureteral surgical margins of resection that appear grossly. unremarkable. Block Summary: B1 Inked upper pole anterior capsule surface with associated tumor. B2 Inked upper pole posterior capsule surface with associated tumor. B3 Additional representative sections of upper pole anterior cortical surface and tumor. B4 Additional representative sections of upper pole posterior cortical surface and tumor. B5 Representative section of upper pole mass at the interface of the pelvocaliceal junction. B6 Representative section of grossly normal renal pelvis. B7 Representative sections of inferior pole renal pyramids with pale yellow papillary discoloration. B8 Representative sections of ureteral and vascular surgical margins of resection received in white. cassette. B9 Representative sections of inferior pole pale yellow nodule.","The N stage for kidney cancer in the 7th edition of the AJCC Cancer Staging Manual is determined by the presence and extent of metastasis to regional lymph nodes. In this case, the pathology report provides information on the examination of four lymph nodes, all of which were negative for malignancy. Therefore, based on the information provided, the patient would be classified as N0, indicating no regional lymph node metastasis.",N0
