type,case_submitter_id,patient_filename,ajcc_pathologic_t,T14,ajcc_pathologic_n,N03,text,kewltm_reasoning,kewltm_stage,kewltm_raw_llm,kewltm_train_raw_llm,kewltm_memory_snapshot,kewltm_memory_snapshot_str,is_train,kewltm_memory
MESO,TCGA-MQ-A6BS,TCGA-MQ-A6BS.83140BDC-6F68-411D-A30D-A99FD2112609,T2,1.0,N0,0.0,"THIS IS A CONFIDENTIAL AND PRIVILEGED COMMUNICATION. PLEASE DISPOSE OF PAPER COPIES APPROPRIATELY. Test Name: RIGHT RIB 8{PLEURA, RIGHT {DIAPHRAGMATIC PLEURA,. RIGHT {RIGHT LOWER LOBE NODULE 1{RT. MIDDLE LOBE NODULE. Test Date: {LEVEL 4 LYMPH NODE, RIGHT {LEVEL 9 LYMPH NODE, RIGHT {LEVEL 7. LYMPH NODE, RIGHT {THORACOSCOPY, PORT SITE 1, RIGHT. (THORACOSCOPY, PORT SITE 2, RIGHT. SPECIMEN NUMBER: SPECIMENS: 1. RIGHT RIB 8. 2. PLEURA, RIGHT. 3. DIAPHRAGMATIC PLEURA, RIGHT. 4. RIGHT LOWER LOBE NODULE 1. 5. RT. MIDDLE LOBE NODULE. 6. LEVEL 4 LYMPH NODE, RIGHT. 7. LEVEL 9 LYMPH NODE, RIGHT. 8. LEVEL 7 LYMPH NODE, RIGHT. 9. THORACOSCOPY, PORT SITE 1, RIGHT. 10. THORACOSCOPY, PORT SITE 2, RIGHT. 11. AZYGOUS VEIN, RIGHT. DIAGNOSIS: 1. RIB #8, RIGHT: EXCISION. - BONE AND BONE MARROW WITH TRILINEAGE MATURATION. 2. PLEURA, RIGHT: EXCISION. - MALIGNANT MESOTHELIOMA, EPITHELIOD TYPE, INFILTRATING ADIPOSE. TISSUE. - FOCAL FOREIGN BODY GIANT CELL REACTION AND BIREFRINGENT MATERIAL. SUGGESTIVE OF TALC PLEURODESIS. 3. DIAPHRAGMATIC PLEURA, RIGHT: EXCISION. - MALIGNANT MESOTHELIOMA, EPITHELIOD TYPE, INFILTRATING ADIPOSE. TISSUE AND SKELETAL MUSCLE. 4. LUNG, RIGHT LOWER LOBE, NODULE #1: WEDGE RESECTION. - MALIGNANT MESOTHELIOMA, EPITHELIOD TYPE, INVOLVING LUNG. PARENCHYMA. - PARENCHYMAL MARGIN NEGATIVE FOR TUMOR. SEE NOTE. NOTE: Immunostains on part 4 (right lower lobe nodule) demonstrate that. the tumor cells are positive for CK5/6, D2-40, WT-1 (weak, focal). and negative for TTF-1. The stain for Calretinin is. non-contributory. This immunoprofile supports the diagnosis of. malignant mesothelioma. 5. LUNG, RIGHT MIDDLE LOBE, NODULE: WEDGE RESECTION. - MALIGNANT MESOTHELIOMA, EPITHELIOD TYPE, INVOLVING LUNG. PARENCHYMA. - PARENCHYMAL MARGIN NEGATIVE FOR TUMOR. 6. LYMPH NODE, LEVEL 4, RIGHT: EXCISION. - FIVE LYMPH NODES, NEGATIVE FOR MESOTHELIOMA (0/5). 7. LYMPH NODE, LEVEL 9, RIGHT: EXCISION. - ONE LYMPH NODE, NEGATIVE FOR MESOTHELIOMA (0/1). 8. LYMPH NODE, LEVEL 7, RIGHT: EXCISION. - THREE LYMPH NODES, NEGATIVE FOR MESOTHELIOMA (0/3). 9. THORACOSCOPY PORT SITE #1, RIGHT: EXCISION. - SKIN WITH MILD DERMAL FIBROSIS. 10. THORACOSCOPY PORT SITE #2, RIGHT: EXCISION. - SKIN WITH MILD DERMAL FIBROSIS AND LYMPHOHISTIOCYTIC. INFILTRATE. 11. AZYGOUS VEIN, RIGHT: EXCISION. - VEIN WITH NO SIGNIFICANT ALTERATIONS. CLINICAL HISTORY AND PRE - OPERATIVE DIAGNOSIS: Mesothelioma. MACROSCOPIC DESCRIPTION: The specimen is received in eleven parts, each labeled with the. patient's name. 1. Part one is received in formalin, labeled 'right rib #8'. It. consists of three fragments of bone ranging from 4 to 8.2 cm in. length. The outer surface is smooth and shows scant attached. fibromuscular tissue. Sectioning reveals an unremarkable marrow. Representative section is submitted in one cassette following. decalcification. 2. Part two is labeled 'pleura, right'. It consists of three. irregular fragments of pleural tissue measuring 31 X 19 X 1 cm. The. parietal pleural surface shows focal adipose tissue. The wall. thickness ranges from 0.1 to 0.6 cm. Multiple small firm nodules. are noted studded on the pleural surface. These nodules range from. 0.2 to 1.5 cm in greatest dimension. Representative sections are. submitted in five cassettes. 3. Part three is received in saline, labeled 'diaphragmatic pleura,. right'. It consists of pleural tissue fragments ranging 14 x 10 X. 1.5 cm. Focally yellow lobulated adipose tissue is attached. The. remainder of the pleura is gray-purple and shows multiple thickened. nodular areas ranging from 0.5 to 2.0 cm in greatest dimension. Cut. surface of these nodules is white, firm. Representative sections of. these nodules are submitted in four cassettes. 4. Part four is received in saline, labeled 'right lower lobe nodule. #1'. It consists of a wedge of lung measuring 6 x 2.5 x 0.8 cm. The staple line is inked. The pleural surface is gray-purple and. shows a well-defined firm tan lesion measuring 1.5 x 1 x 0.4 cm. Representative sections are submitted. 5. Part five is received in saline, labeled 'right middle lobe. nodule'. It consists of a wedge of lung measuring 4.2 x 1.8 x 0.5. cm. The staple line is inked black. The pleural surface is. gray-purple and shows a well-circumscribed pleural based lesion. measuring 1.2 x 0.7 cm. Cut surface of the lesion is tan and. extends into the lung parenchyma. The lesion is 0.7 cm from the. staple margin. Representative sections are submitted. 6. Part six is received in saline, labeled 'level 4 lymph node,. right'. It consists of a portion of fibrofatty tissue measuring 3.5. x 2 x 1.5 cm. Four possible gray-black lymph nodes ranging from 0.8. to 1.2 cm are noted. Entirely submitted in two cassettes. 7. Part seven is received in saline, labeled 'level 9 lymph node,. right'. It consists of a single fragment of tan-brown firm tissue. measuring 0.6 x 0.4 x 0.2 cm. Totally submitted in one cassette. 8. Part eight is received in saline, labeled 'level 7 lymph node,. right'. It consists of two fragments of tissue composed of group of. gray-black lymph nodes measuring 2.5 x 1.5 x 0.5 cm and 3 x 1 x 0.4. cm. The entire specimen is submitted in two cassettes. 9. Part nine is received in saline, labeled ""thoracoscopy port site. #1, right'. It consists of an ellipse of skin measuring 2.2 x 0.5. cm, excised to a depth of 0.5 cm. The skin's surface is tan-white. and shows a linear scar measuring 1.3 cm in length. Representative. sections are submitted in one cassette. 10. Part ten is received in saline, labeled 'thoracoscopy port site. #2, right' It consists of an ellipse of skin measuring 2.5 x 0.5. cm, excised to a depth of 1.5 cm. The skin's surface is tan-pink. and shows a linear scar measuring 1.5 cm in length. The underlying. soft tissue appears unremarkable. Representative section is. submitted in one cassette. 11. Part eleven is received in saline, labeled 'right azygous vein'. It consists of a segment of vein measuring 1.7 cm in length and 0.6. cm in diameter. The outer surface is tan-pink and unremarkable. Representative section is submitted in one cassette. SUMMARY OF SECTIONS: 1A representative. 2A-2E representative. 3A-3D representative. 4A-4B entire firm lesion. 4C unremarkable lung. 4D stapled margin. 5A-5B entire lesion. 5C uninvolved lung. 5D stapled margin. 6A two lymph nodes. 6B two lymph nodes. 7A in toto. 8A-8B in toto. 9A representative. 10A representative. 11A representative. SPECIAL PROCEDURES: Decalcification. Final Diagnosis performed by. The electronic signature attests that the named Attending. Pathologist has evaluated the specimen referred to in the signed. section of the report and formulated the diagnosis therein. This report may include one or more immunohistochemical stain. results that use analyte specific reagents. The tests were developed and their performance characteristics. determined by. They have not been cleared or approved by the US Food and Drug. Administration. The FDA has determined that such clearance or approval is not. necessary.",,,,,"[""If the tumor is limited to the pleura, it's T2."", ""If the tumor has invaded the diaphragm, it's T3."", ""If the tumor has invaded the lung, it's T3."", ""If the tumor has invaded the chest wall, mediastinal fat, pericardium, heart, or diaphragmatic muscle, it's T4."", 'If there is any doubt about the invasion of these structures, additional tests or imaging should be done.']","If the tumor is limited to the pleura, it's T2.
If the tumor has invaded the diaphragm, it's T3.
If the tumor has invaded the lung, it's T3.
If the tumor has invaded the chest wall, mediastinal fat, pericardium, heart, or diaphragmatic muscle, it's T4.
If there is any doubt about the invasion of these structures, additional tests or imaging should be done.",True,"['If the tumor is limited to the ipsilateral parietal pleura, it might be T1.', ""If the tumor has invaded the diaphragm, it's T3."", ""If the tumor has invaded the lung, it's T3."", ""If the tumor has invaded the chest wall, mediastinal fat, pericardium, heart, or diaphragmatic muscle, it's T4."", 'If there is any doubt about the invasion of these structures, additional tests or imaging should be done.']"
MESO,TCGA-3H-AB3K,TCGA-3H-AB3K.2E921E98-CB9D-4FA5-B67F-A20BB5455CA2,T2,1.0,N0,0.0,"DIAGNOSIS. (A) LYMPH NODE, STATION 7, BIOPSY: Negative for tumor. (B) PLEURA, RIGHT, BIOPSY: ATYPICAL MESOTHELIAL PROLIFERATION, FAVOR MALIGNANT MESOTHELIOMA. Immunohistochemical studies show positive staining for calretinin and keratin 5/6 while negative for CEA and MOC-31. GROSS DESCRIPTION. (A) STATION 7 LYMPH NODE - Received is one possible lymph node (0.4 x 0.4 x 0.3 cm). Entirely submitted in A, for frozen. section evaluation. FS/DX: ONE LYMPH NODE, NO TUMOR PRESENT. (B) PLEURAL BIOPSY, RIGHT SIDE - Three fragments of white-tan-yellow soft tissue (0.4 X 0.4 X 0.3 cm each). Entirely. submitted in B. CLINICAL HISTORY. Mesothelioma. SNOMED CODES. T-29000, M-90503. ""Some tests reported here may have been developed and performance characteristics determined by. These tests have not been. specifically cleared or approved by the U.S. Food and Drug Administration."". Entire report and diagnosis completed by: END OF REPORT----.",,,,,"[""If the tumor is limited to the pleura, it's T2."", ""If the tumor has invaded the diaphragm, it's T3."", ""If the tumor has invaded the lung, it's T3."", ""If the tumor has invaded the chest wall, mediastinal fat, pericardium, heart, or diaphragmatic muscle, it's T4."", 'If there is any doubt about the invasion of these structures, additional tests or imaging should be done.']","If the tumor is limited to the pleura, it's T2.
If the tumor has invaded the diaphragm, it's T3.
If the tumor has invaded the lung, it's T3.
If the tumor has invaded the chest wall, mediastinal fat, pericardium, heart, or diaphragmatic muscle, it's T4.
If there is any doubt about the invasion of these structures, additional tests or imaging should be done.",True,"['If the tumor is limited to the ipsilateral parietal pleura, it might be T1.', ""If the tumor has invaded the diaphragm, it's T3."", ""If the tumor has invaded the lung, it's T3."", ""If the tumor has invaded the chest wall, mediastinal fat, pericardium, heart, or diaphragmatic muscle, it's T4."", 'If there is any doubt about the invasion of these structures, additional tests or imaging should be done.']"
MESO,TCGA-NQ-A57I,TCGA-NQ-A57I.5BAF43B9-899B-499A-A326-199ACD954BF6,T1b,0.0,,,"PROCEDURE. Biopsy. SPECIMEN: A. Pleural biopsy frozen. B. Pleural bx. C. Pleural bx. HISTORY. Recurrent pleural effusion. GROSS. A. Specimen labeled as ""pleural biopsy"" consists of a fragment of. fibrous tissue with pink-tan nodules measuring 2.5 x 1.8 x 0.5 cm. Representatively processed for frozen. One piece is submitted. Project. The specimen is entirely submitted as follows: 1. Frozen section control. 2. Remaining tissue serially sectioned and entirely submitted. B. Labeled ""pleural biopsy"" is a tissue vial with clear formalin. No tissue specimen is identified within. Sections none. C. Received in formalin in a container labeled pleural biopsy perm. #2"" are numerous irregular fragments of glistening, mucoid debris. with and without areas of hemorrhage (up to 4.3 cm in greatest. dimension, 7 x 7 x 2.2 cm in aggregate). Representative sections. are submitted in four cassettes. FROZEN SECTION DIAGNOSIS. A. High-grade malignant neoplasm undifferentiated. Dr. is. called for frozen section diagnosis at 1:45 p.m. MICROSCOPIC. A. and C. Both specimens show similar features of a cellular,. high-grade malignancy, appearing as sheets of spindle and. epithelioid cells in a fibromyxoid background. The tumor cells. display pleomorphic, vesicular, round, elongated and multilobated. nuclei, frequent prominent nucleolus and abundant amounts of. amphophilic cytoplasm. Mitotic activity is high. There are areas. of tumor necrosis and fibroblastic reaction with hemorrhage. Tumor. invades fibroadipose soft tissues of chest wall. To substantiate the initial impression of mesothelioma and to. exclude possible pseudomesotheliomatous carcinoma, melanoma and. sarcoma, a panel of immunohistochemical stains is performed with. appropriately performing positive and negative tissue controls. Results for tumor cells are as follows: B72.3: Negative. Calretinin: Negative. mCEA:Negative. Mesothelin: Positive, cytoplasmic. Napsin: Negative. TTF1: Positive. S-100: Negative. WT1: Positive (surface cells only). AE1/3: Positive. CK5: Positive. In addition, a PAS histochemical stain with diastase digestion is. performed and shows no evidence of tumor-associated mucin. These results, in association with histomorphology, support a. diagnosis of malignant mesothelioma, biphasic pattern, in this case. DIAGNOSIS. A, C. Pleural biopsy #1 and #2: Malignant mesothelioma, biphasic pattern, involving. parietal pleura. B. Pleural biopsy: No specimen received. SUMMARY OF MALIGNANT NEOPLASM: MALIGNANT PLEURAL. MESOTHELIOMA. Specimen: Pleural biopsies. Procedure: Biopsy. Specimen Integrity: Portions. Specimen Laterality: Not given. Tumor Site: Not given. Tumor Focality: Not known. Histologic Type: Biphasic. Tumor Extension: N/A. Margins: N/A. Treatment Effect: N/A. Pathological Stage: pTlb NX. Additional Pathologic Findings: N/A. COMMENT. Case seen in review by Drs. who concur with the. diagnosis. Preliminary diagnosis called to Dr. (Electronic Signature). Completed Action List: MD,. on. Type: Title:",,,,,"['If the tumor is limited to the ipsilateral parietal pleura, it might be T1.', ""If the tumor has invaded the diaphragm, it's T3."", ""If the tumor has invaded the lung, it's T3."", ""If the tumor has invaded the chest wall, mediastinal fat, pericardium, heart, or diaphragmatic muscle, it's T4."", 'If there is any doubt about the invasion of these structures, additional tests or imaging should be done.']","If the tumor is limited to the ipsilateral parietal pleura, it might be T1.
If the tumor has invaded the diaphragm, it's T3.
If the tumor has invaded the lung, it's T3.
If the tumor has invaded the chest wall, mediastinal fat, pericardium, heart, or diaphragmatic muscle, it's T4.
If there is any doubt about the invasion of these structures, additional tests or imaging should be done.",True,"['If the tumor is limited to the ipsilateral parietal pleura, it might be T1.', ""If the tumor has invaded the diaphragm, it's T3."", ""If the tumor has invaded the lung, it's T3."", ""If the tumor has invaded the chest wall, mediastinal fat, pericardium, heart, or diaphragmatic muscle, it's T4."", 'If there is any doubt about the invasion of these structures, additional tests or imaging should be done.']"
MESO,TCGA-3U-A98J,TCGA-3U-A98J.B8F92EDC-3074-4BAA-99AA-B62741D65285,T3,2.0,N2,2.0,"Gender: Male. Race: White. Report Date: Tissue Procurement Date: FINAL PATHOLOGIC DIAGNOSIS. A. #7 lymph node; biopsy: - One anthracotic lymph node, no tumor (0/1). B. #8 lymph node; biopsy: - Six anthracotic lymph nodes, no tumor (0/6). C. #9 lymph node; biopsy: - Three anthracotic lymph nodes, no tumor (0/3). D. 4R lymph node; biopsy: One of eight lymph nodes positive for metastatic tumor (1/8). E. Right pleura, diaphragm, pericardium; resection: - Malignant mesothelioma, epithelial type. See parameters and comment. - Four of twenty-four lymph nodes positive for metastastic mesothelioma. Thoracic Mesothelioma Pathologic Parameters. Pleura/Pericardium, Resection. MACROSCOPIC. Specimen Type: Pleural and pericardial resection. Tumor Site: Right pleura. Tumor Configuration and Size: Diffuse, Maximum thickness: 1.7 cm. MICROSCOPIC. Histologic Type: Epithelioid (epithelial) mesothelioma (60% tubular, 20%. trabecular, 10% micropapillary, 10% solid). Tumor Extension: Confluent visceral pleural tumor (including fissure). Into but not through diaphragm. Lung parenchyma (E10-11). Into mediastinal fat (E1-E2). Into but not through the pericardium (E1-E2). Venous/Lymphatic (Large/Small Vessel) Invasion: Present. Margins: Cannot be assessed. Pathologic Staging (pTNM): pT3, N2. pT3: Tumor (locally advanced but potentially resectable) involves any of. the ipsilateral. pleural surfaces, with at least 1of the following: invasion of the. endothoracic. fascia, invasion into mediastinal fat, solitary completely resectable focus of. tumor. invading the soft tissues of the chest wall, non-transmural involvement of the. pericardium. Regional Lymph Nodes (pN). pN2: Metastases in the subcarinal lymph node(s) and/or the ipsilateral. internal mammary or mediastinal lymph node(s). Specify: Number examined: 24. Number involved: 4. Effective January 1, 2010 this Checklist utilizes the 7th edition TNM staging. system for pleural mesothelioma of the American Joint Committee on Cancer (AJCC). and the International Union Against Cancer (UICC). Comment. Immunohistochemistry for WT-1 (+ve), Calretinin (+ve), MOC31 (-ve) and BG8 (-ve). confirms the diagnosis of malignant mesothelioma (block E7, controls. appropriate). M.D. Interpretation performed by the Attending Pathologist and reviewed with the. Resident/Fellow, M.D. Clinical History: The patient is a. male with no a malignant pleural mesothelioma of. the right pleural space who undergoes a right thoracotomy parietal pleurectomy. and decortication. Specimens Received: A: #7 lymph node. B: ## lymph node. C:#9 lymph node. D: 4R lymph node. E: Pleura, diaphragm, pericardiuim. Gross Description: The specimens are received in five containers each labeled with the patient's. name and medical record number. A. The first container is additionally identified as, ""#7 lymph node"". Received. fresh and placed in formalin is an unoriented 2.8 x 1.5 X 0.8 cm portion of. gray-brown rubbery tissue with a small amount of attached lobulated yellow. adipose. The specimen is bisected and entirely submitted as A1-A2. B. The second container is additionally identified as, ""#8 lymph node"". Received fresh and placed in formalin is a 4.3 X 2.5 x 0.5 cm portion of. lobulated yellow fibrofatty tissue. The specimen is dissected for lymph nodes to. reveal 6 gray-black apparent lymph nodes ranging from 0.2-1.2 cm in greatest. dimension. All apparent lymph nodes are submitted as follows: B1: : 3 lymph nodes. B2: 2 lymph nodes. B3: largest lymph node, bisected. C. The third container is additionally identified as, ""#9 lymph node"". Received. fresh and placed in formalin is a 2 x 1.2 x 0.5 cm unoriented portion of. lobulated yellow fibrofatty tissue. The specimen is sectioned revealing 2. gray-black rubbery apparent lymph nodes measuring 0.6 and 0.8 cm in greatest. dimension. The specimen is entirely submitted as C1. D. The fourth container is additionally identified as, ""4R"". Received fresh and. placed in formalin is a 3 x 2.3 x 0.8 cm portion of lobulated yellow fibrofatty. tissue. The specimen is dissected for lymph nodes to reveal 8 apparent tan to. gray-black rubbery lymph nodes ranging from 0.2-1 cm in greatest dimension. All. apparent lymph nodes are submitted as follows: D1-D2: 3 lymph nodes in each cassette. D3: 2 lymph nodes. E. The fifth container is additionally identified as, ""5. Pleura, diaphragm and. pericardium"". Received fresh and placed in formalin is a 629.5 g, 34.5 x 25 x 3. cm portion of visceral pleura with attached 7 X 6.5 cm glistening pink-gray. membranous tissue designated pericardium (marked by a black suture) and attached. 22.8 X 15 cm portion of diaphragm (marked by white suture). The specimen has an. overall volume of approximately 700 cc. The pericardium is smooth, glistening. and is inked blue. Adjacent to the pericardium is 8.5 x 6.5 X 2.5 cm area of. abundant yellow fibrofatty tissue in which multiple apparent tan to gray-black. rubbery lymph nodes ranging from 0.3-1.5 cm in greatest dimension are. identified. Sectioning through the pericardium reveals patchy ill-defined. gray-tan nodules ranging from 0.5-1.7 cm in greatest dimension which focally. abut the inked surface. The inner aspect of the specimen displays patchy areas. of visceral pleura measuring up to 7 x 6.7 cm. The superior inner aspect of the. specimen is covered by patchy gray-tan firm nodules ranging from 0.2-1.5 cm in. greatest dimension. The diaphragm is inked green. The diaphragm is diffusely. covered by a grey-tan firm plaque ranges from 0.5-1.7 cm in thickness. Upon. sectioning, the plaque focally invades into the diaphragm muscle extending to. within 0.3 cm of the inked surface. Gross photographs are taken. Representative. sections are submitted as follows: E1-E2: pericardium. E3-E4: sections of plaque and diaphragm, deepest invasion. E5-E7: additional sections of plaque and diaphragm. E8-E17: sections from remainder of specimen. E18-E19: 4 lymph nodes in each cassette. E20: one apparent lymph node, bisected.",,,,,"['If the tumor is limited to the ipsilateral parietal pleura, it might be T1.', ""If the tumor has invaded the diaphragm, it's T3."", ""If the tumor has invaded the lung, it's T3."", ""If the tumor has invaded the chest wall, mediastinal fat, pericardium, heart, or diaphragmatic muscle, it's T4."", 'If there is any doubt about the invasion of these structures, additional tests or imaging should be done.']","If the tumor is limited to the ipsilateral parietal pleura, it might be T1.
If the tumor has invaded the diaphragm, it's T3.
If the tumor has invaded the lung, it's T3.
If the tumor has invaded the chest wall, mediastinal fat, pericardium, heart, or diaphragmatic muscle, it's T4.
If there is any doubt about the invasion of these structures, additional tests or imaging should be done.",True,"['If the tumor is limited to the ipsilateral parietal pleura, it might be T1.', ""If the tumor has invaded the diaphragm, it's T3."", ""If the tumor has invaded the lung, it's T3."", ""If the tumor has invaded the chest wall, mediastinal fat, pericardium, heart, or diaphragmatic muscle, it's T4."", 'If there is any doubt about the invasion of these structures, additional tests or imaging should be done.']"
MESO,TCGA-3U-A98G,TCGA-3U-A98G.7462A92B-C657-4D38-BF7C-0EC9639E7E4D,T4,3.0,N0,0.0,"Gender: Male. Race: White. Report Date: Tissue Procurement Date: FINAL PATHOLOGIC DIAGNOSIS. A. #11 lymph node; biopsy: - Two lymph nodes, no tumor (0/2). B. Level 7 lymph node; dissection: - Three lymph nodes, no tumor (0/3). C. #8 lymph node; biopsy: - One lymph node, no tumor (0/1). D. 4R lymph node; biopsy: - Two lymph nodes, no tumor (0/2). E. Right parietal and visceral pleura, diaphragm and pericardium: - Malignant biphasic mesothelioma; see comment. - See parameters. Thoracic Mesothelioma Pathologic Parameters. Pleura Resection. MACROSCOPIC. Specimen Type: Pleural resection. Tumor Site: Right pleura, pericardium, and diaphragm. Tumor Configuration and Size: Diffuse, maximum thickness: 3.5 cm. MICROSCOPIC. Histologic Type: Biphasic mesothelioma (80% epithelioid, 20% sarcomatoid). Tumor Extension: Confluent visceral pleural tumor (including fissure). Into but not through diaphragm. Into and through the pericardium. Venous/Lymphatic (Large/Small Vessel) Invasion: Absent. Margins: Cannot be assessed. Pathologic Staging (pTNM): pT4, NO. Primary Tumor (pT). pT4: Tumor (locally advanced technically unresectable) involves any of the. ipsilateral pleural surfaces, with at least lof the following: diffuse or. multifocal invasion of soft tissues of the chest wall, any involvement of rib,. invasion through the diaphragm to the peritoneum, invasion of any mediastinal. organ(s), direct extension to the contralateral pleura, invasion into the spine,. extension to the internal surface of the pericardium, pericardial effusion with. positive cytology, invasion of the myocardium. Regional Lymph Nodes (pN). pN0: No regional lymph node metastasis. Specify: Number examined: 8. Number involved: 0. Comment. Immunohistochemical staining with CAM5.2 was positive in both epithelioid and. sarcomatoid mesothelioma. Of note, expansile nodules composed of sarcomatoid. mesothelioma are seen at the diaphragm with epithelioid and spindle cells. extending into the muscle. In the invasive ares, only the epithelioid cells. stain positively for CAM5.2, whereas the spindled cells are negative. This shows. epithelioid mesothelioma extension into the diaphragm, but spindled cell within. the diaphragm may reflect desmoplastic stroma. In addition, CD34 stain shows no. venous or lymphatic invasion. All controls are appropriate. Dr. has. reviewed the case and concurs. M.D. Interpretation performed by the Attending Pathologist and reviewed with the. Resident/Fellow, , MD. Clinical History: The patient is a -year-old male with mesothelioma undergoing right. thoracotomy, pleurectomy, and decortication. Specimens Received: A: #11. B: Level 7. C: #8. D: 4R. E: Right parietal visceral pleura diaphragm and pericardium. Gross Description: The specimens are received in five containers each labeled with the patient's. name and medical record number. A. The first container is additionally identified as, ""1. #11"". Received fresh. and placed in formalin are 2 gray-black nodular, rubbery fibrofatty tissue. fragments measuring 0.8 x 0.7 X 0.6 cm and 1.2 x 0.7 x 0.6 cm. Each nodule is. bisected. A thin section of tissue is detached from the larger nodule during. bisection. The smaller nodule is submitted entirely in A1, and the larger nodule. along with the detached fragment is submitted in A2. B. The second container is additionally identified as, ""2. Level 7"". Received. fresh and placed in formalin are 3 grey-black nodular, rubbery fibrofatty tissue. fragments measuring 0.8 x 0.4 x 0.3 cm, 1.9 x 1.1 x 0.6 cm, and 1.9 x 1.1 x 0.8. cm. Each nodule is bisected and submitted entirely in B1-B3. C. The third container is additionally identified as, ""3. #8"". Received fresh. and placed in formalin is a grey-black nodular, rubbery fibrofatty tissue. fragment measuring 1.8 x 1.2 x 0.6 cm. The specimen is bisected and submitted. entirely in C1. D. The fourth container is additionally identified as, ""4. 4R"". Received fresh. and placed in formalin are 2 brown-tan rubbery tissue fragments measuring 1.1 x. 0.5 X 0.4 cm and 1.5 x 1 x 0.3 cm as well as a gray-black lobulated, rubbery. fibrofatty tissue fragment measuring 3.1 x 2.3 x 0.3 cm. The 2 brown-tan. fragments are submitted entirely in D1. The gray-black larger tissue fragment is. divided and submitted entirely in D2-D3. E. The fifth container is additionally identified as, ""5. Right parietal. visceral pleura, diaphragm + pericardium black stitch marks pericardium, white. stitch marks diaphragm"". Received fresh is a 575 gm, 600 ml pleurectomy specimen. measuring 31 x 16 x 3 cm. There is an attached 6.5 x 2.5 cm surface of smooth,. pink-tan pericardium, which is 0.2 cm thick. There is a 13 x 11 cm portion of. attached red-brown, ragged diaphragm, which is 0.8 cm thick. The specimen is. inked as follows: pericardial surface - blue, abdominal surface of diaphragm -. black. The specimen is sectioned to reveal white, firm, lobulated tumor present. throughout the visceral pleura. Greater than 90% of the pleura is involved by. tumor. The visceral and parietal pleura are thickened (up to 0.5 cm) and fused. The tumor invades the diaphragm up to a depth of 0.8 cm, which comes to <0.1 cm. to the inked margin. The abdominal surface of the diaphragm is free of tumor. The greatest tumor dimension is 3.5 cm. Gross photographs are taken. Representative sections are taken as follow: E1-E2: Pericardium. E3-E9: Diaphragm. E10-E15: Pleura and chest wall. MD.","1. The pathology report states that the tumor is present on the right pleura, pericardium, and diaphragm. The maximum thickness of the tumor is 3.5 cm. This indicates that the tumor has involved the ipsilateral parietal pleura (right pleura), which could potentially make it a T1 stage tumor. However, the report also mentions that the tumor has invaded the diaphragm and pericardium. This rules out a T1 stage as T1 tumors are limited to the ipsilateral parietal pleura only. Thus, we can eliminate T1.    

2. The tumor has invaded the diaphragm (through but not through) and pericardium (through). According to the AJCC 7th edition rules, this would make the tumor a T3 or T4. T3 tumors have invaded the diaphragm or lung, but not the chest wall, mediastinal fat, pericardium, heart, or diaphragmatic muscle. T4 tumors have invaded any of the ipsilateral pleural surfaces, with at least one of the following: diffuse or multifocal invasion of soft tissues of the chest wall, any involvement of rib, invasion through the diaphragm to the peritoneum, invasion of any mediastinal organ(s), direct extension to the contralateral pleura, invasion into the spine, extension to the internal surface of the pericardium, pericardial effusion with positive cytology, invasion of the myocardium.    

3. The report does not mention any invasion of the chest wall, mediastinal fat, heart, or diaphragmatic muscle. There is no mention of rib involvement or pericardial effusion with positive cytology. However, the tumor has invaded the diaphragm and pericardium. Therefore, the tumor fits the criteria for a T3 stage tumor, but not a T4.    

4. To confirm, we look at the microscopic description of the tumor. The tumor is a biphasic mesothelioma with 80% epithelioid and 20% sarcomatoid components. The epithelioid cells stain positively for CAM5.2, while the sarcomatoid cells do not. The report mentions 'expansile nodules composed of sarcomatoid mesothelioma are seen at the diaphragm with epithelioid and spindle cells extending into the muscle. In the invasive areas, only the epithelioid cells stain positively for CAM5.2, whereas the spindled cells are negative. This shows epithelioid mesothelioma extension into the diaphragm, but spindled cells within the diaphragm may reflect desmoplastic stroma. In addition, CD34 stain shows no venous or lymphatic invasion.' This further confirms the tumor's invasion of the diaphragm, but there is no mention of any other T4 criteria being met.    

5. Therefore, based on the AJCC 7th edition rules and the pathology report, the tumor is a T3 stage mesothelioma.",T3,,,,,False,"['If the tumor is limited to the ipsilateral parietal pleura, it might be T1.', ""If the tumor has invaded the diaphragm, it's T3."", ""If the tumor has invaded the lung, it's T3."", ""If the tumor has invaded the chest wall, mediastinal fat, pericardium, heart, or diaphragmatic muscle, it's T4."", 'If there is any doubt about the invasion of these structures, additional tests or imaging should be done.']"
MESO,TCGA-ZN-A9VW,TCGA-ZN-A9VW.C3231F34-1580-4BBC-ABEF-BF2693249E3C,T4,3.0,N0,0.0,"Report Status: Final. Procedure Date: PATHOLOGIC DIAGNOSIS: A. SKIN, OLD INCISION, EXCISION: Skin and subcutis with scar, negative for tumor. B. RIB: Bone marrow with maturing trilineage hematopoiesis, negative for tumor. C. RIGHT CHEST WALL MASS: MALIGNANT MESOTHELIOMA (0.7 cm), predominantly sarcomatoid type,. involving fibroadipose tissue. Adjacent fibroadipose tissue with foreign body giant cell reaction. D. RIGHT CHEST WALL MASS (INCLUDING FSA) : MALIGNANT MESOTHELIOMA (2.0 cm), mixed epithelial and sarcomatoid type,. involving skeletal muscle and fibroadipose tissue. E. ADDITIONAL RIGHT CHEST WALL MASS: MALIGNANT MESOTHELIOMA, mixed epithelial and sarcomatoid type,. involving skeletal muscle. F. RIGHT PLEURA: MALIGNANT MESOTHELIOMA, mixed epithelial and sarcomatoid type,. involving fibroadipose tissue. G. CHEST WALL RESECTION: MALIGNANT MESOTHELIOMA, multiple nodules (up to 5.5 cm), mixed. epithelial and sarcomatoid type. Tumor invades into fibroadipose tissue, skeletal muscle, and bone. Tumor abuts and focally invades lung parenchyma. Tumor necrosis is present. Tumor is present at the superior, inferior, lateral, medial, chest wall,. and pleural soft tissue margins. Tumor is present at the medial and lateral bony resection margins. H. ADDITIONAL TUMOR: MALIGNANT MESOTHELIOMA, mixed epithelial and sarcomatoid type, with. extensive necrosis. I. RIGHT PLEURA: MALIGNANT MESOTHELIOMA, mixed epithelial and sarcomatoid type, involving. fibroadipose tissue and skeletal muscle. Tumor abuts and focally invades lung parenchyma. J. RIB: MALIGNANT MESOTHELIOMA, mixed epithelial and sarcomatoid type,. involving periosteal fibroadipose tissue. Bone marrow with maturing trilineage hematopoiesis. K. PARATRACHEAL LYMPH NODE: One (1) lymph node, negative for tumor. L. PERICARDIAC TUMOR: MALIGNANT MESOTHELIOMA, mixed epithelial and sarcomatoid type, involving. Page: 1 of 4. fibroadipose tissue. M. VISCERAL PLEURA: MALIGNANT MESOTHELIOMA, mixed epithelial and sarcomatoid type, involving. fibroadipose tissue. Tumor abuts and focally invades lung parenchyma. TISSUE SUBMITTED: A/1). Old incision. B/2) Rib. Rt chest wall mass. D/4). Rt chest wall mass (FS) . E/5). Rt chest wall mass for (. ) FS. F/6). Rt pleura (. ) FS. G/7). Chest wall - long - lateral spine, short - medial spine. H/8). (FS) . I/9). Rt pleura. J/10) Rib. K/11) Paratracheal lymph node. L/12) Pericardiac tumor. M/13) Visceral pleura. O.R. CONSULTATION: SPECIMEN LABELED ""#4. RT CHEST WALL MASS"" (FSA) : Spindle-cell malignant neoplasm, consistent with mesothelioma. The senior physician certifies that he/she personally conducted a gross and/or. microscopic examination of the described specimen (s) and rendered or confirmed. the rapid diagnos (es) related thereto. GROSS DESCRIPTION: The specimen was received fresh, in thirteen parts, and each labeled with the. patient's name and unit number. Part A, specimen labeled ""#1. Old incision"", consists of a 21.5 x 0.5 cm skin. excision with an excision depth of 1.1 cm. The specimen was inked blue and. serially sectioned. No masses or lesions were seen. Micro A1: Sections of skin, 5 frags, RSS. Part B, specimen labeled ""#2. Rib"", consists of a fragment of rib 11.7 cm in. length. No masses or lesions were identified. A successful bone marrow. squeeze was performed. Micro B1: Rib bone marrow, multi frags, RSS. Part C, specimen labeled ""#3. Right chest wall mass"", consists of a 1.6 x 0.9 x. 0.6 cm red/tan/yellow soft tissue with a firm, tan (0.7 cm in greatest. dimension) nodule. Micro C1: Soft tissue fragment, bisected, 2 frags, ESS. Part D, specimen labeled ""#4. Right chest wall mass"", consists of a 3.0 x 2.0 x. 1.0 cm soft tissue fragment, which contains a 2.0 x 1.0 x 0.5 cm firm white. nodule. The specimen was bisected and one half of the nodule was submitted as. FSA and the other half of the nodule was submitted to. Page: 2 of 4. Micro D1: FSA remnant, 1 frag, ESS. Micro D2: Non-frozen FSA remnant, 1 frag, ESS. Part E, specimen labeled ""#5. Right chest wall mass for. consists of. a 2.8 x 1.8 x 0.7 cm tan/white nodular soft tissue fragment with adherent. tan/red muscular soft tissue. A representative section of the sample was. submitted to. Micro E1: Remaining soft tissue, 2 frags, ESS. Part F, specimen labeled ""#6. Right pleura for. consists of a 5.0 x. 4.0 x 1.2 cm aggregate of tan/pink nodular soft tissue fragment. A. representative sample (60%) was divided and sent to. Micro F1-F2: Sections of soft tissue, 1 and 2 frags respectively, RSS. Part G, specimen labeled ""#7. Chest wall"", consists of a chest wall resection,. measuring 13.6 cm superior to inferior, 11.5 cm medial to lateral, and 13.5. cm. anterior to posterior. The specimen was oriented by the surgeon as long stitch. equals lateral spine, short stitch equals medial spine, and Vicryl equals. superior. The specimen was inked as red equals superior, green equals. inferior, black equals pleural surface, blue equals chest wall surface, yellow. equals lateral spine, and orange equals medial spine. The resection includes. three ribs (9.0, 8.7, and 8.8 cm in length). The superior most rib is. fractured. The pleural surface is relatively smooth and nodular. The largest. aggregate of nodules is 5.5 cm in greatest dimension. Grossly, the nodules are. abutting the chest wall resection edge, less than 0.1 cm/abutting the pleural. surface, less than 0.1 cm from the superior resection margin, abutting the. inferior resection margin, abutting the medial resection margin, and less than. 0.1 cm from the lateral resection margin. The middle rib on the medial side. only contained a small amount of bone protruding to the resection surface. The. lower most rib on the medial side did not extend all the way to the medial soft. tissue resection edge and protruded out more towards the chest wall side. The. tumor appears to grossly invade all three ribs. Micro G1: Medial bone resection margin of the upper most rib, 1 frag, en face,. ESS. Micro G2: Medial bone resection margin of the middle rib, en face, 4 frags,. ESS. Micro G3: Medial bone resection margin of the lower most rib, on chest wall. surface, en face, 1 frag, ESS. Micro G4: Lateral bone resection margin of upper most rib, en face, 1 frag,. ESS. Micro G5: Lateral bone resection margin of the middle rib, en face, 3 frags,. ESS. Micro G6: Lateral bone resection margin of lower most rib, en face, 1 frag,. ESS. Micro G7: Tumor to bone, 1 frag, RSS. Micro G8: Superior margin, perpendicular, 1 frag, RSS. Micro G9: Tumor to pleural and chest wall surfaces, 1 frag, RSS. Micro G10: Tumor to inferior resection margin, perpendicular, 1 frag, RSS. Micro G11: Tumor to lateral soft tissue resection margin, perpendicular, RSS. Micro G12: Tumor to medial soft tissue resection margin, perpendicular, 1 frag,. RSS. Part H, specimen labeled ""#8. consists of a 5.6 x 4.4 x 3.9 cm. tan/red nodule with a partially smooth and partially disrupted surface. The. outer surface was inked black. The specimen was sectioned to reveal a tan cut. surface. Micro H1-H2: Sections of nodule, 1 frag each, RSS. Part I, specimen labeled ""#9. Right pleura"", consists of a 210-gram (16.7 x. 13.8 x 5.2 cm) aggregate of tan, firm soft tissue (tumor) with attached pleura. and fibroadipose tissue. The largest single nodule of tumor measures 4.1 x 3.9. x 3.5 cm. Page: 3 of 4. Micro I1-I4: Sections of tumor, multi frags, RSS. Part J, specimen labeled ""#10. Rib"", consists of a 6.7 cm in length fragment of. rib with attached skeletal muscle and nodules of tumor, 2.3 cm in greatest. dimension. A successful bone marrow squeeze was performed. Micro J1: Bone marrow, multi frags, RSS. Micro J2: Tumor to bone, 2 frags, RSS. Part K, specimen labeled ""#11. Paratracheal lymph node"", consists of a 3.0 x. 2.1 x 0.3 cm aggregate of yellow/red soft tissue, which contains a 1.0 x 0.7 X. 0.3 cm black/red lymph node candidate. Micro K1: Lymph node candidate and soft tissue, 2 frags, ESS. Part L, specimen labeled ""#12. Pericardial tumor"", consists of a 7.4 x 4.0 x. 2.1 cm fragment of fibromembranous tissue with two to three firm tan nodules. (3.5 cm in greatest dimension). Micro L1-L2: Sections of fibromembranous tissue and nodule, 1 and 2 frags. respectively, RSS. Part M, specimen labeled ""#13. Visceral pleura"", consists of a 16.7 x 13.4 x. 3.1 cm aggregate of red/tan fibromembranous tissue with attached firm tan. nodules (5.1 cm in greatest dimension) There is also scant attached skeletal. muscle and adipose tissue. Micro M1-M4: Sections of tumor and associated tissue, multi frags, RSS. By his/her signature below, the senior physician certifies that he/she. personally conducted a microscopic examination (""gross only"" exam if so stated). of the described specimen (s) and rendered or confirmed the diagnosis (es). related thereto.","1. The pathology report describes malignant mesothelioma involving the right chest wall, right pleura, and pericardium. This involves multiple ipsilateral structures (chest wall, pleura, and pericardium), so it cannot be T1.   
2. The tumor has invaded the skeletal muscle (right chest wall mass, mass D, mass E, chest wall resection, and visceral pleura) and the rib (rib, right chest wall mass, right chest wall mass for FSA, and rib FSA). This is consistent with T3.   
3. The tumor has not invaded the lung parenchyma (right chest wall mass, right chest wall mass for FSA, right pleura, chest wall resection, additional tumor, right pleura FSA, and visceral pleura) beyond focal invasion. Therefore, it does not meet the criteria for T4.   
4. The tumor has not invaded the diaphragm or mediastinal fat, so it does not meet the criteria for T4.   
5. The tumor has abutted the lung parenchyma in multiple locations, but it has not invaded the lung beyond focal invasion. This is still consistent with T3.   
6. There is no mention of invasion into the heart or diaphragmatic muscle, so it does not meet the criteria for T4.   
7. Based on this information, the T stage for this mesothelioma is T3.",T3,,,,,False,"['If the tumor is limited to the ipsilateral parietal pleura, it might be T1.', ""If the tumor has invaded the diaphragm, it's T3."", ""If the tumor has invaded the lung, it's T3."", ""If the tumor has invaded the chest wall, mediastinal fat, pericardium, heart, or diaphragmatic muscle, it's T4."", 'If there is any doubt about the invasion of these structures, additional tests or imaging should be done.']"
MESO,TCGA-MQ-A6BN,TCGA-MQ-A6BN.7FEC6780-415F-42E4-B996-E091CA424621,T2,1.0,N1,1.0,"THIS IS A CONFIDENTIAL AND PRIVILEGED COMMUNICATION. PLEASE DISPOSE OF PAPER COPIES APPROPRIATELY. Test Name: F/S PLEURAL TUMOR {MASS. Test Date: SPECIMEN NUMBER: SPECIMENS: 1. F/S PLEURAL TUMOR. 2. MASS. DIAGNOSIS: 1. PLEURA, RIGHT: BIOPSY. - MALIGNANT EPITHELIOID MESOTHELIOMA. 2. PLEURA: BIOPSY. - MALIGNANT EPITHELIOID MESOTHELIOMA. COMMENT: Immunohistochemical study demonstrates the tumor is. positive diffusely for cytokeratin (AE1/AE3) and CK5/6, and focally. positive for calretinin and WT1. The tumor is negative for mCEA,. Ber-EP4 (rare cells +), and TTF1. The findings support the. diagnosis. This case has been reviewed intradepartmentally. CLINICAL HISTORY AND PRE-OPERATIVE DIAGNOSIS: Lung mass, right. MACROSCOPIC DESCRIPTION: The specimen is received in two parts labeled with the patient's. 1. Part one is received fresh labeled 'pleural tumor'. It consists. of three fragments of tan soft tissue that range in size from 0.2. x. 0.2 x 0.2 to 1 x 0.4 x 0.2 cm. Entirely submitted for frozen. section. 2. Part tow is received fresh labeled with ""pleural tumor'. It. consists of one 1.4 x 1.2 x 0.3 cm piece of tan soft tissue. One 0.8. cm tan firm plaque is noted on the surface. The specimen is serially. sectioned and entirely submitted. SUMMARY OF SECTIONS: 1A in toto. 2A in toto. SPECIAL PROCEDURES: AE1/AE3, Calretinin, WT1, Ber-EP4, mCEA, CK5/6, TTF1. INTRA - OPERATIVE CONSULTATION: 1. Pleural tumor; frozen section. Malignant epithelioid tumor, favor mesothelioma. Results. reported by. back by. Intra-Operative Consultation #1 performed by. Final Diagnosis performed by. The electronic signature attests that the named Attending. Pathologist has evaluated the specimen referred to in the signed. section of the report and formulated the diagnosis therein. This report may include one or more immunohistochemical stain. results that use analyte specific reagents. The tests were developed and their performance characteristics. determined by. They have not been cleared or approved by the US Food and Drug. Administration. The FDA has determined that such clearance or approval is not. necessary.","The pathology report does not provide enough information to directly determine the T stage of the mesothelioma. However, it does mention that the tumor is located in the right pleura. According to the long-term memory based on the AJCC 7th edition, if the tumor is limited to the ipsilateral parietal pleura, it might be T1. Therefore, based on the information provided, the tumor could be T1. However, without further information about potential invasion of other structures, we cannot definitively rule out T2, T3, or T4 stages.",T1,,,,,False,"['If the tumor is limited to the ipsilateral parietal pleura, it might be T1.', ""If the tumor has invaded the diaphragm, it's T3."", ""If the tumor has invaded the lung, it's T3."", ""If the tumor has invaded the chest wall, mediastinal fat, pericardium, heart, or diaphragmatic muscle, it's T4."", 'If there is any doubt about the invasion of these structures, additional tests or imaging should be done.']"
MESO,TCGA-3H-AB3T,TCGA-3H-AB3T.4F0240DA-BF51-4D8D-A378-1B39EEFD5FEA,T1,0.0,N0,0.0,"[D:4F0240DA-BF51-4D8D-A378-1B39EEFDSFEA. M. DIAGNOSIS. (A) RIGHT CHEST WALL MASS, BIOPSY: MALIGNANT BIPHASIC TUMOR CONSISTENT WITH MESOTHELIOMA. GROSS DESCRIPTION. (A) RIGHT CHEST WALL MASS - A single unoriented red-tan soft tissue fragment (0.8 x 0.6 x 0.4 cm). The entire specimen. submitted for frozen section evaluation, telfa side down in A. FS/DX: MALIGNANT NEOPLASM, DEFER TO PERMANENT CLASSIFICATION. CLINICAL HISTORY. Right lung mesothelioma. SNOMED CODES. T-D3050, M-90503. ""Some tests reported here may have been developed and performance characteristics determined by. . These tests have not been. specifically cleared or approved by the U.S. Food and Drug Administration."". Entire report and diagnosis completed by: END OF REPORT-.","1. The pathology report indicates a malignant biphasic tumor consistent with mesothelioma, which is found in the right chest wall. This suggests that the tumor has already invaded the chest wall.   \\n2. According to the long-term memory derived from the AJCC Cancer Staging Manual (7th edition), if the tumor has invaded the chest wall, it is classified as T4.   \\n3. Although the report does not explicitly mention the invasion of mediastinal fat, pericardium, heart, or diaphragmatic muscle, the presence of chest wall invasion alone is sufficient to classify the tumor as T4.   \\n4. The report also does not provide information about the involvement of the diaphragm or the lung, but these would not change the T stage based on the given information.",T4,"{""reasoning"": ""1. The pathology report indicates a malignant biphasic tumor consistent with mesothelioma, which is found in the right chest wall. This suggests that the tumor has already invaded the chest wall.   \\\\n2. According to the long-term memory derived from the AJCC Cancer Staging Manual (7th edition), if the tumor has invaded the chest wall, it is classified as T4.   \\\\n3. Although the report does not explicitly mention the invasion of mediastinal fat, pericardium, heart, or diaphragmatic muscle, the presence of chest wall invasion alone is sufficient to classify the tumor as T4.   \\\\n4. The report also does not provide information about the involvement of the diaphragm or the lung, but these would not change the T stage based on the given information."", ""stage"": ""T4""}",,,,False,"['If the tumor is limited to the ipsilateral parietal pleura, it might be T1.', ""If the tumor has invaded the diaphragm, it's T3."", ""If the tumor has invaded the lung, it's T3."", ""If the tumor has invaded the chest wall, mediastinal fat, pericardium, heart, or diaphragmatic muscle, it's T4."", 'If there is any doubt about the invasion of these structures, additional tests or imaging should be done.']"
MESO,TCGA-TS-A7P0,TCGA-TS-A7P0.887CA21D-BC50-446A-B804-98147E5604AA,T3,2.0,N0,0.0,"Date Printed: Date Collected : Date Received: years Sex: Male. Accession No: Clinical Information. year old male patient presents for radical pleurectomy and PDT for mesothelioma. Final Diagnosis. 1. PREVIOUS INCISION SITE, FROZEN SECTION: Skin and underlying soft tissue with changes of previous biopsy site and scar formation, no tumor seen. 2. RIB: Benign lamellar bone with trilinear bone marrow formation and surrounding soft tissue with foreign body type giant cell. formation consistent with close previous biopsy site. 3. PARIETAL PLEURA, FROZEN SECTION: Dense fibrocollagenous soft tissue with focal chronic and acute inflammation. No tumor seen. 4. PARIETAL PLEURA: Fragments of fibrofatty soft tissue with focal mesothelial lining. No tumor seen. 5. LEVEL 6: Sections of lymph node, no tumor seen. 6. PERICARDIAL FAT: Fibrofatty soft tissue with mesothelial lining with focal areas of significant increased proliferation of mesothelial cells,. suspicious of focal involvement by mesothelioma. 7. LEVEL 5: Sections of lymph node, no tumor seen. 8. APICAL CHEST MASS, FROZEN SECTION: Tumor nodule with presence of malignant mesothelioma, epithelioid type. The tumor is present within the lung parenchyma and shows a focal presence of a pseudo capsule. In other areas the tumor nodules are invading directly into alveolar lung parenchyma. No tumor seen at stapeled resection margin of specimen. Tumor is positive for calretinin, CK7, D2-40 (focal), CK5/6 (focal), AE1-3 and negative for CD15, TTF1, CEA, MOC31 and. WT1 consistent with the diagnosis of mesothelioma. 9. PERIPHRENIC TISSUE: Fibrofatty soft tissue with superficial mesothelial lining. Date Printed: Date Collected. Date Received;. years Sex: Male. Accession No: I. Loc.: s 1111631 p a t It 0 / a y y a 8 a a , /. The mesothelial lining, shows, in areas, prominent proliferation and pleomorphism suspicious of focal invoivement by. malignant mesothelioma. Prominent foreign body type giant cells identified. 10. LEVEL 9: Fragments of fibrofatty soft tissue, no tumor seen. Section of small lymph node, no tumor seen. 11. POSTERIOR INTERCOSTAL: Sections of lymph node, no tumor seen. 12. VISCERAL PLEURA: Sections of fibrous soft tissue with mesothelial lining and prominent giant cell formation. The mesotheiium is, in areas, prominently proliferative with pleomorphic changes suspicious for focal involvement with. mesothelioma. 13. LEVEL 8: Sections of lymph node, no tumor seen. 14. LEVEL 7: Sections of lymph node, no tumor seen. Fibrofatty soft tissue with accumulation of mesothelial cells not diagnostic for malignant tumor. 15. VISCERAL PLEURA (STITCH MARKS NODULE): Sections of visceral pleura with prominent foreign body type giant cells and lined by mesothelium with focal prominent. proliferation of mesothelium. No definite tumor seen. 16. PHRENIC NODE: Sections of lymph node, no tumor seen. 17. PERICARDIAL TISSUE: Soft tissue with presence of mesothelioma. 18. DIAPHRAGMATIC PLEURA: Fibrofatty soft tissue with focal mesothelial lining and focal mesothelial hyperplasia, no definite tumor seen. Date Printed: Date Collected. Date Received: years Sex: Male. Accession No: 1. Loc.: Physician: Fried. surgical h 0 / a a 8 p a , /. Selective slides reviewed with. The case material was reviewed and the report verified by: (Electronic signature). Verification Date: Note. Disclaimer: The above in-vitro IHC tests may have used reagents labeled for IVD (In Vitro Diagnostic Use), IUO (Investigational Use. Only) and/or RUO (Research Use Only) and have not been cleared or approved by the U.S Food and Drug. Administration. However, the FDA has determined that such clearance or approval is not necessary for ASR class I tests. intended to provide pathologists with adjunctive information to assist their morphologic evaluation. The tests using IUO or. IUO reagents were developed and their performance characteristics were validated for diagnostic use by the. This laboratory is. regulated under the Clinical Laboratory Improvement Amendments of 1988 (CLIA) as qualified to perform high complexity. clinical tests. These Class I ASR tests are not intended to provide diagnostic, prognostic, predictive or therapeutic. information that is not directly confirmed by routine histopathologic internal or external control specimens. Frozen Section Diagnosis. FS-1: Incision site: Skin and scar, no tumor seen. FS-2: Parietal pleura: Fibrous tissue with surrounding reactive and atypical mesothelial cell proliferation. No definite. invasive pattern seen. (Seen with. FS-3: Chest mass: No definite tumor seen at lung margin of specimen. Gross Description. The specimens are received in eighteen parts labeled with the patient's name and medical record number. Specimen #1 is received fresh for frozen section and labeled ""previous incision site"". The specimen. consists of a 10.4 X 1.2 cm skin ellipse excised to a depth of 1.6 cm. The skin surface is tan grey,. wrinkled and displays an III defined linear scar which surfaces the entire length of the specimen. Representative sections are submitted for frozen section and the frozen section control is submitted. in cassette 1A. Additional representative sections are submitted in cassette 1B. Date Printed: Date Collected. Date Received: years Sex: Male. Accession Nox. Loc.: , 1. Specimen #2 is received in formalin and labeled rib"". The specimen consists of three cylindrical portions of firm and. trabeculated bone ranging from 5.6 cm to 6.0 cm in length and averaging. 1.5 cm in greatest dimension. Sectioning reveals grossly unremarkable cut surfaces. No discrete masses or lesions are. grossly identified. A representative section is submitted in cassette 2A following decalcification. Specimen #3 is received fresh for frozen section and labeled ""parietal pleura"". The specimen consists of a 1.1 x 0.6 x 0.3. cm irregular fragment of tan white to tan yellow, rubbery soft tissue which is submitted in toto in cassette 3A. Specimen #4 is received in formalin and labeled ""parietal pleura"". The specimen consists of a. 7.2 x 5.4 x 2.5 cm aggregate of multiple irregular and ragged fragments of grey purple to tan yellow, wrinkled soft tissue. Focal areas of muscle are identified. The outer surfaces are grossly unremarkable with no discrete masses or nodules. identified. Representative sections of muscle are submitted in cassette 4A. Representative sections from the remainder of the specimen are submitted in cassettes 48 through 4D. Specimen #5 is received in formalin and labeled ""Level 6. The specimen consists of two tan grey to yellow tan, nodular. soft tissue fragments measuring 0.6 cm and 1.0 cm in greatest dimension. The specimen is submitted in toto in cassette 5A. Specimen #6 is received in formalin and labeled ""pericardial fat"". The specimen consists of four irregular fragments of tan. yellow to grey purple, coarsely lobulated adipose tissue ranging from. 2.4 cm to 6.5 cm in greatest dimension. Sectioning reveals two indurated, focally nodular areas measuring 0.5 cm and 0.6. cm in greatest dimension. The remaining cut surfaces are tan yellow and grossly unremarkable. The nodular areas are submitted entirely in cassette 6A. Representative sections from the remainder of the specimen are submitted in cassette 6B. Specimen #7 is received in formalin and labeled ""Level 5"". The specimen consists of a 2.8 x. 2.4. x 1.0 cm nodular and indurated soft tissue fragment which is bisected and submitted entirely in cassettes 7A and 7B. Specimen #8 is received fresh for frozen section and labeled ""apical chest mass"". The specimen. consists of an 83 gram (following formalin fixation), 7.5 x 6.9 x 4.5 cm nodular soft tissue fragment which displays a 9.5. cm in length staple line along one aspect of the specimen. The specimen is incised at time of frozen section to reveal a. 6.6 x 6.5 x 4.5 cm tan white, firm nodule which grossly abuts the visceral pleura. On one aspect of the nodule, there is a. 5.5 x 4.5 x 1.5 cm focus of red brown, grossly unremarkable lung parenchyma attached. The tissue adjacent to the stapled resection margin is submitted for frozen section and additional representative sections. are submitted as follows: Block. 8A. Frozen section control. Block 8B. True resection margin. Blocks 8C,8D. Representative mass. Block 8E. Mass in relation to uninvolved lung parenchyma. Nan. Date Printed: Date Collected. Date Received: DQB. years Sex: Male. Accession No: Loc.: 0 / 0 g y 8 n a / /. Specimen #9 is received in formalin and labeled ""periphrenic tissue"". The specimen consists of. two irregular and ragged fragments of grey purple to tan yellow, coarsely lobulated soft tissue measuring 7.9 cm and 16.8. cm in greatest dimension. Sectioning reveals grey purple to tan white, focally dense and fibrous cut surfaces with a large. amount of yellow tan, coarsely lobulated adipose tissue. No discrete masses or nodules are grossly identified. Representative sections are submitted in cassettes 9A through 9C. Specimen #10 is received in formalin and labeled ""Level 9"". The specimen consists of a. 0.8 x 0.6 x 0.5 cm tan grey to tan yellow, nodular soft tissue fragment which is submitted. in toto in cassette 10A. Specimen #11 is received in formalin and labeled ""posterior intercostal"". The specimen consists. of a 1.2x 1.0 x 0.5 cm tan yellow nodular soft tissue fragment which is submitted in toto in. cassette 11A. Specimen #12 is received in formalin and labeled ""visceral pleura"". The specimen consists of two irregular and ragged. fragments of grey purple, wrinkled soft tissue tissue. One of the fragments displays a 1.0 cm in greatest dimension. indurated focus which is sectioned to reveal tan white to tan yellow, firm cut surfaces. The remaining fragments display a. 0.7 cm stellate tan white focus of tissue. No other discrete masses or nodules are identified. The indurated nodular areas are submitted in cassettes 12A and 12B. Additional representative section is submitted in 12C. Specimen #13 is received in formalin and labeled ""Level 8. The specimen consists of a. 0.9 x 0.8 x 0.5 cm tan grey, nodular soft tissue fragment which is submitted in toto in cassette 13A. Specimen #14 is received in formalin and labeled ""Level 7"". The specimen consists of two grey tan to tan yellow, nodular. soft tissue fragments measuring 1.0 cm and 1.1 cm in greatest dimension. The specimen is submitted in toto in one cassette labeled 14A. Specimen #15 is received in formalin and labeled ""visceral pleura, stitch marks nodule"". The specimen consists of a 9.5 x. 1.1 x 0.7 cm ragged and irregular fragment of grey purple, wrinkled and glistening soft tissue which has been oriented by. the surgeon with a stitch denoting a 0.5 cm in greatest dimension tan white, indurated nodule. The remaining cut surfaces. are grossly unremarkable with no discrete masses or lesions identified. On one aspect of the specimen is a 2.0 cm in. greatest dimension focus of red brown, spongy possible lung parenchyma. The nodular area is submitted entirely in one cassette labeled 15A. Additional representative sections of the remainder of specimen submitted in cassettes 15B and 15C. Specimen #16 is received in formalin and labeled ""phrenic node. The specimen consists of two yellow tan, nodular soft. tissue fragments measuring 1.0 cm and 1.2 cm in greatest dimension. The largest fragment is bisected and the specimen. is submitted entirely in cassette 16A. Nam. Date Printed: Date Collected : Date Received: years Sex: Male. Accession No: Loc.: P a t It 0 / 0 g y. Specimen #17 is received in formalin and labeled ""pericardial tissue"". The specimen consists of four irregular fragments of. grey purple, wrinkled soft tissue ranging from 0.3 cm to 1.3 cm in greatest dimension. The specimen is submitted in toto in cassette 17A. Specimen #18 is received in formalin and labeled ""diaphragmatic pleura"". The specimen consists of. a 9.0 x 2.2 x 0.8 cm ragged and irregular strip of grey purple, wrinkled soft tissue which displays a. 1.0 cm in greatest dimension area of induration which is sectioned to reveal tan white, dense cut surfaces. The area of induration is submitted entirely in cassette 18A. Additional representative sections are submitted in cassette 18B. Pathologist(s).","1. The report mentions changes in the previous incision site, rib, and parietal pleura, but there is no tumor seen in these areas (FS-1, 2, 3). This suggests that the tumor has not invaded these structures (T1 or T2).   
2. There is a tumor found in the lung parenchyma (FS-8). T3 includes invasion of the lung, so we can conclude that the tumor has reached at least T3.   
3. The report also mentions findings suspicious for focal involvement by mesothelioma in the pericardial fat (6), pericardial tissue (17), and diaphragmatic pleura (18). However, these findings are not definitive, and the AJCC 7th edition states that if there is any doubt about the invasion of these structures, additional tests or imaging should be done.   
4. Since the report does not provide clear evidence of T4 invasion (heart, mediastinal fat, or chest wall), and there is a definitive T3 invasion (lung), the T stage of this mesothelioma would be T3.",T3,,,,,False,"['If the tumor is limited to the ipsilateral parietal pleura, it might be T1.', ""If the tumor has invaded the diaphragm, it's T3."", ""If the tumor has invaded the lung, it's T3."", ""If the tumor has invaded the chest wall, mediastinal fat, pericardium, heart, or diaphragmatic muscle, it's T4."", 'If there is any doubt about the invasion of these structures, additional tests or imaging should be done.']"
MESO,TCGA-UT-A97Y,TCGA-UT-A97Y.81859C99-1011-4421-A5E3-87844EB925F0,T1,0.0,N0,0.0,"A-UT-A97Y-01A-PR. Copy Sent to. CLINICAL INFORMATION. Mesothelloma. MACROSCOPIC DESCRIPTION. then file this document. Labelled ""Right parletal pleura"". Specimen consists of multiple pieces of cream to grey and haemorrhagic fibrous and membranous. tissue measuring from 13x7x6mm up to 30x18x8mm. MICROSCOPIC DESCRIPTION. The specimen consists of portions of pleura which show abundant surface fibrinous exudate showing. transition to a zone of fibrosis containing a malignant infiltrate. The malignant cells are arranged in. poorly cohesive clusters, cords and singly in a background of fibrosis. The cells have enlarged nuclei. with focally prominent nucleoli and a variable amount of eosinophilic to slightly vacuolated cytoplasm. There are psammoma bodies associated with the infiltrate. PAS diastase stain shows. Immunohistochemistry shows the tumour is strongly positive for CK7, weakly positive for CK20,. positive for 34Beta12, strongly positive for calretinin and weakly positive for CA125. TTF-1 is negative. The findings are consistent with malignant mesothelloma, epithelial type. CONCLUSION. RIGHT PARIETAL PLEURAL BIOPSY. -- MALIGNANT MESOTHELIOMA, EPITHELIAL TYPE.","The pathology report indicates that the tumor is malignant mesothelioma, epithelial type, and it is located in the right parietal pleura. According to the AJCC 7th edition, T stage for mesothelioma is determined by the extent of the primary tumor. In this case, we are given the information that the tumor is located in the ipsilateral parietal pleura. Therefore, based on the long-term memory derived from prior cases and the AJCC 7th edition, the tumor can be classified as T1. However, it is important to note that the report does not mention any invasion of other structures such as the diaphragm, lung, chest wall, mediastinal fat, pericardium, heart, or diaphragmatic muscle. If there is any doubt about the invasion of these structures, additional tests or imaging should be done. But based on the information provided in the report, the tumor can be classified as T1.",T1,"{""reasoning"": ""The pathology report indicates that the tumor is malignant mesothelioma, epithelial type, and it is located in the right parietal pleura. According to the AJCC 7th edition, T stage for mesothelioma is determined by the extent of the primary tumor. In this case, we are given the information that the tumor is located in the ipsilateral parietal pleura. Therefore, based on the long-term memory derived from prior cases and the AJCC 7th edition, the tumor can be classified as T1. However, it is important to note that the report does not mention any invasion of other structures such as the diaphragm, lung, chest wall, mediastinal fat, pericardium, heart, or diaphragmatic muscle. If there is any doubt about the invasion of these structures, additional tests or imaging should be done. But based on the information provided in the report, the tumor can be classified as T1."",""stage"": ""T1""}",,,,False,"['If the tumor is limited to the ipsilateral parietal pleura, it might be T1.', ""If the tumor has invaded the diaphragm, it's T3."", ""If the tumor has invaded the lung, it's T3."", ""If the tumor has invaded the chest wall, mediastinal fat, pericardium, heart, or diaphragmatic muscle, it's T4."", 'If there is any doubt about the invasion of these structures, additional tests or imaging should be done.']"
MESO,TCGA-UD-AAC7,TCGA-UD-AAC7.2CF5E13F-7B32-4D60-BD15-A50AC112DBEB,T2,1.0,N0,0.0,"Printed. Ref. by. Sex: M. CLINICAL HISTORY: Fi. Pleural effusion and blood ? meso. MACROSCOPIC: Lung biopsy: Six tan fragments ranging from 2-5mm (1x6ae,. Pati. Noti. Patier. MICROSCOPIC: C: Sections show a fragment of an infiltrating epithelioid neoplasm. The. tumour cells do not produce mucin but some tissue mucin is present. Ma. A panel of antibodies shows the following profile;. Appoir. Keratin broad spectrum (AE1/3), i Calretinin and WT-1 all positive. Coll. TTF-1 and CEA (polyclonal) : both negative. Presar. CONCLUSION: Lung biopsy; MALIGNANT MESOTHELIOMA, epithelioid. o. Treati. Chi. Wi. Doc. Confidentiality: This document is confidential. If you are not the Intended recipient you must not read, copy, distribute or act in. reliance on it. If you have recieved this document in error please notify us immediately and destroy the original message.","1. The pathology report indicates a malignant mesothelioma, epithelioid type, which is consistent with a primary tumor in the pleura. However, the report does not provide enough information about the extent of the tumor to determine the T stage directly.   \\n2. We must rely on the long-term memory (AJCC 7th-aligned rules) to infer the T stage.   \\n3. The report mentions a lung biopsy, but it does not specify whether the tumor has invaded the lung parenchyma. Therefore, we cannot conclude T3 (invasion of the lung) based solely on this report.   \\n4. Similarly, the report does not mention invasion of the diaphragm, chest wall, mediastinal fat, pericardium, heart, or diaphragmatic muscle. Thus, we cannot determine T3 (invasion of the diaphragm) or T4 (invasion of other structures) based on this report.   \\n5. The only information we have is that the tumor is an epithelioid malignant mesothelioma, which is consistent with T1 (limited to the ipsilateral parietal pleura) or potentially higher stages if the tumor invades other structures.   \\n6. Since the report does not provide enough information to conclude T2, T3, or T4, we must assume the most conservative T stage, which is T1, based on the long-term memory rules.",T1,"{""reasoning"": ""1. The pathology report indicates a malignant mesothelioma, epithelioid type, which is consistent with a primary tumor in the pleura. However, the report does not provide enough information about the extent of the tumor to determine the T stage directly.   \\\\n2. We must rely on the long-term memory (AJCC 7th-aligned rules) to infer the T stage.   \\\\n3. The report mentions a lung biopsy, but it does not specify whether the tumor has invaded the lung parenchyma. Therefore, we cannot conclude T3 (invasion of the lung) based solely on this report.   \\\\n4. Similarly, the report does not mention invasion of the diaphragm, chest wall, mediastinal fat, pericardium, heart, or diaphragmatic muscle. Thus, we cannot determine T3 (invasion of the diaphragm) or T4 (invasion of other structures) based on this report.   \\\\n5. The only information we have is that the tumor is an epithelioid malignant mesothelioma, which is consistent with T1 (limited to the ipsilateral parietal pleura) or potentially higher stages if the tumor invades other structures.   \\\\n6. Since the report does not provide enough information to conclude T2, T3, or T4, we must assume the most conservative T stage, which is T1, based on the long-term memory rules."", ""stage"": ""T1""}",,,,False,"['If the tumor is limited to the ipsilateral parietal pleura, it might be T1.', ""If the tumor has invaded the diaphragm, it's T3."", ""If the tumor has invaded the lung, it's T3."", ""If the tumor has invaded the chest wall, mediastinal fat, pericardium, heart, or diaphragmatic muscle, it's T4."", 'If there is any doubt about the invasion of these structures, additional tests or imaging should be done.']"
MESO,TCGA-MQ-A4KX,TCGA-MQ-A4KX.22C75817-2D45-433A-8838-0E02FC00D12A,T1,0.0,N0,0.0,"Result date: Modified. SPECIMEN DESCRIPTION. SPECIMEN DESCRIPTION. RIGHT PLEURA. LYMPH NODE NO 7 LEVEL. LEVEL 4 LYMPH NODE. INTERNAL MAMMORY NODES. PATHOLOGY NO. : HOSPITAL ID: PATIENT ID: HOSPITAL NO. : ACCOUNT NO. : M. DATE RECEIVED: PHYSICIAN (S) : ACCN REQ. NO. : NOT GIVEN. REFERRING PHYS: ATTENDING PHYS: DIAGNOSIS: A. PLEURA, PLEURECTOMY: MALIGNANT MESOTHELIOMA, EPITHELIAL TYPE WITH. TUBULOPAPILLARY PATTERN (SEE COMMENT). NO INVASION OF UNDERLYING PULMONARY PARENCHYMA. NO DEFINITE VASCULAR SPACE INVASION NOTED. B. LYMPH NODES LEVEL 7: MULTIPLE FRAGMENTS OF LYMPH NODES WITH HYALINIZED. FIBROTIC GRANULOMATOUS NODULES AND ANTHRACOSIS. NEGATIVE FOR METASTATIC. NEOPLASM. C. LEVEL 4 LYMPH NODE: THREE LYMPH NODES WITH ANTHRACOSIS AND OCCASIONAL. HYALINIZED FIBROTIC NODULE. NEGATIVE FOR METASTATIC NEOPLASM. D. INTERNAL MAMMARY NODE: ONE SMALL LYMPH NODE AND ADJACENT FIBROMUSCULAR AND. ADIPOSE TISSUE, ALL NEGATIVE FOR MALIGNANT NEOPLASM. COMMENT: Specimen A. The histological features involving the pleura are. consistent with malignant mesothelioma however the confirmatory. immunoperoxidase stains are pending. A supplemental report will follow. Also. the special stains for fungus and acid fast bacilli are pending on specimen B. SPECIMEN: A. RIGHT PLEURA. B. LYMPH NODE NO 7 LEVEL. C. LEVEL 4 LYMPH NODE. D. INTERNAL MAMMARY NODES. OPERATION: RIGHT PNEUMONECTOMY/PLEURECTOMY. PRE-OP DIAGNOSIS: MESOTHELIOMA. POST-OP DIAGNOSIS: SAME. CLINICAL DATA: NOT GIVEN. GROSS DESCRIPTION: A. Received fresh labeled right pleura the specimen consists of three. fragments of parietal pleura that range in size from 19.5 x 4.0 x 0.3 cm to. 45.0 x 17.0 x 0.3 cm. The surface is tan to red, smooth and glistening with. focal petechial hemorrhages. Multiple firm, round tan nodules are palpated. that range in greatest dimension from 0.2 to 0.7 cm. One piece of the pleura. shows a surface that is ragged, brown and also contains multiple firm nodules. On the other surface of the same piece some strips of skeletal muscle are. identified. The specimen is serially sectioned to reveal portions of the lung. surrounded by firm white sheets. Representative sections are submitted in 10. cassettes. B. Received fresh labeled level 7 lymph node the specimen consists of three. fragments of dark red to black firm tissue ranging in size from 1.2 x 1.0 x. 0.5 cm to 3.0 x 2.0 x 1.0 cm. One segment shows multiple tan-white nodules on. the cut surface that measure, on average, 0.2 cm in greatest dimension. The. specimen is submitted in toto in six cassettes. C. Received fresh labeled level 4 lymph node the specimen consists of three. possible anthracotic lymph nodes that range in size from 0.4 x 0.3 x 0.1 cm. to. 0.6 x 0.5 x 0.2 cm. The specimen is submitted in toto in one cassette. D. Received fresh labeled internal mammary nodes the specimen consists of one. piece of yellow to pink soft tissue measuring 1.2 x 1.5 x 0.2 cm. The specimen. is inspected for lymph nodes. One possible lymph node is identified measuring. 0.5 cm in greatest dimension. The specimen is submitted in toto in one. cassette. SPECIAL STAIN: Irmunoperoxidase keratin, CEA, calretinin, thrombomodulin,. B72.3, BerEP4, Gms, Acidfast Stains. CPT CODE: PATHOLOGY NO. : HOSPITAL ID.: PATIENT ID: HOSPITAL NO. : ACCOUNT NO. : M. DATE RECEIVED: PHYSICIAN (S) : ACCN REQ. NO. : NOT GIVEN. REFERRING PHYS: ATTENDING PHYS: ADDENDUM REPORT. The neoplastic cells stain strongly positive with immunoperoxidase keratin,. calretinin and mildly positive with thrombomodulin stain and essentially. negative with CD15, CEA, B73.2 and BEREP-4 stains. This staining pattern. supports the diagnosis of mesothelioma over carcinoma. SPECIMEN: A. RIGHT PLEURA. B. LYMPH NODE NO 7 LEVEL. C. LEVEL 4 LYMPH NODE. D. INTERNAL MAMMARY NODES. OPERATION: RIGHT PNEUMONECTOMY/PLEURECTOMY. PRE-OP DIAGNOSIS: POST-OP DIAGNOSIS: SAME. CLINICAL DATA: NOT GIVEN. CPT CODE: Completed Action List: Perform by.","1. The pathology report describes a right pleura specimen with malignant mesothelioma, epithelial type with tubulopapillary pattern. The report also mentions that there is no invasion of the underlying pulmonary parenchyma. Based on the long-term memory, T1 applies when the tumor is limited to the ipsilateral parietal pleura, which seems to be the case here.   
2. However, we must also consider the gross description of the specimen, which mentions multiple firm white sheets surrounding the lung. While the report states that there is no invasion of the underlying pulmonary parenchyma, the gross description could suggest that the tumor has grown around the lung, which might indicate invasion of the visceral pleura. The AJCC 7th edition considers invasion of the visceral pleura as T2.   
3. The report also mentions that the special stains for fungus and acid-fast bacilli are pending on specimen B (lymph nodes). Although lymph node involvement does not directly affect the T stage, it is essential to consider the possibility of nodal metastasis.   
4. To summarize, the tumor is confirmed as malignant mesothelioma, and it has not invaded the diaphragm, lung, chest wall, mediastinal fat, pericardium, heart, or diaphragmatic muscle. However, the gross description raises the possibility of visceral pleura invasion, which would upgrade the T stage to T2.   

",T2,,,,,False,"['If the tumor is limited to the ipsilateral parietal pleura, it might be T1.', ""If the tumor has invaded the diaphragm, it's T3."", ""If the tumor has invaded the lung, it's T3."", ""If the tumor has invaded the chest wall, mediastinal fat, pericardium, heart, or diaphragmatic muscle, it's T4."", 'If there is any doubt about the invasion of these structures, additional tests or imaging should be done.']"
MESO,TCGA-ZN-A9VP,TCGA-ZN-A9VP.71F1B1F6-D19F-48F1-BADC-AE97F4DB5958,T3,2.0,N2,2.0,"Report Status: Final. Procedure Date: PATHOLOGIC DIAGNOSIS: A. PORT SITE #1: Skin and subcutis with acute and chronic inflammation, granulation tissue and. foreign body giant cell reaction to polarizable material, negative for tumor. B. RIB: Bone and bone marrow with maturing trilineage hematopoiesis, negative. for tumor. C. LEVEL 2R NODE: One (1) lymph node, negative for tumor. D. SVC NODE: One (1) lymph node, negative for tumor. E. LEVEL 8 NODE: One (1) lymph node, negative for tumor. F. LEVEL 4R NODE: One (1) lymph node, negative for tumor. G. LEVEL 7 NODE: One (1) lymph node, negative for tumor. H. RIGHT LUNG, DIAPHRAGM AND PERICARDIUM, EXTRAPLEURAL PNEUMONECTOMY. (INCLUDING FSA) : DIFFUSE MALIGNANT MESOTHELIOMA, EPITHELIOID TYPE, SOLID AND. TUBULOPAPILLARY PATTERNS. Tumor involves: chest wall parietal pleura, maximal thickness of 0.8 cm,. mediastinal pleura, and diaphragmatic pleura. Tumor involves visceral pleura. Visceral pleural involvement by tumor is confluent and includes an. interlobar fissure. Tumor invades lung parenchyma in two foci. Tumor invades pericardium but does not extend to the inner surface of. the pericardium. Diaphragmatic, pleural and bronchial resection margins are free of. tumor. Tumor is <0.1 cm from apical, lateral, medial, anterior, posterior. parietal pleural resection margins. Lymphovascular invasion is not identified. Hyaline pleural plaque is not identified. Mild pulmonary emphysema is present. ""HILAR"" LYMPH NODES: Four (4) lymph nodes with no tumor present. AJCC Classification (7th edition) : pT3 N2 (see below, part I). I. Level 8 node #2. METASTATIC MESOTHELIOMA, present as a microscopic focus within the. subcapsular space of one (1) of three (3) lymph nodes. Page: 1 of 4. TISSUE SUBMITTED: A/1. Port site #1. B/2. Rib. C/3. Level 2R node. D/4. SVC node. E/5. Level 8 node. F/6. Level 4R node. G/7. Level 7 node. H/8. Right lung, diaphragm and pericardium (FS). I/9. Level 8 node #2. O.R. CONSULTATION: SPECIMEN LABELED ""#8 RIGHT LUNG DIAPHRAGM & PERICARDIUM"" (FSA) : Bronchial resection margin, negative for tumor. The senior physician certifies that he/she personally conducted a gross and/or. microscopic examination of the described specimen (s) and rendered or confirmed. the rapid diagnos (es) related thereto. GROSS DESCRIPTION: The specimen is received fresh, in eight parts, each labeled with the patient's. name and medical record number. Part A, ""#1. Port site #1"", consists of a tan/yellow soft tissue fragment (3.9. x 3.9 x 1.4 cm) with attached skin ellipse (2.6 x 0.5 cm) . The specimen. consists of yellow lobulated adipose tissue with a central area of fibrosis. extending from the skin ellipse to the deepest aspect. There are no masses or. lesions identified. Representative sections are submitted for histologic. examination. Micro A1-A2: Soft tissue with skin ellipse in A1, 1 frag each, RSS. Part B, ""#2. Rib"", consists of a portion of rib (15.2 x 2.1 cm) with attached. red/brown fragments of skeletal muscle. There are no masses or lesions. identified. A rib bone marrow squeeze is submitted for histologic examination. Micro B1: Rib bone marrow squeeze, multi frags, RSS. Part C, ""#2. Level 2R node"", consists of a tan/pink lymph node (1.2 x 0.6 x 0.5. cm). The specimen is entirely submitted for histologic examination. Micro C1: Lymph node, 1 frag, ESS. Part D, ""#4. SVC node"", consists of a tan/brown/yellow lymph node (1.8 x 0.7 x. 0.4 cm). The specimen is entirely submitted for histologic examination. Micro D1: Lymph node, 1 frag, ESS. Part E, ""#5. Level 8 node"", consists of a tan/brown anthracotic lymph node (1.0. x 0.9 x 0.4 cm) . The specimen is entirely submitted for histologic. examination. Micro E1: Lymph node, 1 frag, ESS. Part F, ""#6. Level 4R node"", consists of a tan/yellow soft tissue fragment (0.6. Page: 2 of 4. x 0.4 x 0.2 cm) . The specimen is entirely submitted for histologic. examination. Micro F1: Soft tissue fragment, 1 frag, ESS. Part G, ""#7. Level 7 node"", consists of a tan/brown focally anthracotic lymph. node (0.8 x 0.5 x 0.4 cm). The specimen is entirely submitted for histologic. examination. Micro G1: Lymph node, 1 frag, ESS. Part H, ""#8. Right lung, diaphragm and pericardium (FS) "", consists of a 1518. gram moderately disrupted extrapleural pneumonectomy specimen (31 x 23 x 7.4. cm) including lung (21 X 14 x 5 cm) , parietal pleura, pericardium (7 X 6 cm). and hemidiaphragm (18 x 11 x 1.2 cm) There is a bronchial resection margin. (3.3 cm in length x 2.2 cm in diameter) that is submitted en face for frozen. section analysis as FSA. The parietal pleura is gray/white/brown, moderately. disrupted, and covered with multiple (greater than hundred) partially confluent. tan/white nodules (0.5 to 5.0 cm) up to 0.8 cm in thickness. Tumor is present. close to all pleural resection margins. The visceral pleura contains multiple. (greater than fifty) tan/white partially confluent nodules (up to 1 cm) Tumor. bulges (1.7 cm) into lung parenchyma of all lobes and thickened up to (1.2 cm). the entire distance of all intralobar septae. The diaphragmatic parietal. pleura is fused (100%) and thickened (1.4 cm) by nodular tumor. The. diaphragmatic margins are grossly free of tumor with the closest approach to. tumor being 0.5 cm from the anterior margin. The tumor invades to a depth of. 0.2 cm into the muscle of diaphragm, but the inferior surface is free of tumor. There are mild emphysematous changes in the peripheral lung parenchyma. There. are three firm anthracotic hilar lymph nodes, the largest measuring 1.3 cm in. greatest dimension. Micro H1: Bronchial resection margin, en face, FSA remnant, 1 frag, ESS. Micro H2: Apical parietal pleural margin, 1 frag, RSS. Micro H3: Medial parietal pleural margin, 1 frag, RSS. Micro H4: Lateral parietal pleural margin, 1 frag, RSS. Micro H5: Anterior parietal pleural margin, 1 frag, RSS. Micro H6: Posterior parietal pleural margin, 1 frag, RSS. Micro H7: Medial diaphragm margin, 1 frag, RSS. Micro H8: Lateral diaphragm margin, 1 frag, RSS. Micro H9: Anterior diaphragm margin, 1 frag, RSS. Micro H10: Posterior diaphragm margin, 1 frag, RSS. Micro H11: Diaphragm, deepest extent of tumor, 1 frag, RSS. Micro H12: Tumor and intralobar septae, 1 frag, RSS. Micro H13-H14: Tumor extension into lung parenchyma, 1 frag each, RSS. Micro H15: Uninvolved upper lobe, 1 frag, RSS. Micro H16: Uninvolved lower lobe, 1 frag, RSS. Micro H17: Pericardium with closest extension of tumor to pericardial surface,. 1 frag, RSS. Micro H18: Hilar lymph nodes, 3 frags, ESS. Part I, ""#9. Level 8 node #2"", consists of tan/brown/yellow soft tissue. fragment (3.0 x 1.1 x 0.6 cm). The specimen is entirely submitted for. histologic examination. Micro I1: Soft tissue fragment, 1 frag, ESS. By his/her signature below, the senior physician certifies that he/she. personally conducted a microscopic examination (""gross only"" exam if so stated). of the described specimen (s) and rendered or confirmed the diagnosis (es). related thereto. Page: 3 of 4.","The pathology report describes the findings from an extrapleural pneumonectomy specimen, which includes the right lung, diaphragm, pericardium, and regional lymph nodes. The tumor is identified as diffuse malignant mesothelioma, epithelioid type, with solid and tubulopapillary patterns. The tumor involves the chest wall parietal pleura, mediastinal pleura, diaphragmatic pleura, and visceral pleura. The visceral pleural involvement is confluent and includes an interlobar fissure. The tumor invades the lung parenchyma in two foci, and the pericardium but does not extend to the inner surface of the pericardium. The diaphragmatic, pleural, and bronchial resection margins are free of tumor. The tumor is <0.1 cm from apical, lateral, medial, anterior, posterior parietal pleural resection margins. Lymphovascular invasion is not identified. Based on the AJCC 7th edition staging manual, the tumor invasion of the lung parenchyma and the visceral pleura with confluent involvement of an interlobar fissure indicates a T3 stage. Therefore, the final predicted T stage is T3.",T3,,,,,False,"['If the tumor is limited to the ipsilateral parietal pleura, it might be T1.', ""If the tumor has invaded the diaphragm, it's T3."", ""If the tumor has invaded the lung, it's T3."", ""If the tumor has invaded the chest wall, mediastinal fat, pericardium, heart, or diaphragmatic muscle, it's T4."", 'If there is any doubt about the invasion of these structures, additional tests or imaging should be done.']"
MESO,TCGA-TS-A8AS,TCGA-TS-A8AS.28EF5137-69F0-4F69-95AF-8B604EDE9DD5,T1a,0.0,N0,0.0,"Print Date: Date Collected: Date Received: Age: years Sex: Male. S u r g I C a I P a t h O I O g y. R e p o r t. Accession Number Collection Date/Time. Received Date/Time. Verified Date/Time. Clinical Information. year old male with mesothelioma; Right Thoracotomy, Bronchoscopy, PDT. Final Diagnosis. Benign lamellar bone with trilinear bone marrow formation present. Sate Pluna NOS 038.4. 1. RIB: 2. PERICARDIAL FAT: Fibrofatty soft tissue with presence of malignant mesothelioma, epithelioid type. 3. PERICARDIUM: Fibrofatty soft tissue with presence of malignant mesothelioma, epithelioid type. 4. PHRENIC NODE: Fibrofatty soft tissue and sections of lymph node, no tumor seen. Confirmed by immunohistochemical stain. 5. DIAPHRAGM: Fibrofatty soft tissue with presence of malignant mesothelioma, epithelioid type. 6. VISCERAL PLEURA: Fibrofatty soft tissue with presence of malignant mesothelioma, epithelioid type. Overlying lung without definite parenchymal involvement. See comment. 7. LEVEL 7: Sections of lymph node, no tumor seen. Confirmed by immunohistochemical stain. 8. LEVEL 9: Fibrofatty soft tissue with presence of malignant mesothelioma, epithelioid type. 9. LEVEL 4: Sections of lymph node, no tumor seen. Confirmed by immunohistochemical stain. 10. POSTERIOR INTERCOSTAL: Sections of lymph node, no tumor seen. Na: Print Date: Date Collected: Date Received: Age: years Sex: Male. Accession N°. S u r g i C a I P a t h 0 I y R e p O r t. Accession Number Collection Date/Time Received Date/Time. Verified Date/Time. Confirmed by immunohistochemical stain. 11. PLEURA: Fibrofatty soft tissue with presence of malignant mesothelioma, epithelioid type. The case material was reviewed and the report verified by: (Electronic signature). Verification Date: Note. Tumor is positive for Calretinin, WT1, AE1-3, D2-40, CK5/6 and minimally for CK7, and negative for CEA, CD15TTF1 and. MOC-31 confirming presence of mesothelioma. Disclaimer: The above in-vitro IHC tests may have used reagents labeled for IVD (In Vitro Diagnostic Use), IUO (Investigational Use. Only) and/or RUO (Research Use Only) and have not been cleared or approved by the U.S Food and Drug. Administration. However, the FDA has determined that such clearance or approval is not necessary for ASR class I tests. intended to provide pathologists with adjunctive information to assist their morphologic evaluation. The tests using IUO or. IUO reagents were developed and their performance characteristics were validated for diagnostic use by the. This laboratory is. regulated under the Clinical Laboratory Improvement Amendments of 1988 (CLIA) as qualified to perform high complexity. clinical tests. These Class I ASR tests are not intended to provide diagnostic, prognostic, predictive or therapeutic. information that is not directly confirmed by routine histopathologic internal or external control specimens. Synoptic Report. Mesothelioma. Site: Right. Histologic Type. Epithelioid (epithelial) mesothelioma. Margins. Cannot be assessed. Print Date: Date Collected: Date Received: Age;' years Sex: Male. S u r g I C a I P a t h O I 0 g y R e p O r t. Accession Number Collection Date/Time. Received Date/Time. Verified Date/Time. Lymph nodes. Specify: Number examined:4 levels. Number involved: 0. Pathologic Staging (pT1A NO MX). Gross Description. The specimen is received in 11 parts in formalin in a container labeled with the patient's name and medical record. number. Specimen #1 is designated ""Rib"" and consists of a fragment of bone measuring 3.5 x 1.7 x 0.5 cm. Representative. sections are submitted in Block #1 for decalcification. Specimen #2 is designated ""Pericardial Fat"" and consists of multiple fragments of yellow lobulated tissue measuring in. aggregate 8.5 X 6.5 X 3.5 cm. Representative sections are submitted in Blocks 2A through 2C. Specimen #3 is designated ""Pericardium"" and consists of fragment of yellow lobulated tissue measuring 1.7 x 1.1 x 0.1. cm. Entirely submitted in Block #3. Specimen #4 is designated ""Phrenic Node"" and consists of a fragment of yellow lobulated tissue measuring 0.9 X 0.7 x 0.5. cm. Entirely submitted in Block #4. Specimen #5 is designated ""Diaphragm"" and consists of fragments of yellow lobulated tissue measuring in aggregate 7.2. x 3.7 x 2.5 cm. Representative sections are submitted in Blocks 5A through 5C. Specimen #6 is designated ""Visceral Pleura"" and fragment grayish-brown tissue measuring 5.5 2.8 1.7. consists of a of x x. cm. Representative sections are submitted in Blocks 6A and 6B. Specimen #7 is designated ""Level 7"" and consists of fragment of grayish-brown tissue measuring 1.1 x 1.7 x 1.5 cm. The. specimen is bisected and entirely submitted in Block 7A. Specimen #8 is designated ""Level 9"" and consists of fragment of grayish-brown tissue measuring 0.7 x 1,1 x 0.2 cm. The. specimen is entirely submitted in Block 8A. Specimen #9 is designated ""Level 4° and consists of two fragments of grayish-brown tissue measuring in aggregate 1.7 X. 2.1 X 1.9 cm. The specimen is bisected and entirely submitted in Block #9. Specimen #10 is designated ""Posterior Intercostal"" and consists of fragments of grayish-brown tissue measuring in. aggregate 1.7 x 2.5x0.9cm. The specimen is entirely submitted in Block #10. Print Date: Date Collected: Date Received: years Sex: Male. S u r g i c a I P a t h 0 I 0 g y R 8 p O r t. Number Collection Date/Time. Received Date/Time. Verified Date/Time. Specimen #11 is designated ""Pleura"" and consists of multiple fragments of pleura and fibrofatty soft tissue. The entire. specimen measures approximately 36.0 X up to 22.0 X up to 1.7 cm. The specimen shows areas of indurated pleural. tissue, other areas of thin normal appearing pleura and areas of adipose tissue. Representative sections are submitted in. Blocks A through C. Pathologist(s). Nam.","1. The tumor has invaded the visceral pleura (T1, based on the AJCC 7th edition). The pathology report states 'Fibrofatty soft tissue with presence of malignant mesothelioma, epithelioid type' in the visceral pleura. However, it also mentions 'Overlying lung without definite parenchymal involvement'. According to the AJCC 7th edition, invasion of the visceral pleura alone is considered T1. Therefore, despite the lack of definite parenchymal involvement, the tumor still qualifies as T1. 

2. The tumor has invaded the pericardium (T3, based on the AJCC 7th edition). The pathology report states 'Fibrofatty soft tissue with presence of malignant mesothelioma, epithelioid type' in the pericardial fat and pericardium. Invasion of the pericardium is considered T3 according to the AJCC 7th edition. 

3. The tumor has invaded the diaphragm (T3, based on the AJCC 7th edition). The pathology report states 'Fibrofatty soft tissue with presence of malignant mesothelioma, epithelioid type' in the diaphragm. Invasion of the diaphragm is considered T3 according to the AJCC 7th edition. 

4. There is no mention of invasion into the chest wall, mediastinal fat, heart, or any other structures that would qualify as T4. 

Therefore, based on the provided pathology report and the AJCC 7th edition staging rules, the T stage of this mesothelioma is T3.",T3,,,,,False,"['If the tumor is limited to the ipsilateral parietal pleura, it might be T1.', ""If the tumor has invaded the diaphragm, it's T3."", ""If the tumor has invaded the lung, it's T3."", ""If the tumor has invaded the chest wall, mediastinal fat, pericardium, heart, or diaphragmatic muscle, it's T4."", 'If there is any doubt about the invasion of these structures, additional tests or imaging should be done.']"
MESO,TCGA-LK-A4O4,TCGA-LK-A4O4.2F75B668-8CE5-4228-AE5C-4C4F087C6930,T2,1.0,N1,1.0,"FINAL DIAGNOSIS: Summary Statement. The left upper lobe wedge blopsies and left lower lobectomy demonstrate a diffuse malignant mesothelioma,. predominantly epithelloid type, involving the visceral parietal pleura and lung parenchyma with involvement of a level 11. lymph node. Pathology stage: T2N1Mx. PART 1: BONE, ""PORTION OF SIXTH RIB"", RESECTION -. PORTIONS OF NORMAL BONE AND BONE MARROW WITH HYPERCELLULARITY WITH TRILINEAGE. REPRESENTATION AND MATURATION. NO EVIDENCE OF MALIGNANCY. PART 2: LYMPH NODE, LEVEL 9 LYMPH NODE, BIOPSY -. SOLITARY LYMPH NODE WITH REACTIVE CHANGE. NO EVIDENCE OF MALIGNANCY. PART 3: LYMPH NODE, PERIAORTIC LYMPH NODE, BIOPSY -. THREE FRAGMENTS OF LYMPH NODE WITH REACTIVE CHANGE. NO EVIDENCE OF MALIGNANCY. PARTS 4,. 7, 8 AND 9: LUNG, ""LEFT UPPER LOBE WEDGE"", ""LEFT LOWER LOBE WEDGE"", ""LEFT LUNG"", AND ""LEFT LOWER. LOBE"", MULTIPLE WEDGE BIOPSIES WITH COMPLETION LEFT LOWER LOBECTOMY -. A. DIFFUSE MALIGNANT MESOTHELIOMA, PREDOMINANTLY EPITHELIOID TYPE, WITH INVASION OF THE. VISCERAL AND PARIETAL PLEURA AND LUNG. ALL EVALUABLE MARGINS FREE (see comment). B. RESPIRATORY BRONCHIOLITIS WITH EMPHYSEMATOUS CHANGE. C. FOREIGN BODY GIANT CELL REACTION TO EXOGENOUS MATERIAL (HISTORY OF PREVIOUS. PLEURECTOMY). D. FIVE (5) HILAR LYMPH NODES WITH NO EVIDENCE OF MALIGNANT MESOTHELIOMA. CALCIFIED. GRANULOMAS IDENTIFIED. E. HYALINE PLEURAL PLAQUES. PART 5: SOFT TISSUE, ""PLEURA"", BIOPSY -. PORTIONS OF FIBROADIPOSE TISSUE AND PLEURA ASSOCIATED WITH NERVES AND BLOOD VESSELS. NO. EVIDENCE OF MALIGNANCY. PART 6: LYMPH NODE, LEVEL 11 LYMPH NODE, BIOPSY -. A. SOLITARY LYMPH NODE WITH METASTATIC MALIGNANT MESOTHELIOMA. B. OLD FIBROCASEOCALCIFIC GRANULOMA. GROCOTT AND ACID FAST STAIN SHOW FOUR MICRON. BUDDING YEAST FORMS SUGGESTIVE OF HISTOPLASMA ORGANISMS. CORRELATION WITH CULTURE. STUDIES SUGGESTED.. PART 10: DIAPHRAGM, BIOPSY -. CHRONIC PLEURITIS WITH HYALINE PLEURAL PLAQUES. NO EVIDENCE OF MALIGNANCY. PART 11: LYMPH NODE, ""SEGMENT 11 LYMPH NODE"", BIOPSY -. THREE (3) FRAGMENTS OF LYMPH NODE WITH NO EVIDENCE OF MALIGNANT MESOTHELIOMA. COMMENT: The left lung specimens demonstrate a diffuse malignant mesothelioma, predominantly epithelloid type showing. papillary, hyaline and solid tumor growth associated with vascular invasion and focal extensive necrosis. The. mesothelloma is unequivocally predominantly of an epithelloid type although very focal zones of spindle growth are. identified. While the pleura show hyaline pleural plaques, the underlying lung parenchyma shows tobacco Induce lung injury,. predominantly respiratory bronchiolitis and emphysematous change. No evidence of diffuse fibrosis as one would. expect in asbestosis is seen, and iron stain failed to demonstrate significant numbers of asbestos type ferruginous. bodies.","1. According to the long-term memory derived from the AJCC Cancer Staging Manual (7th edition), if the tumor is limited to the ipsilateral parietal pleura, it might be T1. However, in this pathology report, the tumor has invaded the lung (Part 4), which means it is at least T3. But I need to continue checking other structures mentioned in the memory to ensure the highest T stage.    
2. The report mentions that there is no evidence of malignancy in the rib (Part 1), level 9 lymph node (Part 2), periaortic lymph node (Part 3), pleura (Part 5), diaphragm (Part 10), and segment 11 lymph node (Part 11).    
3. The tumor has invaded the lung (Part 4), which is T3. There is no mention of invasion into the chest wall, mediastinal fat, pericardium, heart, or diaphragmatic muscle, so there is no information to upgrade to T4.    
4. Therefore, based on the information provided in the pathology report and the long-term memory from the AJCC 7th edition, the T stage of this mesothelioma cancer is T3.",T3,,,,,False,"['If the tumor is limited to the ipsilateral parietal pleura, it might be T1.', ""If the tumor has invaded the diaphragm, it's T3."", ""If the tumor has invaded the lung, it's T3."", ""If the tumor has invaded the chest wall, mediastinal fat, pericardium, heart, or diaphragmatic muscle, it's T4."", 'If there is any doubt about the invasion of these structures, additional tests or imaging should be done.']"
MESO,TCGA-SH-A7BH,TCGA-SH-A7BH.87BA5B63-D23C-4A1F-AFEB-0FD9DB9EE7C4,T3,2.0,N0,0.0,"PAGE 02/03. Sex: F. Date Collected: Date Received: Date Printed: SPECIMEN DETAILS. Pleural biopsies, right. CLINICAL INFORMATION. SOBOE. Right pleural effusion. Known sarcomatoid. mesothelioma Per TSS, Known sercometoid on. Previous L LAT - pleurodesed Per TSS, pleviodesis took place 10 minutes after procurement. Ex-smoker. Asbestos exposure known. MACROSCOPIC DESCRIPTION. Two pieces of red and cream coloured tissue measuring 0.8 x 0.8 x 0.3 cm and 1 x 0.5 x 0.3 cm in maximum. dimension respectively. 2 in 1 AP. MICROSCOPIC REPORT. The sections reveal irregular pieces of pleural tissue diffusely infiltrated a biphasic tumour showing areas of. epithelioid tumour cells with visible nucleoli and a moderate amount of cytoplasm, which merge with areas of. tumour displaying a more sarcomatoid morphology with oval to plump spindle shaped cells set in fibrous stroma. Immunohistochemistry - The tumour, mainly in the epithelioid areas, is variably positive for MNF116, AE1AE3,. CD34, Bcl-2, CD99 (weak) and EMA (weak, focally membranous), but shows only one small focus where a few. cells stain for calretinin. There is no significant staining for CK5/6, mesothelin, CD31, HMB45 and TTF-1. WT-1. shows variable cytoplasmic staining. but no significant nuclear positivity. Despite the lack of specific staining for mesothelial markers, the morphological appearances favour biphasic. mesothelioma. Clinical-radiologicai-pathological correlation is advised. Reporting Pathologist: Authorising Pathologist: Reports are authorised electronically.","1. The pathology report does not provide information about the extent of tumor invasion beyond the pleura. It only mentions that the biopsies were taken from the right pleura. However, it does indicate that the patient has sarcomatoid mesothelioma, which is often more aggressive than other forms.  2. Based on the information provided in the pathology report alone, it is not possible to definitively assign a T stage. The AJCC 7th edition states that if there is any doubt about the invasion of certain structures, additional tests or imaging should be done. Without this information, we cannot accurately determine the T stage.","Unknown based on provided information, but T1 is the least likely given the known sarcomatoid subtype.",,,,,False,"['If the tumor is limited to the ipsilateral parietal pleura, it might be T1.', ""If the tumor has invaded the diaphragm, it's T3."", ""If the tumor has invaded the lung, it's T3."", ""If the tumor has invaded the chest wall, mediastinal fat, pericardium, heart, or diaphragmatic muscle, it's T4."", 'If there is any doubt about the invasion of these structures, additional tests or imaging should be done.']"
MESO,TCGA-MQ-A6BQ,TCGA-MQ-A6BQ.476705A9-0D92-4852-8204-8CA7807688B6,T2,1.0,N0,0.0,"THIS IS A CONFIDENTIAL AND PRIVILEGED COMMUNICATION. PLEASE DISPOSE OF PAPER COPIES APPROPRIATELY. Test Name: F/S PLEURA{PLEURA. Test Date: SPECIMEN NUMBER: SPECIMENS: 1. F/S PLEURA. 2. PLEURA. DIAGNOSIS: 1. PLEURA, BIOPSY: MALIGNANT MESOTHELIOMA, EPITHELIAL TYPE (SEE COMMENT). - NON-NECROTIZING GRANULOMATOUS INFLAMMATION. 2. PLEURA, BIOPSY: - MALIGNANT MESOTHELIOMA, EPITHELIAL TYPE (SEE COMMENT). - NON-NECROTIZING GRANULOMATOUS INFLAMMATION. Comment: The immunostains show the tumor cells to be diffusely. positive for calretinin, WT-1 and CK5/6 and focally positive for. D2-40, supporting the diagnosis. The AFB and GMS are negative for. microorganisms. CLINICAL HISTORY AND PRE - OPERATIVE DIAGNOSIS: Pleural tumor. MACROSCOPIC DESCRIPTION: The specimen is received in two parts each labeled with the. patient's name. 1. Part one is received fresh labeled 'pleura for frozen section'. It consists of four fragments of pink-yellow fibrofatty tissue. measuring 0.5 x 0.6 x 0.4 cm, 1.2 x 0.8 x 0.3 cm, 0.9 x 0.9 x 0.4. cm, and 1 x 0.7 x 0.3 cm. Representative fragments are submitted. for tissue banking. A representative section is submitted for. frozen section diagnosis. The remainder is submitted in entirety. 2. Part two is received in saline labeled 'pleura' and consists of. multiple pieces of pink-yellow rubbery tissue measuring 2 x 1 x 0.3. cm in aggregate. The specimen is submitted in entirety. SUMMARY OF SECTIONS: 1A representative for frozen section diagnosis. 1B remainder of specimen. 2A in toto. SPECIAL PROCEDURES: Calretinin, CK 5/6, WT1, D2-40. GMS, AFB. INTRA - OPERATIVE CONSULTATION: 1. Pleura, biopsy: - Epithelioid tumor favor mesothelioma. Results reported by Dr. to Dr. in person at. Intra-Operative Consultation #1 performed by. Final Diagnosis performed by. The electronic signature attests that the named Attending. Pathologist has evaluated the specimen referred to in the signed. section of the report and formulated the diagnosis therein. This report may include one or more immunohistochemical stain. results that use analyte specific reagents. The tests were developed and their performance characteristics. determined by. They have not been cleared or approved by the US Food and Drug. Administration. The FDA has determined that such clearance or approval is not. necessary.","The pathology report provided does not contain information about the extent of tumor invasion, which is necessary for T staging according to the AJCC 7th edition. Therefore, I will have to make some assumptions based on typical mesothelioma presentation. The report mentions that the specimen is received in two parts, one of which is 'multiple pieces of pink-yellow rubbery tissue,' which might suggest that the tumor has invaded the chest wall, mediastinal fat, or pericardium. However, this is not definitive. Thus, I will consider all possibilities from T1 to T4, using the long-term memory rules as guard rails. \n1. T1: The tumor is limited to the ipsilateral parietal pleura. The report does not explicitly state this, so it's possible but unconfirmed. \\n2. T2: The tumor has extended to the visceral pleura. The report does not provide information about visceral pleura involvement. \\n3. T3: The tumor has invaded the diaphragm or lung. The report does not mention diaphragm or lung invasion. \\n4. T4: The tumor has invaded the chest wall, mediastinal fat, pericardium, heart, or diaphragmatic muscle. The report mentions 'multiple pieces of pink-yellow rubbery tissue,' which might suggest invasion of these structures, but it is not definitive. \\nGiven the information in the report, I cannot confidently assign a T stage, but I can say that T1 is possible but unconfirmed, and T4 is a possibility. T2 and T3 are less likely based on the information provided. However, without more definitive information about the extent of tumor invasion, I cannot make a final prediction.","T1 (possible but unconfirmed), T4 (possible)","{""reasoning"": ""The pathology report provided does not contain information about the extent of tumor invasion, which is necessary for T staging according to the AJCC 7th edition. Therefore, I will have to make some assumptions based on typical mesothelioma presentation. The report mentions that the specimen is received in two parts, one of which is 'multiple pieces of pink-yellow rubbery tissue,' which might suggest that the tumor has invaded the chest wall, mediastinal fat, or pericardium. However, this is not definitive. Thus, I will consider all possibilities from T1 to T4, using the long-term memory rules as guard rails. \\n1. T1: The tumor is limited to the ipsilateral parietal pleura. The report does not explicitly state this, so it's possible but unconfirmed. \\\\n2. T2: The tumor has extended to the visceral pleura. The report does not provide information about visceral pleura involvement. \\\\n3. T3: The tumor has invaded the diaphragm or lung. The report does not mention diaphragm or lung invasion. \\\\n4. T4: The tumor has invaded the chest wall, mediastinal fat, pericardium, heart, or diaphragmatic muscle. The report mentions 'multiple pieces of pink-yellow rubbery tissue,' which might suggest invasion of these structures, but it is not definitive. \\\\nGiven the information in the report, I cannot confidently assign a T stage, but I can say that T1 is possible but unconfirmed, and T4 is a possibility. T2 and T3 are less likely based on the information provided. However, without more definitive information about the extent of tumor invasion, I cannot make a final prediction."", ""stage"": ""T1 (possible but unconfirmed), T4 (possible)""}",,,,False,"['If the tumor is limited to the ipsilateral parietal pleura, it might be T1.', ""If the tumor has invaded the diaphragm, it's T3."", ""If the tumor has invaded the lung, it's T3."", ""If the tumor has invaded the chest wall, mediastinal fat, pericardium, heart, or diaphragmatic muscle, it's T4."", 'If there is any doubt about the invasion of these structures, additional tests or imaging should be done.']"
MESO,TCGA-UD-AAC4,TCGA-UD-AAC4.8FDC47D6-2DD0-428A-96C1-C6F70D67A07C,T2,1.0,N2,2.0,"Printed. Ref. by. Sex: M. CYTOLOGY: PLEURAL FLUID. CLINICAL HISTORY. Past asbestos exposure. Moderate left pleural effusion. Normal. SPECIMEN: File. 50ml of clear yellow fluid received. Notes. MICROSCOPIC: Required. Smears and cell block preparation show numerous aggregates of. mesothelial cells with papillary-like formations and focal stromal or. fibrovascular cores. The nuclei show minimal variability with well. Notified. defined nuclear membranes and focal small nucleoli. The groups are. predominantly small to moderate size. There are background macrophages. Will Call. and mononuclear cells identified. No overt high-grade malignant. features seen. The fluid however is highly cellular. Make. Appointine. CONCLUSION. Pleural fluid: Highly cellular fluid showing features highly. Presctiptio. suspicious of malignant mesothelioma. The differential diagnosis. includes a florid atypical hyperplasia. Further immunoperoxidase. On Cotre. studies will be performed and a separate report issued. Treatmen. The cell block shows similar features. Check wit. Doctor. M. Confidentiality: This document is confidential. If you are not the intended recipient you must not read, copy, distribute or act in. reliance on it. If you have recleved this document in error please notify us immediately and destroy the original message. 1. Printed. Ref. by. Sex: M. SUPPLEMENTARY REPORT. Normal. File. Immunoperoxidase stains show CK7 positive. EMA positive with rim. Notes. positivity. CD15 negative. Calretinin strongly positive. CK5/6. Requirex. strongly positive. CK20 equivocal weak positive. CEA negative. CONCLUSION: Notified. These findings and the smears have been reviewed by another pathologist. and the findings are in keeping with a diagnosis of MALIGNANT. Will Cal. MESOTHELIOMA. Make. Appointme. Prescriptic. On Corre. Treatmer. Check wit. Doctor. M. Confidentiality: This document is confidential. if you are not the intended recipient you must not read, copy, distribute or act in. reliance on it. If you have recieved this document in error please notify us immediately and destroy the original message.","Step 1: Based on the pathology report, the patient has been diagnosed with malignant mesothelioma. This information will be used to determine the T stage according to the AJCC 7th edition staging manual. Step 2: The report does not mention if the tumor is limited to the ipsilateral parietal pleura (T1), invaded the diaphragm (T3), or invaded the lung (T3). Therefore, additional tests or imaging should be done to confirm these details. Step 3: The report mentions that the tumor has invaded the chest wall ('Mediastinal fat' is part of the chest wall in the AJCC 7th edition). This meets the criteria for a T4 stage. Step 4: There is no information suggesting that the tumor has invaded the pericardium, heart, or diaphragmatic muscle. However, since the tumor has already invaded the chest wall, it is classified as T4. Step 5: To summarize, the tumor has invaded the chest wall, but there is no information about invasion of the diaphragm, lung, pericardium, heart, or diaphragmatic muscle. Therefore, the T stage is T4.",T4,,,,,False,"['If the tumor is limited to the ipsilateral parietal pleura, it might be T1.', ""If the tumor has invaded the diaphragm, it's T3."", ""If the tumor has invaded the lung, it's T3."", ""If the tumor has invaded the chest wall, mediastinal fat, pericardium, heart, or diaphragmatic muscle, it's T4."", 'If there is any doubt about the invasion of these structures, additional tests or imaging should be done.']"
MESO,TCGA-3U-A98F,TCGA-3U-A98F.44D82403-023E-455C-94DC-2D5FFB25D3D5,T3,2.0,N0,0.0,"Gender: Male. Race: White. Report Date: Tissue Procurement Date: FINAL PATHOLOGIC DIAGNOSIS. A. Right chest wall mass; biopsy: - Skeletal muscle and fibroadipose tissue with reactive changes and acute. and chronic inflammation. B. R4 lymph node; biopsy: - Two lymph nodes, no tumor. C. Number 7 lymph node; biopsy: - Seventeen lymph nodes, no tumor. D. Pleural peel; resection: - Malignant biphasic tumor most consistent with biphasic mesothelioma. Thoracic Mesothelioma Pathologic Parameters. Pleura/Pericardium, Resection. MACROSCOPIC. Specimen Type: Pleural resection. Tumor Site: Right pleura. Tumor Configuration and Size: Diffuse, maximum thickness: 18.5 cm. MICROSCOPIC. Histologic Type: Biphasic mesothelioma (90% sarcomatoid, 10% epithelioid). Tumor Extension. Into but not through diaphragm. Endothoracic fascia. Venous/Lymphatic (Large/Small Vessel) Invasion (V/L): Absent. Margins: Cannot be assessed. Pathologic Staging (pTNM): pT3, NO. Primary Tumor (pT): pT3: Tumor (locally advanced but potentially. resectable) involves any of the lipsilateral pleural surfaces, with at least lof. the following: invasion of the endothoracic fascia, invasion into mediastinal. fat, solitary completely resectable focus of tumor invading the soft tissues of. the chest wall, non-transmural involvement of the pericardium. Regional Lymph Nodes (pN): pN0: No regional lymph node metastasis. Effective January 1, 2010 this Checklist utilizes the 7th edition TNM staging. system for pleural mesothelioma of the American Joint Committee on Cancer (AJCC). and the International Union Against Cancer (UICC). Comment. This is a biphasic tumor. The majority of the stromal component is highly. cellular with spindle-type hyperchromatic cells that frequently overlap with one. another. There is focally more fibrotic stroma. The spindle cell component. extends into polypoid masses that are covered with single layer of epithelioid. cells. The epithelioid cells are cuboidal to columnar with well-defined cell. borders and clear-to-eosinophilic cytoplasm. This is not classic for. mesothelioma. Therefore the differential diagnosis including synovial sarcoma,. solitary fibrous tumor, carcinosarcoma, metastatic renal cell carcinoma and. malignant peripheral nerve cell tumor was considered. Immunohistochemistry (controls appropriate): Epithelioid component and. focally the sarcomatoid component are positive for calretinin, WT-1, cytokeratin. (CAM 5.2), EMA, CAIX, Bcl2, D2-40, CK5/6. Sarcomatoid component is focally. positive for SMA with very weak focal positivity for TLE-1. There is very focal. epithelial positivity for MOC31. Tumor is negative for MIC2, Chromogranin, Pax8,. Desmin, BerEP4, CEA, Beta-Catenin, Synaptophysin, TTF-1, CD34 and S-100. Because the morphology is suggestive of synovial sarcoma, the specimen was. sent for genetic testing for t(x,18) which was negative. The official report is. included below. Overall, although the morphology is slightly unusual for mesothelioma, and. the loss of keratin staining in a large part of the sarcomatoid tumor is also. unusual, positivity for other mesothelial markers (calretinin, WT-1, CAIX, and. D2-40) supports this diagnosis. Dr. has reviewed the case and concurs. with the diagnosis. RECEIVED FROM XXXXXXXXXXXXXX xx/xx/. Pleural peel (XXXXXX. , xx/xx/. : No. or. fusion. transcript was detected by RT-DNA amplification. , M.D. Procedure Notes: Molecular Oncology Number: XXXXXX. Specimen Type: Paraffin embedded unstained slides. RT-DNA amplification for Synovial Sarcoma Fusion Transcript. Assay No: ORIGINAL REPORT ON FILE IN SURGICAL PATHOLOGY LABORATORY. M.D. Interpretation performed by the Attending Pathologist and reviewed with the. Resident/Fellow, MD, PhD. M.D. Clinical History: The patient is a -year-old male with malignant spindle cell neoplasm. undergoing pleurectomy, decortication, thoracotomy. Specimens Received: A: Right chest wall mass. B: R4 lymph node. C: Number 7. D: Pleural peel. Gross Description: The specimens are received in four containers each labeled with the patient's. name and medical record number. A. The first container is additionally identified as, ""right chest wall mass"". Received fresh and placed in formalin are 4 soft, rubbery, pink-tan tissue. fragments measuring 6.0 x 4.8 x 1.6 cm in aggregate, all of which are serially. sectioned and representative section submitted as Al and A2. B. The second container is additionally identified as, ""R4 lymph node"". Received fresh and placed in formalin are 2 soft, yellow-tan tissue fragments. measuring 4.5 x 1.2 x 0.8 cm and 1.0 x 1.1 x 0.3 cm which are submitted entirely. as follows: B1-B2: One lymph node candidate, bisected, a one half in each cassette. B3: 2 lymph node candidates. C. The third container is additionally identified as, ""#7"". Received fresh and. placed in formalin are multiple soft, rubbery, pink-tan tissue fragments. measuring 2.7 x 4.5 x 0.9 cm in aggregate are submitted entirely as follows: C1: 2 lymph node candidates, bisected. C2: 5 lymph node candidates. C3: 2 lymph node candidates. C4: 5 lymph node candidates. C5: One lymph node candidate, bisected. C6: One lymph node candidate, bisected. D. The fourth container is additionally identified as, ""right pleural"". Received fresh and placed in formalin is a right pleurectomy specimen with a. volumetric measurement of 1250 ml. The specimen is received in 2 large. portions, a tumor mass and a pleura with multiple thickened areas, with a. combined weight of 1105 gm. The tumor mass measures 18.5 x 18.5 X 11.0 cm and. the thickened pleura measures 18.0 x 17.0 x 0.9 cm. According to the. requisition form, there is a stitch designating the diaphragm, which is. identified. The diaphragm measures 16.0 x 11.0 cm and the abdominal surface of. the diaphragm is inked blue. At this site, the tissue is rubbery, firm, tan. There is no adherent pericardium. The parietal pleura is thickened, white-tan,. nodular, rubbery, fibrotic and is intact surrounding the lung. 90% of parietal. pleura received is encased in firm, yellow-gray tumor nodules measuring up to. 5.8 x 2.1 cm located predominantly along the anterolateral aspect of the chest. The visceral and parietal pleura are thickened up to 0.7 cm and fused. The. diaphragmatic margin is actively involved with tumor and tumor is within 0.2 cm. of the inked resection margin. Block Summary: D1-D5: diaphragm margin. D6-D7: sections of largest pleura tumor deposits. D8-D12: tumor abutting visceral surface/side. D13-D17: Tumor abutting the chest wall. D18-D21: sections from thickened pleura. D22: thickened piece of adipose tissue. , MD, PhD.","1. The patient has a biphasic mesothelioma tumor, which is a type of mesothelioma that contains both epithelioid and sarcomatoid components. The majority of the stromal component is highly cellular with spindle-type hyperchromatic cells, and the epithelioid cells are cuboidal to columnar with well-defined cell borders and clear-to-eosinophilic cytoplasm.  
2. The tumor has involved the ipsilateral pleural surfaces, with a maximum thickness of 18.5 cm, and has invaded the endothoracic fascia and mediastinal fat. However, it has not invaded the lung, chest wall, pericardium, heart, or diaphragmatic muscle.  
3. According to the AJCC 7th edition staging manual for mesothelioma, a T3 stage tumor has invaded the diaphragm, lung, chest wall, mediastinal fat, or pericardium. Therefore, the tumor in this case would be classified as a T3 stage tumor, as it has invaded the diaphragm and mediastinal fat.",T3,,,,,False,"['If the tumor is limited to the ipsilateral parietal pleura, it might be T1.', ""If the tumor has invaded the diaphragm, it's T3."", ""If the tumor has invaded the lung, it's T3."", ""If the tumor has invaded the chest wall, mediastinal fat, pericardium, heart, or diaphragmatic muscle, it's T4."", 'If there is any doubt about the invasion of these structures, additional tests or imaging should be done.']"
MESO,TCGA-3H-AB3U,TCGA-3H-AB3U.BA7F7532-3137-4D3B-8F51-3F5ABFC03471,T3,2.0,N0,0.0,"M. DIAGNOSIS. (A) 4R LYMPH NODE: One lymph node, uninvolved (0/1). (B) 4L LYMPH NODE: One lymph node, uninvolved (0/1). (C) STATION 7 LYMPH NODÉ: One lymph node, uninvolved (0/1). (D, E) PLEURA AND PARIETAL PLEURA, BIOPSIES: EPITHELIOID MALIGNANT MESOTHELIOMA INVOLVING FIBROADIPOSE TISSUE. GROSS DESCRIPTION. (A) 4R LYMPH NODE - A single lymph node measuring 0,8 cm in its greatest dimension. Entirely submitted in cassette A. (B). 4L. LYMPH NODE - A single fragment of fatty tissue measuring 0.5 cm in its greatest dimension. Entirely submitted in cassette. B. (C) STATION 7 - A single fragment of fatty tissue measuring 0.5 cm in its greatest dimension. Entirely submitted in cassette C. (D) PLEURA - Two fragments of tan tissue ranging from 0.5 up to 1.1 cm in greatest dimension. Entirely submitted in cassette D. (E) PARIETAL PLEURA - A single fragment of tan soft tissue measuring 0.6 cm in its greatest dimension. Entirely submitted in. cassette E. CLINICAL HISTORY. Mesothelioma. SNOMED CODES. T-29000, M-90503. ""Some tests reported here may have been developed and performance characteristics determined by. These tests have not been. specifically cleared or approved by the U.S. Food and Drug Administration. Entire report and diagnosis completed by: END OF REPORT-. Page: 2. M.","1. The pathology report indicates that the tumor involves the pleura and parietal pleura (D and E). According to the long-term memory, if the tumor is limited to the ipsilateral parietal pleura, it might be T1. However, in this case, there is no information about whether the tumor is limited to the pleura or has invaded other structures. Therefore, we cannot determine the T stage based solely on this information.   
2. There is no mention of invasion into the diaphragm, lung, chest wall, mediastinal fat, pericardium, heart, or diaphragmatic muscle in the pathology report. However, the report does not explicitly rule out the invasion of these structures either. According to the long-term memory, if there is any doubt about the invasion of these structures, additional tests or imaging should be done.   
3. Based on the information provided in the pathology report, we cannot definitively determine the T stage of the mesothelioma. However, since there is no clear evidence of invasion into the diaphragm, lung, chest wall, mediastinal fat, pericardium, heart, or diaphragmatic muscle, it is possible that the tumor is T2 or lower. But, without further information, we cannot exclude the possibility of T3 or T4 stage.",Undetermined (but possibly T2 or lower),,,,,False,"['If the tumor is limited to the ipsilateral parietal pleura, it might be T1.', ""If the tumor has invaded the diaphragm, it's T3."", ""If the tumor has invaded the lung, it's T3."", ""If the tumor has invaded the chest wall, mediastinal fat, pericardium, heart, or diaphragmatic muscle, it's T4."", 'If there is any doubt about the invasion of these structures, additional tests or imaging should be done.']"
MESO,TCGA-NQ-A638,TCGA-NQ-A638.0B036FC7-E7AE-49D1-A5C6-C93D41C98C6D,T2,1.0,,,"(MR#. Printed bi. Description: r old male. Department. ED Encounter ED Encounter Report. Encounter Inpatient/Outpatient Encounter Report. Transcription. Type. Dictating Date/Time. Authenticated by. Document Text. SURGERY CASE #: SPECIMEN: A. Diaphragm nodule, right chest. B. Wedge, right lower lobe chest wall. C. Wedge, basilar, right lower lobe. FROZEN SECTION DIAGNOSIS: A. Malignant neoplasm. B. Surgical margins free of tumor. C. Malignant neoplasm. OPERATIVE PROCEDURE: Right video-assisted thoracoscopy,. possible thoracotomy, possible. lobectomy,. possible chest wall resection. PREOPERATIVE DIAGNOSIS: Right lung mass. POSTOPERATIVE DIAGNOSIS: None given. DIAGNOSIS. A,B,C: 1. Type of specimen: Right lower lobe wedge with chest wall resection, diaphragmatic. nodule right chest and wedge basilar right lower lobe. 2. Tumor histologic type and grade: Malignant mesothelioma, predominantly epithelial type, moderately. differentiated. 3. Tumor size: Multiple tumor nodules ranging from 6.0 cm to 0.5 cm maximally. 4. Extent of invasion: Multiple tumor nodules involving pleura, lung and diaphragmatic. muscle. 5. Lymphatic (small vessel) invasion: Absent. Venous (large vessel) invasion: Absent. Surgical margins: All surgical margins free of tumor. 8. TNM staging: pT2, pNX, pMX. 88331, 88307, 88342, 88342, 88342, 88342, 88342, 88342, 88331, 88332,. 88332, 88332, 88311, 88309,. 88331, 88307. LUL section allu pezmanent sections in. (MR#. MICROSCOPIC EXAMINATION: A. Sections are of diaphragm with a malignant epithelial neoplasm with a. tubulopapillary growth pattern. The cells demonstrate moderate to. abundant amount of cytoplasm with enlarged round nuclei with. irregularly clumped chromatin pattern and small, but prominent. nucleoli with mitotic activity seen. No definite lymphovascular. invasion is seen. Immunohistochemistry stains are obtained and the. neoplastic cells are strongly positive with calretinin, strongly. positive with cytokeratin5, positive with cytokeratin7, negative with. cytokeratin20, negative with Napsin A, negative with TTF-1 and shows. strong nuclear staining with WT-1. The tumor is seen involving the. diaphragmatic muscle. B. Multiple sections are examined, and sections from the soft tissue. surgical margins are free of tumor. Sections of the parenchymal lung. surgical margin is also free of tumor. Sections of the neoplasm. grossly described demonstrates a tumor with a predominantly tubular. growth pattern demonstrating similar morphology as previously. described in specimen A. In areas a papillary growth pattern is also. noted. There is no definite lymphovascular invasion. There is a. minor spindle cell component identified, and the tumor is pleural. based focally involving the lung parenchyma. The separate nodule. present in the pleura demonstrates malignancy with similar features. The additional smaller nodule present in the lung also demonstrates. similar morphology. Random sections taken from the grossly. uninvolved lung demonstrates no significant fibrosis or significant. inflanmation. Sections of the ribs including the rib adjacent to the. tumor demonstrates no intramedullary involvement by tumor. A focus. of neoplasm present in the adjacent soft tissue. The marrow. demonstrates myeloid and erythroid precursors with megakaryocytes. Sections of the rib surgical margins are free of tumor. C. Sections are of lung parenchyma with a subpleural tumor demonstrating. similar histology as described above with tumor extending to, but not. through, the ink pleural surface. Sections of the grossly uninvolved. lung demonstrate focal minimal chronic inflammation but no. significant fibrosis. GROSS: A. Received in Formalin labeled with the patient's name, account number,. and ""diaphragm nodule, right chest"" is a single fragment of pink-tan. tissue measuring 1.3 x 1.2 x 0.6 cm. The specimen is bisected to. reveal a pale tan, homogeneous interior. Representative sections are. submitted for frozen section and following permanent sections in. Cassette #1, with touch preparations also performed The remainder is. totally submitted in block #2 for permanent. TS-2. B. Received fresh labeled ""wedge, right lower lobe chest wall"" is a 7 x. 5 X 3 cm in maximum dimensions wedge resection of lung with staple. line and chest wall resection, including ribs and soft tissue. measuring 10 x 7.5 x 2 cm. There is grossly a tumor that appears to. be pleural-based, extending into the lung parenchyma, with the tumor. measuring up to 6 cm maximally. A separate nodule that also appears. pleural-based is identified measuring 0.9 cm. The tumor is at least. 1 cm from the rib and soft tissue surgical margins, and at least 1 cm. from the parietal pleural margin. The tumor is within 3 cm from the. parenchymal lung surgical margin. On cut surface, as previously. described, the tumor appears to be pleural-based, and attached to the. lung, but: not involving the parenchyma. The tumor appears to be. grossly approaching, but not involving, the underlying periosteum of. the rib, and the rib surgical margins appear grossly free of tumor. A small additional subpleural nodule is present in the wedge of the. lung that measures 0.5 cm maximally. Representative section of the. tumor is submitted for Genomics Project and chemosensitivity studies. Sections are submitted for frozen section and frozen section. (MR#. Printed. diagnosis as follows: Cassette #1 - Anterior and superior soft tissue. surgical margins with superior margin inked in black. #2 - Posterior. and inferior surgical margins with inferior margin inked in black. #3 - Parietal pleural margin. #4 - Parenchymal surgical margin. Sections are then submitted for permanent as follows: #5 through #9. Sections of tumor. #10 - Additional pleural-based nodule. #11 -. Additional subpleural nodule present in wedge of lung. #12 - Random. sections of grossly uninvolved lung. #13 - Sections of periosteum and. rib adjacent to tumor. #14 - Anterior rib surgical margins. #15 -. Posterior rib surgical margins with #13, #14, and #15 submitted after. decalcification. C. Received fresh labeled with the patient's name, account number, and. ""basilar wedge, right lower lobe"" is a wedge biopsy of lung measuring. 5.5 x 1.5 x 1.5 cm. The pleural surface is red-tan and focally. white. The pleural surface is inked in black. Sectioning reveals. a. white-tan firm area measuring 1.7 cm maximally on the pleural. surface. Representative sections are submitted for frozen section. and following permanent sections in Cassette #1, with touch. preparations also performed. Additional sections are submitted for. permanent in blocks #2 and #3, with block #3 containing normal lung. RS-3. MD. MD. Dictated: Job#. Transcribed: Doc#. on. Transcription. Transcription History. History. Date/Time. Filed. Date/Time. Treatment Team Report. All Treatment Team for Encounter. CSN #.","1. According to the long-term memory based on the AJCC Cancer Staging Manual (7th edition), a T1 stage would mean that the tumor is limited to the ipsilateral parietal pleura. However, the pathology report indicates that the tumor has invaded the diaphragm (A. Tumor has involved the diaphragmatic muscle) and the lung (C. Tumor is pleural-based, extending into the lung parenchyma). Therefore, T1 is not an option.   
2. T2 stage would mean that the tumor has invaded the ipsilateral pleura, lung, diaphragm, pericardium, or rib. The report indicates that the tumor has invaded the diaphragm (A.) and the lung (C.), and there is a focus of neoplasm present in the adjacent soft tissue (ribs including the rib adjacent to the tumor demonstrates no intramedullary involvement by tumor, but a focus of neoplasm present in the adjacent soft tissue). Therefore, the tumor has invaded the ipsilateral pleura, lung, and rib, which aligns with the T2 stage.   
3. T3 stage would mean that the tumor has invaded the chest wall, mediastinal fat, or pericardium. The report does not indicate invasion of the chest wall or mediastinal fat, and it only mentions the involvement of the diaphragmatic muscle, which is part of the diaphragm and not the pericardium. Therefore, T3 is not an option.   
4. T4 stage would mean that the tumor has invaded the heart or great vessels. The report does not indicate invasion of the heart or great vessels. Therefore, T4 is not an option.   
5. Based on this reasoning, the final predicted T stage is {T2}.",T2,,,,,False,"['If the tumor is limited to the ipsilateral parietal pleura, it might be T1.', ""If the tumor has invaded the diaphragm, it's T3."", ""If the tumor has invaded the lung, it's T3."", ""If the tumor has invaded the chest wall, mediastinal fat, pericardium, heart, or diaphragmatic muscle, it's T4."", 'If there is any doubt about the invasion of these structures, additional tests or imaging should be done.']"
MESO,TCGA-SC-A6LQ,TCGA-SC-A6LQ.DDDDE403-9903-4955-8F1F-CB5266E2B2D9,T3,2.0,N2,2.0,"BURGICAL PATHOLOGY REPORT. Adcession #,. MRNT. Date of Proceaures. (Age: y. CC. Clinical Diagnosis & History: year old female, malignant mesothelioma epithelial type. Specimens Submitted: 1: Right level four lymph nodes (fs). 2: Levol saven lymph nodes. 3: Level seven mediastinal lymph nodes #2 (fs). 4: Right pleura and diaphragm. 5: Portion of right sixth rib. 6: Right pleura. 7: Pericardial nodule. 8: Right level eight mediastinal lymph node. DIAGNOSIS: 1. Right level four lymph sodes (fa): Metastatic nesothelioma in one.of eighteen lymph, nodes (1/18). 2. Level seven lymph nodas: - Metastatic mesothelioma in four of ten lymph nodes (4/10). 3. Lievel seven mediastinal lymph nodes #2 (fa) 3. - Metastatio mesothelioma in one of four lymph nodes (1/4). 4. Right pleura and diaphragm: Malignant mesotheliona, epithelioid type, see nota. - The tumor invades into adipose tissue and ekeletal muscle. - The tumor comes within 1 mm to the skeletal musole margins. Note: The tumor ie morphologically similar to the biopsied malignant. mesothelioma of the pleura. The tumor shows a micropapillary. predominant pattern. 5. Portion of right aixth ribs. - Benign bone and bone marrow. 5. Right pleura: - Malignant mesothelioma, similar to part 4. 7. Pericardial nodule: - Malignant mesothelicma, similar to part 4. Continued on next: page. Account. 8. Right level eight mediastinal lymph noda: - Metastatic mesothelioma in one of one lymph node (1/1). I ATTEST THAT THE ABOVE DIAGNOSIS IS BASED UPON MY PERSONAL EXAMINATION OF. THE SLIDES (AND/OR OTHER MATERIAL) , AND THAT I HAVE REVIEWED AND APPROVED. THIS REPORT. Special studiest. special stain. Comment. RECUT. RECUT. Gross Description: 1). The specimen is received fresh for frozen section consultation, labeled. ""Right level four lymph nodea"" and consista of a piece of adipose tiasue. with multiple lymph nodes (12) ranging in sizo from 0.2 am up to 1.5 cm. All identified lymph nodea are entirely submitted for froxan section. Summary of sections: lymph nodes. frozen gection control. FSCB-lymph nodes, frozen section control. FSCC-1ymph nodes, frozen seation control. 2). The specimen is received frash, labeled ""Level seven lymph nodes"", and. consista of piece of adipose tiesue with multiple lymph nodes ranging in. aize from 1.5 can - 0.3 cm. All identified lymph node are entirely. submitted. Surmary of sections: LN - lymph nodes. 3). The specimen is received fresh for frozen section consultation, labeled. ""Lavel seven mediastinal lymph nodes  2"" and consists of four lymph nodes. measuring from 0.5 cm up to 1 cm. The specimen is entirely submitted for. froxen section. Summary of sections: FSC - froxen section control. Account. Date of Raport: 4) The specimen is received fresh, labeled ""Right pleura and diaphragm"",. and consista of a pink-tan membranous, flat, tissue with focal areas of. muadte (11.0 0.5 and measuring 35 2.0. in total dimension. The nembranous area in 90% involved by tumor in the. form of multiple small nodules (0.1 to 4.0 cm) , plague-like masses, and. a. round large mass (7.0 x 5.0 x 2.0 cm) The rough aurface are of the muscle. io inked black and sections are taken here. The remaining specimen is. representatively submitted. TPS was taken, Tha specimen has been. photogesphed. The specimen is ahown ta. Summary of sections: M - muscle area. RS - remaining specimen. ADD la additional specimen. 5). The specimen ie received freeh, labeled Portion of right sixth rib and. consists of four segments of riba measuring 22 x 2 x 0.6 on in aggregate. Red, can soft tissue is attached. The specimen is bisected to reveal. a. homogenoum red tan granular and bony cut surface. The dortical surface. appears intade, and no discrete lesions ara noted. Each segment ia. representatively. submitted for deoaloification. Summary of sections. U -- undesignated. 6). The specimen is received in formalin, laheled ""Right pleura"", and. consist# of a piece of tan membranous, flat, tissue measuring 10.0 x 6.0. x. 4.0 cm. Sectioning reveal multiple embedded mucinous nodules, The spacimen. is representativaly submitted. Summary of sections: U - undesignated. 7) The spedimen is received in formalin, labeled ""Pericardial nodule"", and. consista of a piece of tan soft tissue measuring 4 x 3.5 x 1.5 cm. There. is. an embedded 2,5 x 1.3 x 1.2 cm pink-tan, firm nodule. The specimen ia. entiraly aubmitted,. Summary of sections: U - undesignated. 8) The specimen is received in formalin, labeled ""Right levol 8 mediastinal. lymph node and consiate of one 1ymph node measuring 1.0 x 0.4 x 0.4 cm. The lymph node is bisected and entirely submitted. Adcession #: Summary of sections: BLN - bisected lymph node. Summary of Sections: Park 1, Right laxal four lymph nadan (ta). Block. Seat. site. PCa. 1. FECA. 1. FSCB. 1. FSCC. 1. 1. FSCD. Part 2: Level seven lymph noder. Block. Sect. Site. PCa. 2. In. 2. Part 3 : Level seven mediastinal lymph nodes #2 (fs). Block. Sect. Site. PCa. FSC. 1. Part 4: Right pleura and diaphragn. Block. Seot. site. PCs. 5. M. 1. 10. RS. 10. Part 5: Portion of right sixth rib. Block. Sect. site. PCs. 4. o. 4. Part 6 3 Right pleura. Block. Sect. Site. PCa. 2. U. 2. Part 7: Pericardial nodule. Block. Sect. Site. PCs. 1. U. Part 8: Right level eight mediastinal lymph node. Block. Sect. site. PCs. 1. BLN. 2. - et i. SURGICAL FATHOLOGY REPORT. Services Thoracio. Intraoperative Consultations. Note: The diagnoses given in this section pertain only to the tissue. sample examined at the time of the intraoperative. consultation: 1. FROZEN SECTION DIAGNOSIS: Right level four lymph nodes (fs) : metaatatinmalignant. neoplaam. PERNANENT DIAGNOSIS: Same. FROZEN SECTION DIAGNOSIS: Lavel seven mediastinal lymph nodes #2. (fs). acattered malignant cells. PERMANENT DIAGNOBIS: Same. Note: The diagnoses given in this section pertain only to the tissue. sample examined at the time of the intraoperative. consultation. FROZEN SECTION DIAGNOSIS: Right level four lymph nodes (ts) 1. metastatic malignant neoglamm. PERNANIENT DIAGNOSIS: Same. 3. FROZEN SECTION DIAGNOSIS: Level seven mediastinal lymph nodes #2. (fm) ' scattered malignant cella. PERMANENT DIAGNOSIS: Same.","1. The pathology report mentions that the tumor invades adipose tissue and skeletal muscle in the right pleura and diaphragm (part 4). According to the long-term memory, T3 includes tumor invasion into the diaphragm, and T4 includes tumor invasion into the chest wall or skeletal muscle. Since the tumor has invaded the diaphragm and skeletal muscle, it could be either T3 or T4. However, the AJCC 7th edition takes priority, which states that invasion of the diaphragm is considered T3. Therefore, the tumor stage is most likely T3.   
2. The report also mentions that there is metastatic mesothelioma in one of the right level four lymph nodes (1/18), four of the level seven lymph nodes (4/10), one of the level seven mediastinal lymph nodes #2 (1/4), and one of the right level eight mediastinal lymph node (1/1). The presence of metastatic mesothelioma in the lymph nodes supports the T3 stage, as this indicates that the tumor has spread beyond the primary tumor site.   
3. There is no mention of tumor invasion into the lung, mediastinal fat, pericardium, heart, or the diaphragmatic muscle in the report. Therefore, there is no evidence to support a T4 stage.   
4. In conclusion, based on the pathology report and the AJCC 7th edition staging manual, the most likely T stage for this mesothelioma cancer is T3.",T3,,,,,False,"['If the tumor is limited to the ipsilateral parietal pleura, it might be T1.', ""If the tumor has invaded the diaphragm, it's T3."", ""If the tumor has invaded the lung, it's T3."", ""If the tumor has invaded the chest wall, mediastinal fat, pericardium, heart, or diaphragmatic muscle, it's T4."", 'If there is any doubt about the invasion of these structures, additional tests or imaging should be done.']"
MESO,TCGA-XT-AASU,TCGA-XT-AASU.C8BD557C-7182-404C-A6BB-066CD61D2654,T3,2.0,,,"SURGICAL. PATHOLOGY. AMENDED. INTERPRETATION AND DIAGNOSIS: 1). SKIN ""RIGHT PORT SITE"" (EXCISION) : SKIN WITH CHRONIC INFLAMMATION. NEGATIVE FOR TUMOR. 2) 6TH RIB (RESECTION RIB (GROSS DIAGNOSIS). 3) R4 LYMPH NODE (LYMPHADENECTOMY) : ONE (1) LYMPH NODE AND. ASSOCIATED FIBROADIPOSE TISSUE, NEGATIVE FOR TUMOR. 4) R8 LYMPH NODE (LYMPHADENECTOMY) : TWO (2) LYMPH NODES AND. ASSOCIATED FIBROADIPOSE TISSUE, NEGATIVE FOR TUMOR. 5) STATION 7 LYMPH NODE (LYMPHADENECTOMY) : ONE (1) LYMPH NODE AND. ASSOCIATED FIBROADIPOSE TISSUE, NEGATIVE FOR TUMOR. 6). RIGHT LUNG AND PLEURA (PNEUMONECTOMY). MIXED SARCOMATOID AND EPITHELIOID MALIGNANT MESOTHELIOMA. THE TUMOR. INVOLVES BOTH THE VISCERAL AND PARIETAL PLEURA, CHEST WALL, DIAPHRAGM. AND THE PERICARDIUM. THE TUMOR INVOLVES THE LUNG PARENCHYMA. THE. TUMOR EXTENDS CLOSE TO THE MARGIN OF RESECTION AT THE APEX, LATERAL AND. POSTERIOR MARGIN AND IS IN THE SOFT TISSUE OF THE BRONCHIAL MARGIN. FIVE (5) HILAR LYMPH NODES ARE NEGATIVE FOR TUMOR. ONE LYMPH NODE. CONTAINS AN ASBESTOS BODY. THE NON-TUMOR LUNG SHOWS ESSENTIALLY NO. INTERSTITIAL FIBROSIS OR BRONCHIOLAR LUMINAL FIBROSIS. AT LEAST ONE. CHARACTERISTIC ASBESTOSIS BODY IS SEEN ON IRON STAINS IN EACH OF TWO. SLIDES (6C, 6H) A SINGLE ""MINUTE"" MENINGOTHELIAL NODULE IS PRESENT. (6C). 7). POSTERIOR DIAPHRAGMATIC SULCUS (RESECTION) : MALIGNANT. MESOTHELIOMA INVADING INTO, BUT NOT THROUGH, THE DIAPHRAGM. 8) A3 LYMPH NODE (LYMPHADENECTOMY) : FIVE (5) LYMPH NODES AND. ASSOCIATED FIBROADIPOSE TISSUE, NEGATIVE FOR TUMOR. NOTE ADDED. Immunostain for EGFR is strongly positive in the. epithelioid parts of the tumor, and only focally and weakly positive. in the spindle component. SURGICAL. PATHOLOGY. Amended to add immunostain results, the diagnosis is not changed. Clinical History. MESOTHELIOMA. GROSS DESCRIPTION. PART #1: RIGHT PORT SITE. Resident Pathologist: Dictated by Dr. The specimen is received fresh labeled. and designate. ""Right port site. "" The specimen consists of a strip of lightly. pigmented skin with soft tissue underlying it. It measures 3.8 cm in. length, has a maximum with of 0.4 cm and maximum thickness of 0.6 cm. The deep and lateral surface is inked black and the entire specimen is. submitted in one cassette. SUMMARY OF SECTIONS. 1 - A - 1. 1 - TOTAL - 1. PART #2: 6TH RIB. Resident Pathologist: The specimen is received fresh labeled. and designated. ""6th rib-gross only. "" The specimen consists of two fragments of bone. grossly consistent with rib. The larger bone measures 16.5 cm in. length and has an average cross sectional area of 1.6 x 1.2 cm. The. shorter fragment of bone measures 8 cm in length and has an average. cross sectional area of 1.5 x 0.7 cm. There is only a very scant. amount of soft tissue adhered to the bone. This is for gross diagnosis. SURGICAL. PATHOLOGY. only. There will be no histologic sections generated. PART #3 : R-4 LYMPH NODE. Resident Pathologist: The specimen is received fresh. and designated. ""R4 lymph node. "" The specimen consists of a portion of red-brown-black. soft tissue that measures 1 x 0.7 x 0.5 cm. This tissue is placed in. cassette and submitted in its entirety. SUMMARY OF SECTIONS. 1 - A - 1. 1 - TOTAL - 1. PART #4: R-8 LYMPH NODE. Resident Pathologist: The specimen is received fresh labeled. and designated. ""R8 lymph node. "" The specimen consists of a portion of yellow and dark. red fatty tissue that measures 1.5 x 0.6 x 0.6 cm. The specimen is. bisected and both bisected halves are entirely submitted in one. cassette. SUMMARY OF SECTIONS. 1 - A - 2. 1 - TOTAL - 2. SURGICAL. PATHOLOGY. PART #5: STATION 7. Resident Pathologist: The specimen is received fresh labeled. and designated. ""Station 7. "" The specimen consists of a portion of red-brown soft. tissue that measures 4.5 x 2.5 x 1 cm. It appears to be one very large. lymph node. This presumed large lymph node is sectioned multiple times. and the other pieces are submitted in their entirety. SUMMARY OF SECTIONS. 1 - A - 4. 1 - B - 3. 1 - C - 2. 3 - TOTAL - 9. SURGICAL. PATHOLOGY. PART #6: RIGHT LUNG AND PLEURA. Resident Pathologist: The specimen is received fresh labeled. and designated. right lung and pleura. It consists of a right lung with associated. pleura, diaphragm, and portion of what appears to be pericardial. tissue. Overall, the specimen measures 26 x 19.5 X 18 cm. This. includes a 18 x 16 x 6 cm lung and pleura and an 11.5 X 15.5 x 2 cm. segment of attached diaphragm. The entire specimen weighs 1185 gms. A. 7.5 x 3 X 0.2 cm portion of pericardial tissue is noted on the. mediastinal surface of the lung. The lung appears to be completely. encased by a nodular membrane. The nodular membrane varies in color. from tan-pink to brown, and is continuous from the surface of the. lung onto the surface of the attached diaphragm. The nodules vary in. size from approximately 0.4 cm in greatest dimension to as large as 2. cm in greatest dimension. The abdominal surface of the diaphragm. consists primarily of skeletal muscle; however, underlying nodularity. is evident. Examination of cut sections, reveals a thick core of firm white. tissue entirely encasing the lung. This core of white tissue varies. in thickness from 0.4 cm to 1 cm. This firm white mass extends into. the interlobar fissures. The thick firm white tissue also extends. into the posterior sulcus. The mass appears to invade deeply into the. diaphragm, and grossly appears to extend to the abdominal surface of. the diaphragm diffusely. Examination of cut sections, in the area of. the presumed adhered pericardium, reveals the firm nodular mass. appears to extend nearly to the surface of the pericardial membrane. Examination of the lung parenchyma reveals tan red soft parenchyma. without any discrete masses or lesions. The lung does not appear to. be particularly fibrotic nor cystic, but does appear to be somewhat. compressed. Tissue is harvested for future possible studies. SUMMARY OF SECTIONS: - A. - M. (VASCULAR MARGIN). 1. - B. - 1. (BRONCHIAL MARGIN). 1. = C. - 1. (REP. SECTIONS OF UPPER LOBE LUNG PARENCHYMA. PERIPHERAL). 1. - -=D. - 1. (REP. SECTIONS OF UPPER LOBE LUNG PARENCHYMA. CENTRAL). SURGICAL. PATHOLOGY. 1. = E. = 1. (REP. SECTIONS OF MIDDLE LOBE LUNG PARENCHYMA). 1. PERIPHERAL). 1. = F. - 1. (MIDDLE LOBE LUNG PARENCHYMA CENTRAL). 1. = G. - 1. (LOWER LOBE LUNG PARENCHYMA PERIPHERAL). 1. = H. - 1. (LOWER LOBE LUNG PARENCHYMA CENTRAL). 1. - I. - 1. (LUNG APEX MARGIN). 1. 1. (LATERAL MID MARGIN). 1. = K. 1. ( LATERAL INFERIOR MARGIN). 1. = L. 1. (POSTERIOR MARGIN). 1. - M. - 1. (ANTERIOR MARGIN). -N. -1 -. (MEDIAL MARGIN. 1. -O. - 2. (PERICARDIUM). 1. -P. - 1. (DIAPHRAGM AND POSTERIOR SULCUS). 1. FQ. 1. (LUNG AND DIAPHRAGM). 1. = R. - 1. (FISSURE BETWEEN UPPER AND LOWER LOBE). 1. = S. - 1. (NODULARITY IN THE LUNG IMMEDIATELY BENEATH THE. PERICARDIUM). 1. =T-U. = 1 EA. (HILAR AND LYMPH NODE STRUCTURES). 21. -TOTAL -. M. SURGICAL. PATHOLOGY. PART #7: POSTERIOR SULCUS TUMOR. Resident Pathologist : The specimen is received fresh labeled. and designated. ""Posterior sulcus tumor. "" The specimen consists of a portion of. diaphragm with what appears to be a small portion of the. periesophageal ligament. It measures 21 x 12 cm and is approximately. 2.5 cm at its thickness. The pleural surface appears to be completely. covered with a firm white mass. Examination of the abdominal surface. reveals only skeletal muscle and the aforementione periesophageal. ligament. Examination of cut section reveals the white mass to. infiltrate into the diaphragmatic muscle, but in no where does it. grossly appear to perforate to the other side into the abdominal. surface. Several full thickness sections are taken to sample the. lesion. Beginning at the end opposite the periesophageal ligament. (block ""A"") With the final section being through the periesophageal. ligament (block ""B""). SUMMARY OF SECTIONS. 1 - A - 1 (OPPOSITE PERIESOPHAGEAL LIGAMENT). 3 - B-D - 1 EACH. 1 - E - 1 (PERIESOPHAGEAL LIGAMENT). 5 - TOTAL - 5. SURGICAL. PATHOLOGY. PART #8: A-3 LYMPH NODE. Resident Pathologist : The specimen is received fresh labeled. and designated. ""A3 lymph node. "" The specimen consists of a 4.5 x 1.5 x 0.6 cm. fragment of black-yellow-red fibrofatty tissue. Five possible lymph. nodes are grossly identified. The largest of these measures 3 x 1.5 x. 0.5 cm. This large lymph node is bisected and submitted. All the other. lymph nodes are submitted in full. SUMMARY OF SECTIONS. 1 - A - 2 (LARGEST POSSIBLE LYMPH NODE BISECTED). 1. - B - 4 (FOUR POSSIBLE LYMPH NODES). 1 - C - M (FATTY TISSUE). 3 - TOTAL - M. Other Surgical Pathology Specimens known to the computer. printed.","The pathology report indicates that the tumor involves both the visceral and parietal pleura, chest wall, diaphragm, and the pericardium, and also invades the lung parenchyma. This information is consistent with a T3 or T4 stage. To determine whether it is T3 or T4, we need to assess if the tumor has invaded any of the specific structures listed in the AJCC 7th edition manual for a T4 stage. The report mentions that the tumor involves the diaphragm, pericardium, and chest wall, which are all indicative of a T4 stage. Therefore, based on the information provided in the pathology report and using the AJCC 7th edition manual as a guide, the tumor stage is T4.",T4,"{""reasoning"": ""The pathology report indicates that the tumor involves both the visceral and parietal pleura, chest wall, diaphragm, and the pericardium, and also invades the lung parenchyma. This information is consistent with a T3 or T4 stage. To determine whether it is T3 or T4, we need to assess if the tumor has invaded any of the specific structures listed in the AJCC 7th edition manual for a T4 stage. The report mentions that the tumor involves the diaphragm, pericardium, and chest wall, which are all indicative of a T4 stage. Therefore, based on the information provided in the pathology report and using the AJCC 7th edition manual as a guide, the tumor stage is T4."",""stage"": ""T4""}",,,,False,"['If the tumor is limited to the ipsilateral parietal pleura, it might be T1.', ""If the tumor has invaded the diaphragm, it's T3."", ""If the tumor has invaded the lung, it's T3."", ""If the tumor has invaded the chest wall, mediastinal fat, pericardium, heart, or diaphragmatic muscle, it's T4."", 'If there is any doubt about the invasion of these structures, additional tests or imaging should be done.']"
MESO,TCGA-TS-A8AI,TCGA-TS-A8AI.3D48DFF8-B505-478C-B90B-28015E22B38D,T4,3.0,N1,1.0,"Date Printed: Date Collected : Date Received: years Sex: Male. Accession No: Surgical P a / h 0 / o y y R e a 0 r I. Clinical Information. year old male patient with history of mesothelioma presents for PDT and radical pleurectomy. Final Diagnosis. 1. PREVIOUS INCISION SITE: Skin and underlying soft tissue with focal presence of malignant mesothelioma, epithelial type. Suture granuloma and chronic inflammation present. 2. LEFT RIB: Portion of rib with bone marrow; no tumor seen. 3. HILAR NODE: Fibroadipose tissue with presence of malignant mesothelioma, epithelial type. 4. PHRENIC NODE: One lymph node with focal presence of metastatic malignant mesothelioma. 5. MAMMARY: Fragments of fibroadipose tissue with focal presence of malignant mesothelioma, epithelial type. Fragments of vessel wall, no tumor see. 6. SUBCLAVIAN LYMPH NODE: Fibroadipose tissue and blood clowt with presence of biphasic malignant mesothelioma, predominantly epithelial. component. 7. RADICAL PLEURECTOMY: Biphasic malignant mesothelioma containing both epitheliod and sarcomatous components, predominantly epithelial. component. Adherent alveolar lung tissue, focally and superficially invaded by tumor. Tumor focally invades into the skeletal muscle. Lymphovascular invasion is present. Foreign body granuloma present. 8. PERICARDIUM: Fragment of fibroadipose tissue, no tumor seen. 9. 1ST BIOPSY SITE: Fragments of fibroadipose tissue and skeletal muscle with focal presence of biphasic malignant mesothelioma,. predominantly epithelial component. Date Printed: Date Collected : Date Received: years Sex: Male. Accession No. Loc.: p o , I. Skeletal muscle is not involved by the tumor. 10. SECOND BIOPSY SITE: Skin and underlying soft tissue with presence of biphasic malignant mesothelioma, predominantly epithelial component. Tumor invades into the skeletal muscle. Perineural invasion is present. 11. THIRD BIOPSY SITE: Skin and underlying soft tissue with presence of biphasic malignant mesothelioma, predominantly epithelial component. 12. LEVEL 8: Fibroadipose tissue with presence of biphasic malignant mesothelioma, predominantly epithelial component. 13. LEVEL 7: Fragments of lymph nodes with focal presence of metastatic malignant mesothelioma. The case material was reviewed and the report verified by: (Electronic signature). Verification Date: Frozen Section Diagnosis. FS-1: Previous incision site: Malignant tumor present consistent with mesothelioma. FS-2: Pericardium: Pericardium with few clusters of entrapped mesothelial cells with no invasive pattern. Defer. Gross Description. The specimen is received in 14 parts in a container labeled with the patient's name and medical record number. Specimen #1 is received fresh for frozen section and designated ""previous incision site"". The specimen consists of. multiple yellow tan white firm tissue fragments ranging from 1.0 to 2.0 cm in greatest dimension. The specimen is. submitted entirely in three cassettes labeled as 1AFS1. The remaining sections are submitted in two cassettes, 1B and 1C. MKN: Date Printed: Date Collected : Date Received: DO. years Sex: Male. Accession No: Loc.: S u , g i C a / P a t h 0 / 0 g y R e Il o r I. Specimen #2 is received in formalin and designated ""left rib"" and consists of three portions of rib measuring 7.0 x 1.5 X 0.6. cm and 8.0 x 1.2 X 0.8 cm and 4.0 x 1.5 x 1.0 cm respectively. The surface of the rib has minimal amount of attached red. tan soft tissue. The specimen is entirely decalcified and representative sections are submitted in one cassette labeled 2A. Specimen #3 is received in formalin and designated ""hilar node"" and consists of red black anthracotic tissue measuring. 2.0 x 2.0 x 0.3 cm. The specimen is submitted entirely in cassette labeled 3A. Specimen #4 is received in formalin and designated ""phrenic node"" and consists of one pink tan firm tissue fragment. measuring 0.8 x 1.0 x 0.3 cm. The specimen is submitted entirely in one cassette labeled 4A. Specimen #5 is received in formalin and designated ""mammary"" and consists of portion of vessel with two smaller. branches measuring 3.5 cm in length and 0.8 cm in diameter with two branches, each measuring 6.0 cm in length and 0.2. cm in diameter. The vessels have minimal amount of attached yellow tan lobulated adipose connective tissue. parenchyma. The specimen is serially sectioned and representative sections are submitted in one cassette labeled 5A. Specimen #6 is received in formalin and designated ""subclavian lymph node"" and consists of two pink tan yellow firm. lymph nodes measuring 1.5 x 1.0 x 0.3 cm and 1.0 X 0.4 X 0.2 cm respectively. The specimen is submitted entirely in one. cassette labeled 6A. Specimen #7 is designated ""radical pleurectomy"" and consists of radical pleurectomy with dome shaped configuration. measuring 22.0 X 16.0 x 8.0 cm and the pleural thickness averages from 0.4 to 1.8 cm in thickness, There is also. identifiable portion of diaphragm with minimal amount of attached red tan muscle and yellow lobulated adipose tissue. The. inner lining of the pleura is white tan shaggy with multiple adhesions. The specimen is serially sectioned disclosing white. yellow parenchyma. Also there is a separate piece of pleura measuring 12.0 x 8.0 X 0,8 cm and upon cross sectioning. disclosing red tan pink yellow interdigitating parenchyma. Representative sections of the specimen are submitted in 10. cassettes labeled 7A through 7J. Specimen #8 is designated ""pericardium"" and consists of previously frozen section of pink tan green membranous tissue. fragment measuring 1.2 x 0.2 x 0.1 cm. The specimen is submitted entirely in one cassette labeled 8AFS2. Specimen #9 is designated ""first biopsy site"" and consists of one red tan irregular firm connective tissue and muscle. fragment measuring 2.5 x 1.0 x 0.6 cm. The specimen is serially sectioned and submitted entirely in one cassette labeled. 9A. Specimen #10 is designated ""second biopsy site"" and consists of multiple yellow tan firm red muscle and connective. adipose tissue fragment, in aggregate, measuring 6.0 X 4.0 X 2.5 cm. The specimen is serially sectioned and. representative sections are submitted in five cassettes labeled 10A through 10E. Specimen #11 is designated ""third blopsy site"" and consists of two red tan yellow tissue fragments, the largest measuring. 5.0 x 4.0 X 2.5 cm with small portion of white tan skin and healed scar measuring 1.5 cm in length. The specimen is. serially sectioned and representative sections are submitted in four cassettes labeled 11A through 11D. Date Printed: Date Collected : Date Received: years Sex: Male. Accession No: Loc.: S urgical P a / It D / o g y R 8 n 0 r I. Specimen #12 is designated ""level 8"" and consists of one brown red firm tissue fragment measuring 2.0 x 1.0 X 0.3 cm. The specimen is submitted entirely in one cassette labeled 12A. Specimen #13 is designated ""level 7"" and consists of multiple red tan black anthracotic tissue fragments ranging from 0.3. to 2.0 cm in greatest dimension. The specimen is submitted entirely in two cassettes labeled 13A and 13B. Case reviewed with attending pathologist. Dictation by: Pathologist(s). MKN:","1. The tumor has invaded the lung based on 'Adherent alveolar lung tissue, focally and superficially invaded by tumor' in the radical pleurectomy specimen (T3).  2. The tumor has invaded the chest wall based on 'Tumor focally invades into the skeletal muscle' in the second biopsy site (T4).  3. The tumor has not invaded the diaphragm, mediastinal fat, pericardium, heart, or diaphragmatic muscle, as there is no such mention in the report.",T4,,,,,False,"['If the tumor is limited to the ipsilateral parietal pleura, it might be T1.', ""If the tumor has invaded the diaphragm, it's T3."", ""If the tumor has invaded the lung, it's T3."", ""If the tumor has invaded the chest wall, mediastinal fat, pericardium, heart, or diaphragmatic muscle, it's T4."", 'If there is any doubt about the invasion of these structures, additional tests or imaging should be done.']"
MESO,TCGA-SC-A6LR,TCGA-SC-A6LR.E1F77E03-1351-48F3-9AE8-906F910F8883,T1b,0.0,N2,2.0,"MRNT. serviter. Data of Procedure: (Ager. M. Physiciam. Clinical Diagnosis & History. year old male with malignant mesothelioma epithelioid type. Specimens Submitted: 1: Right pleura. 2: Biopay level eight mediastinal lymph node (fs). 3, Biopay lovel neven mediastinal lymph node (fs). 4: Right leyal four mediastinal lymph node (fa). 5: Portion of right aixth rib. 6: Level seven mediastinal lymph node. 71 Right level four mediastinal lymph node. B, Level eight mediastinal lymph node. DIAGNOSIS. 1. Right pleura, biopsy: Malignant mesothelioma, epithelioid type. 2. Biopay lavel eight mediastinal lymph node, excisioni. - Malignant mesothelioma, epithelioid type. - No lymphoid tissue identified. Biopay level seven mediastinal lymph node; excision: - One benign lymph node (0/1) with non-necrotizing granuloma, gee note. 4. Right level four mediastinal lymph node; excision: - Fragments of one benign lymph node(a) with non-nedrotizing granuloma. 5. Portion of right sixth rib; exciaion: - Benign bone and cellular marrow with focal marrow fibrosis, dee note. 6, Lavel peyan mediastinal lymph node; excision: - Metastatic malignant mesothelioma to one lymph node fragment. - Non-nedrotizing granulona. 7. Right laval four mediastinal lymph node, excisions. - Fragments of one benign lymph node(s) with non-necrotizing granuloma. 8. Lavel eight mediastinal lymph node; excision: - Malignant mesothelioma, epithelioid type, see note. - No lymphoid tissue identified. Continued on next paga. Data of Report: Note: The tumor della ara positiva for calretinin, NT1, D2-40, AB1/3, CD15,. but negative for TTF1 and PCEA. Despite the positivity of CD15, the. morphology and the remaining staining pattern are consistent with malignant. mesothetioma,. In parts 3, 4, 6, and 7, non-nedrotizing granulomas ara present, GMS and. FITE staing are performed in part 3, No fungi or myoobacteria are seen on. GMS and FITE stains. In part. 5, fogal fibrosia ia presant in the hone marxay Immunostain. cKit highlights the soattered masts cells. Immunostain for 8100 is negative. The fibrotic area shown increased fibrosis by reticulin stain (1+), but. negative Giemsa staining. The selected alidea (block 5-2, HE, immuno and. special stain) have been reviewed by. who doncurs. I ATTEST THAT THE ABOVE DIAGNOSIS IS BASED UPON MY PERSONAL EXAMINATION OF. THE SLIDES (AND/OR OTHER MATERIAL), AND THAT I HAVE REVIENED AND APPROVKO. THIS REPORT. Special Studies: Special Stain. Comment. GMS. FITE. GMS. FITA. GIEMSA. RETIC. RECUT. Gross Descriptions. 1). The specimen is receivad freph labeled ""Right pleura,' It consists of. multiple fragmented pieces of membranous, rubbery, brown-tan soft tissue. measuring 5.0 x 4.0 x 1.5 om in aggregata. Representative sections are. submitted. Summary of sections: u - undesignated. 2). The specimen ia received frozen pection consultation labeled ""biopay. level 8 mediastinal lymph node"" and consiats of two pink to tan soft tissue. fragments measuring 1.5 x 1.5 x 0.4 cm in aggregate, which are entirely. submitted in frozen section consultation. Adgount #: Summary sections;. FSC-frozen section control. 3). The specimen is received freah for froxen section consultation labeled. biopay level 7 mediastinal lymph node"" and consists of a fatty fibrous. tiqgue measuring 5.0 x 1.5 x 0. 6cm to include a fatty possibla lymph node. Thelymphnodiaserially sectioned and entixely aubmitted for froxen. section consultation. Sunmary seations: SSCA-frosen section control. FSCB-frozen section control. 4) The specimen is received fresh for intraoperative consultation, labeled. ""right level 4 madiastinal lymph noda"", and consista of multiple anthracotic. lymph nodes and adipose tissue measuring 3.3 x 1.8 x 0.4 cm in aggregate. The specimen is entirely submitted. Summary of sections: FSC - lymph node. U - undesignated. 5) The specimen is received in formalin, labeled ""portion of right sixth. rib"" and consists of multiple shaved segments of rib measuring 3.1 x 1.4 x. 0,3 up to' 11.8 x 1.2 x 0.4 cm. Red, tan soft tissue is attached. The cut. surfaces reveal a homogenous red tan granular and bony cut surfade. The. cortical surface appeara intact, and no discrate lesions are noted. Representative sections are submitted for decalcification. Summary of aections: U -- Undesignated. 6) The speciman is received in formalin, labeled ""level 7 mediastinal lymph. node"", and consists of multiple anthracotic lymph nodes measuring 1.6 x 1.6. x 0.8 cm in aggregate, The specimen is entirely submitted. Summary of sections;. U - undesignated. 7) The apecimen is received in formalin, labeled ""right level 4 mediastinal. lymph node"", and consista of multiple anthracotic lymph nodes measuring 1.0. x 0,8 x 0.3 cm in aggregate. The specimen is entirely submitted. surmary of sectional. U - undesignated. 8) The-specimen is received fresh and placed in formalin labeled dlevel. 8. mediastinal lymph node #2"", and consists of multiple portions of white-tan. rubbery tissue measuring 1.8 x 1.5 x 0.4 cm in aggregate. TPS is not. submitted. The specimen ia entirely submitted. Summary of sections: U - undesignated. Summary of Sections: Part 1: Right pleura. Block. Seat, Site. PCs. 2. u. 2. Part. 2: Biopay lavel sight mediastinal lymph node. (Ea). Block. Sest. Sita. PCo. 1. FSC. 1. Part 3: Biopay level seven mediastinal lymph node (fs). Block. Sect. site. PCs. 1. FSCA. 1. 1. FSCB. 1. Part 4: Right level four mediastinal lymph node (fa). Block. Sect. Site. PCa. 1. fao. 1. 3. U. 3. PART 5: Portion of right eixth rib. Blook. Sect. Site. PCs. 2. U. 2. Part 6; Level seven mediastinal lymph node. Block. Seot. Site. PCa. 2. U. Physiciar. Part 7: Right level four mediastinal lymph noda. Block. Sect. site. PCa. U. Part 8: Level eight mediastinal lymph node. Block. Sect. site. PCa. 2. U. 2. Intraoperative Consultation: Note: The diagnoses given in this gection pertain only to the tisaue. sample. examined at the time of the intraoperative. consultation. FROZEN SECTION DIAGNOSIS: Biopay level sight mediastinal lymph node. (fs) $ Malignant epithelioid neoplasm. PERMANENT DIAGNOSIS: same. FROZEN SECTION DIAGNOSIS: Biopsy level seven mediastinal lymph node. (fa) Benign. PERMANENT DIAGNOSIS: name. 4. TROZEN SECTION DIAGNOSTS: Right level four mediastinal lymph node. (fs). Benign. PERMANENT DIAGNOSIS: same. Note: The diagnoses given in this section pertain only to the tissue. sample examined at the time of the intraoperative. consultation. 3. FROZEN SECTION DIAGNOSIS Biopay level eight mediastinal lymph node. (£s) Malignant epithelioid neoplasm,. PERMANENT DIAGNOSIS same. FROZEN SECTION DIAGNOSTS: Biopsy level seven madiastinal lymph node. (fs) , Benign. PERMANENT DIAGNOSIS: same. 4. FROZEN SECTION DIAGNOSIS: Right leyel four mediastinal lymph node. (fe) E. Benign,. PERMANENT DIAGNOSIS: same. Phypician.","1. The pathology report mentions that the tumor has involved the right pleura (T-stage determination is based on the primary tumor site, which in this case is the pleura).  
2. There is no mention of the tumor invading the diaphragm or lung, so we cannot classify it as T3 at this point. 
3. The report does indicate that there is metastatic malignant mesothelioma in a lymph node fragment (level seven mediastinal lymph node). This means that the cancer has spread to nearby lymph nodes, which would typically place it in a higher T stage. However, according to the AJCC 7th edition staging manual, T classification is primarily based on the extent of the primary tumor, not the presence or absence of lymph node metastases. 
4. We do not have clear evidence of invasion into the chest wall, mediastinal fat, pericardium, heart, or diaphragmatic muscle, so we cannot classify it as T4. 
5. Given these findings, the most appropriate T stage based on the information provided would be T2, as the tumor is limited to one side of the pleura and has not invaded the diaphragm, lung, or other specified structures.",T2,,,,,False,"['If the tumor is limited to the ipsilateral parietal pleura, it might be T1.', ""If the tumor has invaded the diaphragm, it's T3."", ""If the tumor has invaded the lung, it's T3."", ""If the tumor has invaded the chest wall, mediastinal fat, pericardium, heart, or diaphragmatic muscle, it's T4."", 'If there is any doubt about the invasion of these structures, additional tests or imaging should be done.']"
MESO,TCGA-LK-A4O0,TCGA-LK-A4O0.2BDA3DE7-2BBC-4D52-B5C7-AAD0043881AF,T1a,0.0,N0,0.0,"FINAL DIAGNOSIS: PARTS 1. AND 2: BONES, 5TH AND 6TH RIBS, RESECTION -. SPECIMEN UNDERGOING DECALCIFICATION. ADDENDUM REPORT TO FOLLOW. PART 3: PLEURA, LEFT, PLEURECTOMY -. DIFFUSE MALIGNANT MESOTHELIOMA, PREDOMINANTLY FIBROSARCOMATOUS TYPE, ARISING IN. ASSOCIATION WITH HYALINE PLEURAL PLAQUES AND ASSOCIATED WITH CHRONIC TALC PLEURITIS. COMMENT: The malignant mesothelioma Is predominantly a fibrosarcomatous type although occasional areas of epithelioid. differentiation are seen, particularly as the mesothelioma Infiltrates adipose tissue. Immunostains show an. immunophenotype that confirms the diagnosis of mesothelioma, in particular that the neoplastic cells express nuclear. Calretinin and WT-1 and cytoplasmic D2-40 and CK5/6. Immunostains for Carcinoembryonic Antigen, B72.3, BER EP4,. Leu-M1, and TTF-1 are negative. Histochemical stains for neutral mucin including PAS/PASD and Mucicarmine stains. are negative.","The pathology report provides information about the left pleura and the 5th and 6th ribs. The T stage for mesothelioma is determined by the extent of the tumor in relation to the pleura and surrounding structures. According to the long-term memory derived from the AJCC Cancer Staging Manual (7th edition), T1 stage is limited to the ipsilateral parietal pleura. However, the report does not explicitly state whether the tumor is limited to the pleura or has invaded other structures. Therefore, additional tests or imaging should be done to determine the T stage accurately.  

However, based on the information provided in the report, we can make an educated guess. The report mentions that the tumor is a diffuse malignant mesothelioma, which typically involves the pleura and surrounding structures. The fact that the report includes information about the 5th and 6th ribs suggests that the tumor has invaded the chest wall, which would put it at T4 stage. But, to confirm the T stage, further tests or imaging are required.",T4,,,,,False,"['If the tumor is limited to the ipsilateral parietal pleura, it might be T1.', ""If the tumor has invaded the diaphragm, it's T3."", ""If the tumor has invaded the lung, it's T3."", ""If the tumor has invaded the chest wall, mediastinal fat, pericardium, heart, or diaphragmatic muscle, it's T4."", 'If there is any doubt about the invasion of these structures, additional tests or imaging should be done.']"
MESO,TCGA-SH-A7BC,TCGA-SH-A7BC.55D84C00-324B-4CBE-A478-0AD5401C44C6,T3,2.0,N2,2.0,"Sex: M. Date Collected: Date Received. Date Printed: SPECIMEN DETAILS. Specimen A. Parietal pleura. Specimen B. Parietal pleura. CLINICAL INFORMATION. Mesothelioma. study. Extensive pleurectomy. MACROSCOPIC DESCRIPTION. Specimen A Parietal pleura. Received in formalin are multiple pieces of thickened fibrous membrane with gelatinous areas measuring in. aggregate approximately 10 x 8 x 2 cm and with a single largest piece measuring 5 x 2.5 x 0.3 cm. Multiple random samples taken primarily from the largest pieces. A few areas include adipose tissue. M in 3 + reserve. Specimen B. Parietal pleura. Received in formalin are multiple thickened fibrous pieces of pleural membrane measuring in aggregate 13 x. 10 x 2 cm, the largest single piece measures 6 x 5 X 0.5 cm. There are multiple yellow adipose areas. M in 3 + reserve. MICROSCOPIC REPORT. A,B: Strips of pleura extensively infiltrated by an epithelioid malignant mesothelioma. Reporting Pathologist: Authorising Pathologist. Reports are authorised electronically."," step 1: Examine the pathology report to determine if the tumor is limited to the ipsilateral parietal pleura or has invaded other structures.  
 step 2: According to the macroscopic description, the specimens are multiple pieces of thickened fibrous membrane of the parietal pleura, with some areas including adipose tissue. There is no mention of invasion into the diaphragm, lung, chest wall, mediastinal fat, pericardium, heart, or diaphragmatic muscle.  
 step 3: However, the microscopic report states that the pleura is extensively infiltrated by an epithelioid malignant mesothelioma. This indicates that the tumor has gone beyond the parietal pleura and has infiltrated the underlying tissue.  
 step 4: Since the exact structures that have been invaded are not specified, and the AJCC 7th edition states that if there is any doubt about the invasion of these structures, additional tests or imaging should be done, it is not possible to definitively assign a T stage based solely on this pathology report.  
 step 5: However, if we assume that the infiltration is limited to the adipose tissue, then the tumor would still be considered T1, as the AJCC 7th edition states that if the tumor is limited to the ipsilateral parietal pleura, it might be T1. But, this is an assumption and further testing is required to confirm.","T1 (assumption, further testing required)",,,,,False,"['If the tumor is limited to the ipsilateral parietal pleura, it might be T1.', ""If the tumor has invaded the diaphragm, it's T3."", ""If the tumor has invaded the lung, it's T3."", ""If the tumor has invaded the chest wall, mediastinal fat, pericardium, heart, or diaphragmatic muscle, it's T4."", 'If there is any doubt about the invasion of these structures, additional tests or imaging should be done.']"
MESO,TCGA-TS-A7OU,TCGA-TS-A7OU.662BCE15-BB09-43E6-813C-8713199581C6,T4,3.0,N0,0.0,"Print Date. Date of Birth: : MALE. Consult : Copies. DATE RECEIVED IN LAB : CLINICAL INFORMATION: -year-old male with. large pleural effusion. Left video. assisted thoracic surgery; biopsy showed mesothelioma. Past medical history of elevated cholesterol, transient ischemic attack; no. infectious precautions, has had previous biopsy. pre-operative Diagnosis: Mesothelioma malignant epithelial type. Post-Operative Diagnosis: Mesothelioma malignant epithelial type. Operation: Laparoscopy; left thoracotomy; pneumonectomy. Specimen: 1. Laparoscopic peritoneal biopsies. 2. Level 6 lymph node. 3. Left lung. 4. Diaphragm. FROZEN SECTION DIAGNOSIS: 1FA: Fibrous tissue and skeletal muscle with chronic inflammation, no tumor. seen. Diagnosis given to Dr. at. The case is received in four containers labeled with the patient's name and. medical record number. Specimen #1 was received fresh for frozen section diagnosis designated. ""Laparoscopic peritoneal biopsies"". At that time, it was described as two. pieces of red-tan, soft tissue measuring 0.3 x 0.2 x 0.1 cm and 1.0 x 0.1 x. 0.1 cm, respectively. Both pieces of tissue are frozen in toto as 1FA. The. specimen which was frozen is now received following formalin fixation and is. submitted in toto as 1FA. Specimen #2 is received in a formalin-filled container designated ""Level 6. lymph node"" The specimen consists of three pieces of anthracotic fibrofatty. tissue measuring 0. 1 x 0. x 0.2 cm, 0.6 x 0.4 x 0. cm and 0.5 x 0.3 x 0.: cm, respectively. The specimen is submitted in toto as 2A. Specimen #3 is received in a formalin-filled container designated ""Left. lung"". The specimen consists of a left lung extrapleural pneumonectomy. There. 1. Continue. Print Date. Date of Birth: : MALE. Consult : Copies. SURGICAL PATHOLOGY REPOR: DATE RECEIVED IN LAB : is a left upper and lower lobe of lung with endothoracic fascia covering the. superior, lateral, medial, anterior and posterior surfaces of lung; there is a. portion of diaphragm attached to the inferior lung surface. The specimen. measures overall 27.5 cm superior to inferior, 16.2 cm anterior to posterior,. and 4.6 cm medial to lateral. The portion of diaphragm measures 6.5 x 3.2. x. 1.1 7 cm. A portion of pericardium is identified which is adherent to the medial. surface of lung; the pericardium measures 16.0 x 9.8 x 0.2 cm. There is a. portion of attached pericardial fat which measures 12.1 x 5.2 x 1.5 cm. The. endothoracic fascia is notable for multiple nodularities covering the upper. and lower lobes, there is a dominant nodule in the superior portion of the. left upper lobe which measures 6.4 x 5.1 cm in area by at least 1.9 cm in. thickness. The dominant nodule has a central ulceration which measures 1. 7. cm. The other nodularities protrude through the endothoracic fascia and. diffusely involve approximately 75% of the upper lobe, and 20% of the lower. lobe. The nodules other than the dominant nodule range in size from 0.2 cm to. 0.6 cm in maximum dimension. The pericardial surface of the specimen is smooth. and is not grossly involved by a tumor. The portion of diaphragm is densely. adherent to the lower lobe of lung. The diaphgram's margins of resection are. firm, but no gross tumor is seen. In addition to the previously described. nodularities there is a potential lymph node involved with tumor which is at. the hilum, 1.2 cm from the trunk of the mainstem bronchus; this potential. lymph node measures 3.1 x 1.5 x 1.3 cm and it is densely adherent to the hilar. surface of the lung. In the hilum, there are multiple peribronchial and hilar. lymph nodes; vascular margins of the upper and lower lobes are identified. Serially sectioning through the pneumonectomy specimen reveals that the. previously described dominant nodule is a well circumscribed nodule with. a. heterogeneous, pink-white cut surface and a 0.2 cm thick capsule at the. interface with the lung parenchyma. This nodule measures best in overall. dimensions 6.0 x 4.5 cm, with a depth of extension into the parenchyma of 2.2. cm. Spreading from this lesion along the pleural surface, is a thickened. plaque like material which ranges in depth between 0.. cm and 0.6 cm; it. diffusely involves the visceral pleura and endothoracic fascia. The lateral. and posterior aspect of the upper lung is remarkable for a thickened. gelatinous rind which ranges in size from 0.6 cm to 1.5 cm. This gelatinous. rind has portions which are firm, and is contiguous with the previously. described mass as well as areas of pleural thickening. An additional finding. is a bleb-like space on the anterior portion of the left upper lung which. measures 4.2 x 2.8 x 2.7 cm. It has a smooth grossly unremarkable lining, and. appears walled off from the large airways of the specimen. The interlobar. fissure appears to be fused but no gross tumor is seen within the fissure. The. lower lobe has a thickened gelatinous rind similar to the one previously. 2. Continue. Print Date. Date of Birth: : MALE. Consult : Copies. DATE RECEIVED IN LAB : described in the upper lobe; it extends along the posterior aspect. Within. the rind, there are several solid nodules ranging in size from 0.1 cm to 0.8. cm in maximum dimensions. The lateral, medial and anterior aspects of the. lower lobe are grossly unremarkable. The inferior surface of the lower lobe is. attached to the diaphragm over an area of 3.1 x 2.1 cm. Serial sectioning. through the junction of the lung and the diaphragm reveals a diffuse. plaque-like lesion within the interface. This lesion measures 3.2 x 1. x 5.1. cm. Examination of the pericardial surface reveals a vague diffuse nodularity. with nodules ranging from 0.2 cm to 0.4 cm in size. Serial sectioning reveals. that these nodularities do not communicate with the lung parenchyma. Further. examination of the previously mentioned attached portion of pericardial fat. reveals a hard, white nodularity measuring in size 1.1 x 0.8 x 0.3 cm. The. remainder of the pericardial fat is grossly unremarkable. Representative. sections are submitted as follows: 3A: Bronchial margin; 3B: Left upper lobe. vascular margin; 3C: Left lower lobe vascular margin; 3D: Peribronchial lymph. nodes; 3E: Hilar lymph nodes; 3F and 3G: 3.. cm potential lymph node, hilar;. 3H and 3r: Left upper lobe apex margin; 3J through 3L: Left upper lobe. lateral margin; 3M through 30: Left upper lobe posterior margin; 3P: Left. upper lobe medial margin; 3Q: Left upper lobe anterior margin; 3R: Left upper. lobe bleb; 3S: Interlobar fissure; 3T and 3U: Left lower lobe. posterior-superior margin; 3V: Left lower lobe posterior margin; 3W: Left. lower lobe lateral margin; 3X: Left lower lobe anterior margin; 3Y: Left. lower lobe medial margin; 3z: Left lower lobe in relation to diaphragm; 3AA: Left lower lobe inferior edge; 3AB: Anterior edge of diaphragm; 3AC: Posterior edge of diaphragm; 3AD: Medial edge of diaphragm; 3AE: Lateral edge. of diaphragm; 3AF: Pericardium; 3AG: Nodule in pericardial fat; 3AH: Grossly. unremarkable left upper lobe; 3AI: Grossly unremarkable left lower lobe. Specimen #4 is received in a formalin-filled container designated. ""Diaphragm"". The specimen consists of a portion of diaphragm measuring 8.2 x. 6.5 x 1. 2 cm. There is one surface which is smooth and glistening and is inked. black; the opposite surface is red-tan and rough. The specimen is firm with no. grossly identifiable nodules. The specimen is unoriented. The specimen is. serially sectioned to reveal multiple white, plaque-like lesions adjacent to. the surface opposite of the black ink; no nodularities are detected at the. black inked surface. The remainder of the cut surface is grossly unremarkable. muscle and fibrofatty tissue. Multiple full thickness representative sections. are submitted as 4A through 4C. SUMMARY OF SECTIONS: 40, multiple, representative. Dictator: Continue. Print Date. Date of Birth: : MALE. Consult : Copies. SURCICAL 2ATHOLOGY REPORI. DATE RECEIVED IN LAB : DATE RECEIVED IN LAB : FINAL DIAGNOSIS: 1. Peritoneum, laparoscopic biopsies: Fibrous tissue and skeletal muscle with chronic inflammation, no tumor. seen. 2. Lymph node level 6, biopsy: Three lymph nodes, no tumor seen (0/3). 3. Lung, left, total pneumonectomy: A. Diffuse malignant mesothelioma, epithelioid subtype, see note. B. Bronchial margin uninvolved. C. Tumor present within perivascular soft tissue at vascular margin. D. Tumor focally present at apical, lateral, posterior, medial and. anterior margins, see note. E. Tumor involving pericardial fat and pericardium with focal positive. margin. F. Tumor involving diaphragmatic pleura, no invasion of skeletal muscle. seen, diaphragmatic margin free of tumor. G. Three peribronchial lymph nodes, no tumor seen (0/3). H. Three subpleural lymph nodes, no tumor seen (0/3). I. Thirteen hilar lymph nodes, no tumor seen (0/13). J. Changes consistent with previous talc pleurodesis. K. Non-lesional lung, no specific pathologic change. 4. Diaphragm, partial resection: A. Malignant mesothelioma involving diaphragmatic pleura, no invasion of. skeletal muscle seen, cauterized and deep inked margin free of tumor. B. Changes consistent with previous talc pleurodesis. TY4400, T1X100, T13000, M43000, M09450. T08000, T08000, M09450. T28500, M90503, M03010, T29400, M80001, T31000, T31040, T13001, T26000, M09450,. T08000, M90503, M46360, T2Y700, M49000, M44000, T28000, M00100. TY2400, M90503, T13001. NOTE: The patient's prior biopsy from. has been reviewed. This previous biopsy had a complete immunohistochemical work-up to confirm the. 4. Continue. Print Date. Date of Birth: : MALE. Consult : Copies. DATE RECEIVED IN LAB : diagnosis of malignant mesothelioma. In this resection specimen, there is a. larger 6 cm tumor mass in the superior lateral aspect but the tumor can be. seen to spread diffusely in the pleura in a manner typical of mesothelioma. There is extension along the interlobar fissure but there is no involvement of. the underlying lung parenchyma. The case material was reviewed and the report. (Electronic signature,. 5. End of Repore.","The pathology report describes a left pneumonectomy with a malignant mesothelioma tumor found on the visceral and parietal pleura, as well as the pericardium. The tumor has not invaded the lung parenchyma, but it is present within the perivascular soft tissue at the vascular margin. The diaphragm has been partially resected, and the tumor is present on the diaphragmatic pleura, but there is no invasion of the skeletal muscle. The diaphragmatic margin is free of tumor. Based on this information, we can determine the T stage of the tumor according to the AJCC 7th edition rules provided in the long-term memory.

Step 1: Check for invasion of the lung. According to the report, the tumor has not invaded the lung parenchyma (T3 would be assigned if it had).

Step 2: Check for invasion of the chest wall, mediastinal fat, pericardium, heart, or diaphragmatic muscle. The tumor has invaded the pericardium but not the heart or diaphragmatic muscle. However, the report states that the diaphragmatic margin is free of tumor. This means that the tumor has not invaded the diaphragmatic muscle (T4 would be assigned if it had).

Step 3: Check for invasion of the diaphragm. The tumor is present on the diaphragmatic pleura, but it has not invaded the skeletal muscle. Since the diaphragmatic margin is free of tumor, the tumor has not extended through the diaphragm (T4 would be assigned if it had).

Based on the above steps, the tumor is limited to the ipsilateral parietal pleura and has invaded the diaphragm (T3 stage). However, since the diaphragmatic margin is free of tumor, the T stage should be downgraded to T2. Therefore, the final predicted T stage is T2.",T2,,,,,False,"['If the tumor is limited to the ipsilateral parietal pleura, it might be T1.', ""If the tumor has invaded the diaphragm, it's T3."", ""If the tumor has invaded the lung, it's T3."", ""If the tumor has invaded the chest wall, mediastinal fat, pericardium, heart, or diaphragmatic muscle, it's T4."", 'If there is any doubt about the invasion of these structures, additional tests or imaging should be done.']"
MESO,TCGA-TS-A7P6,TCGA-TS-A7P6.D2069A48-E08B-4BD0-ACFE-E380345970B4,T3,2.0,N2,2.0,"Date Printed: Date Collected : Date Received: years Sex: Male. Accession No: Clinical Information. year old male with mesothelioma; Left Thoracotomy, Pleurectomy, PDT, Bronchoscopy. Final Diagnosis. 1. RIB: Benign lamellar bone with trilinear bone marrow formation. No tumor seen. 2. DIAPHRAGM MUSCLE: Skeletal muscle and fat, no tumor seen. 3. PERICARDIUM: Multiple fragments of soft tissue with presence of mesothelioma, epithelial type. 4. DIAPHRAGM: Fibrofatty soft tissue with focal areas of acute inflammation and small islands of malignant mesothelioma. 5. LUNG: Section of lung parenchyma, no tumor seen. 6. LEVEL 5: Section of lymph node, no tumor seen. Section of fibrofatty soft tissue with rare single detached malignant mesothelial cells. 7. LEVEL 9: Sections of lymph node, no tumor seen. Fibrofatty soft tissue with prominent acute inflammation. 8. LEVEL 7: Sections of lymph node with presence of malignant mesothelioma with extra nodular extension. 9. PLEURA: Sections of pleura with extensive malignant mesothelioma, epithelioid type with focal vascular invasion and focal areas of. underlying pulmonary parenchyma with involvement by malignant mesothelioma (9H). 10. POSTERIOR INTERCOSTAL: MI. Date Printed: Date Collected : Date Received: years Sex: Male. Accession No: Loc.: Surgleal P a 1 h 0 / 0 g y e a. 0 / t. Sections of lymph node with presence of malignant mesothelioma. The case material was reviewed and the report verified by: (Electronic signature). Verification Date. Note. Mesothelioma. Pleurectomy left. Site: Left. Histologic Type. Epithelioid (epithelial) mesothelioma. Margins. Cannot be assessed. Lymph nodes. Specify: Number examined: 5. Number involved: 2. Pathologic Staging (pT2 N2 Mx). Gross Description. The specimen is received in 10 parts in formalin in a container labeled with the patient's name and medical record. number. fragmented bone measuring 2.5 and 1.1 cm in greatest dimension. The specimen is entirely submitted in cassette. Specimen #1 is designated ""Rib"" and consists of two portions of yellow-tan, focally hemorrhagic trabeculated and easily 1A. following decalcification. Date Printed: MRN/. Date Collected. Date Received: years Sex: Male. Accession No: Loc.: Surgical P a / It o / 0 y R 0 p 0 , /. Specimen #2 is designated ""Diaphragm Muscle"" and consists of a 2.5 x 1.1 x 1.0 cm portion of red-brown, beefy muscle. The specimen is submitted entirely in cassette 2A. Specimen #3 is designated ""Pericardium"" and consists of multiple portions of gray-brown elastic soft tissue that are focally. thickened measuring 6.0 X 5.5 X 1.5 cm in aggregate. The specimen is representatively submitted in cassettes 3A. through 3F. Specimen #4 is designated ""Diaphragm"" and consists of a 3.7 x 1.1 X 0.6 cm portion of red-brown soft tissue. The. specimen is serially sectioned and submitted entirely in cassettes 4A and 4B. Specimen #5 is designated ""Lung"" and consists of a 3.0 x 1.1 x 0.6 cm portion of gray-tan soft tissue. The specimen is. serially sectioned and submitted entirely in cassette 5A. Specimen #6 is designated ""Level 5"" and consists of two gray-tan portions of soft tissue measuring 1.2 and 1.0 cm in. greatest dimension. The specimen is submitted in toto in cassette 6A. Specimen #7 is designated ""Level 9"" and consists of two gray-tan to yellow portions of soft tissue measuring 0.6 and 0.9. cm in greatest dimension. The specimen is submitted in toto in cassette 7A. Specimen #8 is designated ""Level 7"" and consists of a 1.9 X 0.8 x 0.3 cm portion of gray-tan soft tissue. The specimen is. bisected and submitted in toto in cassette 8A. Specimen #9 is designated ""Pleura"" and consists of a 845.4 white-tan and diffusely thickened and bosselated portion of. soft tissue measuring 24.0 x 15.0 x 0.9 cm. The specimen is representatively submitted in cassettes 9A through 9J. Specimen #10 is designated ""Posterior Intercostal"" and consists of three portions of yellow-tan, lobulated adipose tissue. measuring 0.6, 1.0 and 1.1 cm in greatest dimension. The specimen is submitted in toto in cassette 10A. Pathologist(s).","1. The tumor is found in the ipsilateral parietal pleura (specimen 9) and has invaded the underlying pulmonary parenchyma (9H). This matches the description for T3. However, we need to consider other specimens to ensure this is the most accurate T stage.    
2. The tumor has not invaded the chest wall, mediastinal fat, or heart, which would be required for a T4 classification.    
3. The tumor has not invaded the diaphragm muscle (specimen 2) or the rib (specimen 1) to a degree that would upgrade the T stage.    
4. The tumor is present in level 5 and level 7 lymph nodes (specimens 6 and 8), but the presence of cancer in lymph nodes does not affect the T stage, it affects the N stage.    
5. There is no mention of the tumor invading the pericardium (specimen 3) beyond what's already mentioned in specimen 9, so this does not affect the T stage.    
6. Therefore, based on the information provided, the most accurate T stage is T3.",T3,,,,,False,"['If the tumor is limited to the ipsilateral parietal pleura, it might be T1.', ""If the tumor has invaded the diaphragm, it's T3."", ""If the tumor has invaded the lung, it's T3."", ""If the tumor has invaded the chest wall, mediastinal fat, pericardium, heart, or diaphragmatic muscle, it's T4."", 'If there is any doubt about the invasion of these structures, additional tests or imaging should be done.']"
MESO,TCGA-3U-A98D,TCGA-3U-A98D.8F55DF05-CE3D-42FF-9247-480F3CADD030,T2,1.0,N2,2.0,"Gender: Male. Race: White. Report Date: Tissue Procurement Date: FINAL PATHOLOGIC DIAGNOSIS. A. Parietal visceral pleura; pleurectomy: - Biphasic mesothelioma, see parameters. B. Parietal visceral pleura; pleurectomy: - Biphasic mesothelioma, see parameters and comment. C. Lymph node #7; biopsy: - Two of four lymph nodes with metastatic mesothelioma, epithelioid (2/4). D. Lymph node 4R; biopsy: - Five of five lymph nodes, no tumor (0/5). E. Lymph node #8; biopsy: - One lymph node with metastatic mesothelioma, epithelioid (1/1). F. Lymph node #11; biopsy: - Two lymph nodes, no tumor (0/2). Thoracic Mesothelioma Pathologic Parameters. Pleura/Pericardium, Resection. MACROSCOPIC. Specimen Type: Pleural resection. Tumor Site: Right pleura. Tumor Configuration and Size: Diffuse, maximum thickness: 4.6 cm. MICROSCOPIC. Histologic Type: Biphasic mesothelioma (40% epithelioid, 60% sarcomatoid). Tumor Extension: Into but not through diaphragm. Lung parenchyma. Venous/Lymphatic (Large/Small Vessel) Invasion: Absent. Margins: Cannot be assessed. Additional Pathologic Findings: Pleural plaques with focal calcifications. Pathologic Staging (pTNM). Primary Tumor (pT). pT2: Tumor involves any of the ipsilateral pleural surfaces with at. least 1 of the following: invasion of diaphragmatic muscle, invasion of lung. parenchyma. Regional Lymph Nodes (pN). pN2: Metastases in the subcarinal lymph node(s) and/or the lipsilateral. internal mammary or mediastinal lymph node(s). Number examined: 12. Number involved: 3. Effective January 1, 2010 this Checklist utilizes the 7th edition TNM staging. system for pleural mesothelioma of the American Joint Committee on Cancer (AJCC). and the International Union Against Cancer (UICC). Comment. Immunohistochemistry with appropriate controls demonstrates that the epithelioid. component is positive for calretinin and nuclear WT-1 and negative for MOC31. consistent with mesothelioma. The sarcomatoid component has weaker staining. with both mesothelial markers. M.D. Interpretation performed by the Attending Pathologist and reviewed with the. Resident/Fellow,  M.D., Ph.D. M.D. Clinical History: The patient is an .year-old male with mesothelioma of the lung undergoing a. right thoracotomy, pleurectomy and bronchoscopy. Specimens Received: A: Mesothelioma parietal visceral pleura. B: Mesothelioma parietal visceral pleura. C: #7. D: 4R. E: #8. F: #11. Gross Description: The specimens are received in six containers each labeled with the patient's. name and medical record number. A. The first container is additionally identified as, ""1. Mesothelioma parietal. visceral pleura"". Received fresh and placed in formalin is an oriented 806.7 g,. 25 X 15 x 6 cm in overall dimension pleurectomy specimen. The specimen has a. volumetric displacement of approximately 650-700 mL. A stitch designates the. diaphragmatic surface. The ragged red-brown diaphragmatic surface measures 21 x. 14.5 cm, is up to 0.8 cm maximum thickness and is inked black. There is a 13.5 x. 7.5 cm portion of smooth, pink-white abdominal peritoneum which measures up to. 0.1 cm in thickness and is inked blue. Serial sectioning reveals diffusely,. nodular, firm tan-pink parietal pleura and visceral pleura containing shaggy,. soft gray-brown remnants of lung parenchyma with scattered anthracotic pigment. Serial sectioning reveals firm, solid whorled white confluent nodules scattered. throughout with a thickness up to 0.9 cm. The largest area of thickening is. located along the peripheral edge of the diaphragmatic surface, measures up to. 4.6 cm maximum thickness, abuts black ink and bulges into the surrounding soft. lobules of adipose tissue. This portion has an intervening septum of soft,. glistening yellow adipose tissue. Additional thickened areas subjacent to the. diaphragmatic surface focally come to within 0.2 cm of blue ink (abdominal. peritoneum). No pericardium is grossly identified. Gross photographs are taken. Representative sections are taken as follows: A1-A2: Nodule to black ink (diaphragmatic surface). A3: Nodule to blue ink (diaphragmatic peritoneum). A4: Bulging nodule into the surrounding adipose. A5-A7: Fused visceral and parietal pleura with remnants of lung parenchyma. A8: Thickest area of remaining red-brown muscle fibers of the. diaphragm and nodule. B. The second container is additionally identified as, ""2. mesothelioma. parietal visceral pleura "". Received fresh and placed in formalin is a 218.7 g,. 20 x 15 x 3 cm in overall dimension unoriented, slightly conical-shaped. pleurectomy specimen. The specimen has a volumetric displacement of. approximately 250 mL. The specimen is diffusely thickened and fused. The outer. surface is shaggy, mottled tan-pink to gray with yellow streaks and with visible. ridged imprints of the ribs. The inner lining of the visceral pleura contains. soft, shaggy remnants of brown lung parenchyma with scattered anthracotic. pigment. Serial sectioning reveals confluent nodular white-gray cut surfaces. measuring up to 1.4 cm maximum thickness. There are also scattered areas of. calcification. Gross photographs are taken. Representative sections are. submitted as B1-B6 (B6 after slight decalcification). C. The third container is additionally identified as, ""#7"". Received fresh and. placed in formalin is a 2.7 X 2.1 x 1.1 cm aggregate of rubbery, tan-yellow to. gray-black tissue fragments (4 total). 4 rubbery, partially fragmented lymph. node candidates are identified ranging in size from 0.8-1.9 cm greatest. dimension. The specimen is submitted entirely as follows: C1: 3 lymph nodes. C2: One lymph node, bisected. D. The fourth container is additionally identified as, ""4R"". Received fresh. and placed in formalin is a 2.2 X 2.1 x 0.9 cm aggregate of rubbery, tan-yellow. to gray-black tissue fragments (5 total). Each fragment contains gray-black. fragmented lymph node candidates ranging in size from 0.6-1.3 cm in greatest. dimension. The specimen is submitted entirely as follows: D1: 2 lymph nodes. D2: 3 lymph nodes. E. The fifth container is additionally identified as, ""#8"". Received fresh and. placed in formalin is a 1.1 x 0.9 x 0.4 cm ovoid, rubbery gray-black lymph node. candidate. The specimen is bisected and submitted entirely as E1. F. The sixth container is additionally identified as, ""#11"". Received fresh. and placed in formalin are 2 fragments of rubbery, gray-black to tan-yellow. lymph node candidates ranging in size from 0.5-0.6 cm greatest dimension. The. specimen is submitted in toto as F1.","1. The tumor is located in the ipsilateral parietal pleura (right pleura), as indicated in the macroscopic description. This could potentially classify it as T1 or T2, depending on whether the diaphragm or lung parenchyma has been invaded.    
2. According to the microscopic description, the tumor has invaded the diaphragm but not through it. It has also invaded the lung parenchyma. This means that it meets the criteria for a T2 tumor (pT2), as it involves any of the ipsilateral pleural surfaces with invasion of the diaphragmatic muscle and/or lung parenchyma.    
3. There is no mention of invasion into the chest wall, mediastinal fat, pericardium, heart, or diaphragmatic muscle in the report, which rules out a T3 or T4 classification.    
4. Therefore, based on the AJCC 7th edition rules and the information provided in the pathology report, the final predicted T stage is T2.",T2,,,,,False,"['If the tumor is limited to the ipsilateral parietal pleura, it might be T1.', ""If the tumor has invaded the diaphragm, it's T3."", ""If the tumor has invaded the lung, it's T3."", ""If the tumor has invaded the chest wall, mediastinal fat, pericardium, heart, or diaphragmatic muscle, it's T4."", 'If there is any doubt about the invasion of these structures, additional tests or imaging should be done.']"
MESO,TCGA-MQ-A4LV,TCGA-MQ-A4LV.B58C2E00-6E35-4A56-AF0D-0A62335BBD89,T3,2.0,N0,0.0,"Result date: SPECIMEN DESCRIPTION. SPECIMEN DESCRIPTION . LEFT LUNG. LEVEL 10 LYMPH NODE. MEDIALSTINAL FAT. BRONCHIAL MARGINS. THORACOSCOPY SITE 1 POSTERIOR. THORACOSCOPY SITE 2 ANTERIOR. LEVEL 7 LYMPH NODE. PATHOLOGY NO. : HOSPITAL ID: PATIENT ID: .OOPPITAL NO. : ACCOUNT NO. : M. DATE RECEIVED: PHYSICIAN (S) : ACCN REQ. NO. : NOT GIVEN. REFERRING PHYS: ATTENDING PHYS: DIAGNOSIS: A. LEFT LUNG PNEUMONECTOMY: MALIGNANT MESOTHELIOMA, SOLID, EPITHELIOID AND. SARCOMATOUS PATTERS DIFFUSELY INVOLVING THE PLEURA, PARIETAL AND VISCERAL WITH. DIRECT EXTENSION INTO THE LUNG PARENCHYMA, ADHERENT TO THE DIAPHRAGM SLIGHTLY. AND FOCALLY INFILTRATING THE SKELETAL MUSCLE AND ALSO INVOLVING THE MEDIAL. PLEURA AND ADHERENT PARIETAL PERICARDIUM. TUMOR EXTENDS VERY CLOSE AND AT THE MARGINS AS SEEN IN RANDOM SECTIONS. BRONCHIAL MARGIN OF RESECTIONS NEGATIVE FOR TUMOR. NINE REGIONAL LYMPH NODES ARE IDENTIFIED AND THEY ARE NEGATIVE FOR TUMOR. THEY. SHOW SINUS HISTIOCYTOSIS, ANTHRACOTIC PIGMENTATION AND REACTIVE FOLLICULAR. HYPERPLASIA. (SEE COMMENT). B. LEVEL 10 LYMPH NODE: ONE LYMPH NODE NEGATIVE FOR TUMOR. IT SHOWS SINUS. HISTIOCYTOSIS, ANTHRACOTIC PIGMENTATION, CONGESTION AND REACTIVE FOLLICULAR. HYPERPLASIA. C. LABELED AS MEDIASTINAL FAT: SIX LYMPH NODES ARE IDENTIFIED AND ARE. NEGATIVE FOR TUMOR. D. LABELED BRONCHIAL MARGIN: BRONCHIAL MARGIN NEGATIVE FOR TUMOR. E. LABELED THORACOSCOPY SITE #1 POSTERIOR: SKIN WITH CUTANEOUS SCAR AND. ATTACHED SKELETAL MUSCLE, NEGATIVE FOR TUMOR. F. THORACOSCOPY SITE #2, ANTERIOR: SKIN WITH CUTANEOUS SCAR, NEGATIVE FOR. TUMOR. G. LABELED LEVEL 7 LYMPH NODES: FOUR LYMPH NODES NEGATIVE FOR TUMOR. THEY. SHOW SINUS HISTIOCYTOSIS, CONGESTION, ANTHRACOTIC PIGMENTATION AND REACTIVE. FOLLICULAR HYPERPLASIA. COMMENT: The pleura (parietal and visceral) is diffusely thickened involved. with malignant mesothelioma. It also involves the pleura at the diaphragmatic. surface and is adherent to the diaphragm. It slightly and focally infiltrate. the skeletal muscle. Medially, the pleura is also involved with tumor and it. involves the adherent parietal pericardium. The tumor appears solid, made up. of masses of polygonal cells and spindle cells with desmoplasia and marked. chronic inflammation with areas of necrosis. There focal areas of papillary. pattern. The tumor focally infiltrates into the lung parenchyma. The. interlobar pleura is also involved and also here the tumor infiltrates into the. lung parenchyma. The lung parenchyma shows edema, acute and chronic passive. congestion, focal scattered chronic pneumonitis and moderate sclerosis of. vessels. No thrombi are identified in the small and large vessels. Several. lymph nodes are identified and are all negative for metastatic tumor. The. nodes show sinus histiocytosis, congestion, anthracotic pigmentation and. reactive follicular hyperplasia. The bronchial margin of resection is negative. for tumor. Immunostains for the tumor cells are done on two blocks to include: keratin- positive; vimentin-positive; calretinin-positive; CK5/6-positive;. BER EP4- negative; B72.3- negative; CEA- negative; $100-negative, and. ITF-1-negative. The results of these special stains supports the diagnosis. of MESOTHELIOMA. SPECIMEN: A. LEFT LUNG. B. LEVEL 10 LYMPA NODE. C. MEDIASTINAL FAT. D. BRONCHIAL MARGINS. E. THORACOSCOPY SITE 1 POSTERIOR. THORACOSCOPY SITE 2 ANTERIOR. G. LEVEL 7 LYMPH NODE. OPERATION: PNEUMONECTOMY. PRE-OP DIAGNOSIS: MESOTHELIOMA. POST-OP DIAGNOSIS: SAME. CLINICAL DATA: NOT GIVEN. GROSS DESCRIPTION: A. Received fresh, labeled left lung, is a 1,790 gm left pneumonectomy specimen. that measures 30.0 x 23.8 x 8.0 cm, overall. The specimen includes the entire. left lung and has an attached portion of diaphragm and pericardium. The. pericardium is 12.0 x 1.5 cm and has a gray-pink, smooth, glistening surface. The diaphragm is 23.0 x 14.5 x 2.0 cm. The surgical resection margin. surrounding the diaphragm and pericardium are inked black. The bronchial. margin and vessel margin at the hilum, are taken and upon opening of both the. bronchi and vessels, all are unremarkable. Eight (8) hilar lymph nodes are. identified, ranging from 0.9 x 0.7 x 0.4 cm up to 1. x 1.2 x 0.5 cm. Upon. dissection, some of the larger lymph nodes have a dark-black to gray, smooth,. glistening cut surface. The parietal pleura is red-pink, smooth and upon. palpation is indurated in some areas. The specimen is bivalved to reveal a. gray-white, firm rim of tumor, extending into the lung parenchyma and involving. the pericardium and part of the diaphragm. The tumor occupies 30% of the lung,. ranges from 0. cm up to 8.5 cm in thickness. The interlobar fissure is. involved and obliterated. The inferior aspect of the lung is remarkable for a. 1.5 cm cavity, containing a clear fluid and is lined by dusky, soft, necrotic. material. The uninvolved diaphragm is red and soft. The uninvolved lung. parenchyma is red, soft and spongy. Representative sections are submitted in 32. cassettes. Section summary: 1-2 tumor with diaphragm. 3- tumor with pericardium. 4- tumor with pleura. 5- bronchial margin. 6- artery margin. 7- vein margin. 8-12 tumor with pericardium (#12 includes diaphragm). 13-17 tumor with diaphragm (#15 includes visceral pleura; 16-17 - include. cavity). 18- tumor with parietal pleura. 19-20 tumor with intralobar fissure. 21- tumor with pleura. 22-24 tumor with lung parenchyma (#22 includes hilar nodes). 25- two lymph nodes. 26- two lymph nodes. 27- half of one bisected lymph node. 28- other half of one hisected lymph node. 29-31- one bisected lymph node, each. 32- viscera, parietal pleura with tumor and lung parenchyma. NOTE: Additional sections consisting of the tumor with pleural surface is. submitted in cassettes add 1-5. B. Received fresh, labeled level 10 lymph node, is a 1.7 x 1.4 x 0.3 cm. red-pink, soft lymph node, which has a scant amount of attached soft tissue. The specimen is bisected to reveal a dark-red, congested cut surface. The. lymph node is entirely submitted in 1 cassette. C. Received fresh, labeled mediastinal fat, is a 4.3 x 3.5 x 1.0 cm soft,. lobulated portion of adipose tissue. Dissection reveals six (6) possible lymph. nodes, ranging from 0.4 cm up to 1.0 x 0.6 x 0.4 cm. Two (2) of the lymph. nodes are sectioned to reveal purple-pink, smooth and glistening cut surfaces. Lymph nodes are entirely submitted in 3 cassettes labeled C, as follows: 1- one bisected lymph node. 2- two possible lymph node. 3- three lymph nodes. D. Received fresh, labeled bronchial margin, is a pink-yellow, rubbery tubular. structure, consistent with portion of bronchus which is 2.1 cm in length and. 1.7 cm in diameter. Along one aspect, is a staple line which is 3.0 cm in. length. The specimen is trisected and submitted entirely in 3 cassettes. labeled D (region adjacent to staples is in cassette #1). E. Received fresh, labeled thoracoscopy site #1, posterior, is a 7.5 x 2.0 cm. tan ellipse of hair-bearing skin, that is excised to a depth ranging from 1.5. cm up to 3.0 cm. The deep margin consists of possible brown-red, skeletal. muscle that is 2.8 x 1.6 x 1.5 cm. The surgical resection margin is inked. black. The specimen is serially sectioned to reveal lobulated adipose tissue. with interspersed gray, fibrous tissue and skeletal muscle at the deep margin. No lesions are identified, grossly. Representative sections submitted in three. cassettes labeled E (one full thickness section cut in half in cassette. #1-2). F. Received fresh, labeled thoracoscopy site #2, anterior, is a 4.3 x 1.7 cm. brown ellipse of hair-bearing skin, that is excised to a depth of 2.3 cm. The. skin surface is remarkable for a 1.6 cm possible well-healed scar. The. surgical resection margin is inked black. The specimen is serially sectioned. to reveal yellow, lobulated, soft cut surfaces with interspersed gray, fibrous. tissue. Representative sections submitted in three cassettes labeled F. G. Received fresh, labeled level 7 lymph node, are four (4) gray-black, soft,. irregular lymph nodes, ranging from 1.4 x 1.3 x 0.5 cm up to 4.0 x 2.0 x 0.7. cm. The lymph nodes are bisected to reveal dark-black, gray, mottled, smooth. and glistening cut surfaces. The smaller lymph nodes are entirely submitted. and reps of larger lymph node submitted in 5 cassettes labeled G, as follows: 1-3 one bisected lymph node, each. 4-5 reps of largest lymph node. CPT CODE: Completed Action List: Perform by.","The pathology report describes the following findings: the tumor is diffusely involving the pleura, parietal and visceral, with direct extension into the lung parenchyma, adherent to the diaphragm, slightly and focally infiltrating the skeletal muscle, involving the medial pleura and adherent parietal pericardium. Based on the long-term memory (rules derived from prior cases) for T staging and the AJCC Cancer Staging Manual (7th edition), we can determine the T stage as follows:  

1. If the tumor is limited to the ipsilateral parietal pleura, it might be T1. However, in this case, the tumor has invaded the lung parenchyma, which rules out T1. 
2. If the tumor has invaded the diaphragm, it's T3. The report states that the tumor is adherent to the diaphragm and slightly and focally infiltrating the skeletal muscle, which confirms T3. 
3. If the tumor has invaded the chest wall, mediastinal fat, pericardium, heart, or diaphragmatic muscle, it's T4. The report states that the tumor is adherent to the diaphragm, involving the medial pleura and adherent parietal pericardium, which confirms T3, but does not meet the criteria for T4. 

Therefore, based on the information provided in the pathology report, the final predicted T stage is T3.",T3,,,,,False,"['If the tumor is limited to the ipsilateral parietal pleura, it might be T1.', ""If the tumor has invaded the diaphragm, it's T3."", ""If the tumor has invaded the lung, it's T3."", ""If the tumor has invaded the chest wall, mediastinal fat, pericardium, heart, or diaphragmatic muscle, it's T4."", 'If there is any doubt about the invasion of these structures, additional tests or imaging should be done.']"
MESO,TCGA-ZN-A9VS,TCGA-ZN-A9VS.B47307E4-CEA2-4965-BAE9-16184AFFC8BA,T3,2.0,N0,0.0,"Report Status: Amend/Addenda. Procedure Date: Addended Report. PATHOLOGIC DIAGNOSIS: A. RIB (18.9 CM), MARROW SQUEEZE: Maturing trilineage hematopoiesis, negative for tumor. B. CHEST WALL TUMOR: MALIGNANT MESOTHELIOMA, EPITHELIOID TYPE, invading fibrous connective. tissue. C. PERICARDIAL MASS: Adipose tissue with MALIGNANT MESOTHELIOMA, EPITHELIOID TYPE. D. LEVEL 9 LN: See part L. E. PARIETAL PLEURA: Fragments of pleura with MALIGNANT MESOTHELIOMA, EPITHELIOID TYPE. Hyaline plaque. F. NODE FROM PHRENIC: See part L. G. TUMOR ON PHRENIC: Nerve and attached fibroadipose tissue, negative for tumor. Artery with medial calcification. H. LEVEL 10 LYMPH NODE: Two (2) lymph nodes, negative for tumor. I. DIAPHRAGM: MALIGNANT MESOTHELIOMA, EPITHELIOID TYPE, involving pericardium and. pleura attached to diaphragm, without invasion of diaphragmatic muscle,. approaching <0.1 cm from the anterior and medial diaphragmatic. resection margins. Hyaline plaque. J. LEVEL 7 LYMPH NODE: Two (2) lymph nodes, negative for tumor. K. LEVEL 8 LYMPH NODE: Three (3) lymph nodes, negative for tumor. L. RIGHT LUNG, PERICARDIUM, VISCERAL AND PARIETAL PLEURA: DIFFUSE MALIGNANT MESOTHELIOMA, EPITHELIOID TYPE. Tumor involves: chest wall parietal pleura, maximal thickness of 1.7 cm,. mediastinal pleura, and diaphragmatic pleura. Tumor invades: lung parenchyma, mediastinal adipose tissue, soft tissue,. chest wall in multiple foci (see part B), pericardium and does NOT. extend to the inner surface of the pericardium, see part C). Tumor is <0.1 cm from anterior and medial diaphragmatic resection. margins. Lymphovascular invasion is not identified. Hyalin pleural plaque is identified (parts E and I). Pulmonary emphysema is present. Page: 1 of 5. Immunohistochemical studies were performed on the original biopsy. material. Eleven (11) lymph nodes with no tumor present (additional lymph nodes in. parts D, F, H, J, K, and M also negative for tumor) . AJCC Classification (7th edition) : pT3 NO MX. M. INTERNAL MAMMARY NODE: One (1) lymph node, negative for tumor. See part L. N. PORT SITE 1: Skin and subcutis with cicatrix, negative for tumor. See part L. O. PORT SITE 2: Skin and subcutis with cicatrix, negative for tumor. See part L. TISSUE SUBMITTED: A/1. Rib. B/2. Chest wall tumor. C/3. Pericardial mass. D/4. Level 9 LN. E/5. Parietal pleura. F/6. Node from phrenic. G/7. Tumor on phrenic. H/8. Level 10 lymph node. I/9. Diaphragm. J/10. Level 7 lymph node. K/11. Level 8 lymph node. L/12. Right lung pericardium. M/13. Internal mammary node. N/14. Port site #1. 0/15. Port site #2. GROSS DESCRIPTION: The specimen is received fresh, in fifteen separate containers, each labeled. with the patient's name, medical record number and specimen identification. Part A, ""#1. Rib"", consists of a segment of grossly unremarkable rib (18.9 x. 1.5 x 0.4 cm) A rib marrow squeeze is prepared and submitted for histologic. analysis as follows: Micro A1: Rib squeeze bone marrow, 1 frag, RSS. Part B, ""#2. Chest wall biopsy"", consists of a firm white fibrotic nodule (1.7. x 1.3 x 1.0 cm) with attached soft tissue. The specimen is submitted for. histologic analysis as follows: Micro B1: Chest wall biopsy, 1 frag, RSS. Part C, ""#3. Pericardial mass"", consists of two fibroadipose soft tissue. fragments (2.4 x 1.5 x 0.3 cm in aggregate), submitted for histologic analysis. as follows: Micro C1: Pericardial mass, 2 frags, ESS. Part D, ""#4. Level 9 lymph node"", consists of a single anthracotic lymph node. candidate (1.4 x 0.9 x 0.4 cm), submitted for histologic analysis as follows: Page: 2 of 5. Micro D1: Single lymph node candidate, bisected, 2 frags, ESS. Part E, ""#5. Parietal pleura"", consists of multiple fragments of firm fibrotic. and hemorrhagic soft tissue (7.0 x 4.2 x 2.5 cm in aggregate), submitted for. histologic analysis as follows: Micro E1-E2: Representative sections of the soft tissue fragments, 5 frags,. RSS. Part F, ""#6. Node from phrenic"", consists of an anthracotic lymph node. candidate (1.2 x 0.6 x 0.6 cm) with attached fibroadipose tissue. The specimen. is submitted for histologic analysis as follows: Micro F1: Anthracotic lymph node candidate, bisected, 2 frags, ESS. Part G, ""#7. Tumor on phrenic"", consists of a long white cylindrical soft. tissue fragment (11.0 x 0.3 cm in diameter) with attached yellow fibroadipose. tissue. Micro G1-G2: phrenic nerve, multi frags, ESS. Part H, ""#8. Level 10 lymph node"", consists of fibroadipose tissue containing. two lymph node candidates (1.1 x 0. € x 0.4 and 0.2 X 0.2 x 0.2 cm. respectively). The specimen is submitted for histologic analysis as follows: Micro H1: 2 lymph node candidates, the largest of which is bisected, 3 frags,. ESS. Part I, ""#9. Diaphragm"", consists of a portion of diaphragm (17.5 x 12 with. thickness ranging from 0.5 to 2.5 cm) remarkable for multiple white fibrotic. nodules involving the attachment of the pericardium to the diaphragm as well as. several that are located adjacent to the resection margin on the thoracic. surface of the diaphragm. There is no grossly evident disease on the abdominal. surface of the diaphragm. The abdominal surface is inked black and the. specimen is sectioned and submitted for histologic analysis as follows: Micro I1-I2: Representative section of the largest nodule involving the. attachment of the pericardium to the thoracic surface of the diaphragm, 2. frags, RSS. Micro I3 through I4: Representative sections of other nodules on the thoracic. surface of the diaphragm, 4 frags, RSS. Micro I5: Representative sections of a relatively uninvolved portion of the. pericardium, 2 frags, RSS. Part J, ""#10. Level 7 lymph node"", consists of a darkly anthracotic lymph node. candidate (1.2 x 1.0 x 0.5 cm), submitted for histologic analysis as follows: Micro J1: 1 lymph node, 2 frags, ESS. Part K, ""#11. Level 8 lymph node"", consists of a fibroadipose soft tissue. fragment, highly irregular in shape with no definitive lymph node candidates. (2.5 cm x 2.0 x 0.4 cm), submitted for histologic analysis as follows: Micro K1: Fibroadipose tissue, bisected, 2 frags, ESS. Part L, ""#12. Right lung, pericardium, visceral and parietal pleura"", consists. of a 752 gram extrapleural pneumonectomy specimen (21.5 x 18.8 x 2.8 cm) with a. segment of bronchus (2.5 cm in length x 2.7 cm in diameter), and a fragment of. pericardium (5.1 x 3.9 x 0.2 cm) on the medial aspect of the specimen. The. lateral aspect of the specimen is severely disrupted (visceral pleura appears. to have been stripped off) and presents with a single staple line (7.5 cm, only. partially attached along, inked blue where attached along) No diaphragm is. present (see part I above) Multiple firm, ill-defined nodules (ranging from. 0.5 to 4.2 cm in greatest dimension) are located in areas of fusion between the. visceral and parietal pleura and affect approximately 75% of the visceral and. parietal pleura, including mediastinal diaphragmatic, anterior, posterior,. lateral, superior. A representative section of nodule is submitted for. Page: 3 of 5. A representative section. of normal is submitted to tissue bank. There are four approximately 1 cm sized. lymph nodes around the bronchus and many intrapulmonary lymph nodes which have. an anthracotic and somewhat partially white fibrous parenchyma. The majority. of the parenchyma appears grossly uninvolved by tumor and/or other obvious. pulmonary pathology. There is; however, two foci of possible invasion of. mesothelioma into the lung parenchyma present in the right middle and right. lower pulmonary lobes. A portion of uninvolved lung is submitted to. The specimen is submitted for histologic analysis. as follows: Micro L1: En face bronchial resection margin, 1 frag, ESS. Micro L2: Section of largest nodule in the right lower lobe, adjacent to the. sample taken for electron microscopy and ancillary studies, 1 frag, RSS. Micro L3: Nodule from the medial surface of the lung with fusion of the. visceral and parietal pleura and possible invasion into lung parenchyma,. 1. frag, RSS. Micro L4-L5: Representative sections of pleural nodules, multi frags, RSS. Micro L6-L7: Representative section of the largest nodule in the right lower. lobe to include the surface and the interface with normal lung parenchyma, 2. frags, RSS. Micro L8: Representative section of the nodule in the right middle lobe with. possible invasion to lung parenchyma, 1 frag, RSS. Micro L9: 4 peribronchial lymph node candidates, intact, 4 frags, ESS. Micro L10: 4 intrapulmonary (peribronchiolar) lymph node candidates, 4 frags,. RSS. Part M, ""#13. Internal mammary node"", consists of three fragments of. fibroadipose tissue with one containing a possible lymph node candidate (2.5 x. 2.2 x 0.7 cm in aggregate) submitted for histologic analysis as follows: Micro M1: Internal mammary node, 3 frags, ESS. Part N, ""#14. Port site #1"", consists of an ellipse of skin (4.0 cm in length x. 1.2 cm in width) with an eccentrically located scar (2.2 cm in length, well. healed excised to a depth of 0.9 cm of subcutis) . Serial sectioning reveals no. gross evidence of disease. The entire scar is submitted for histologic. analysis as follows: Micro N1: Entire scar, 6 frags, ESS. Part O, ""#15. Port site #2"", consists of an ellipse of skin (2.6 cm x 1.1 cm in. width, excised to a depth of 1.1 cm) with an eccentrically located scar (1.0 cm. in length), submitted for histologic analysis as follows: Micro O: Port site #2, 5 frags, ESS. Note: For part I, the nodules do not grossly appear to invade the diaphragm. Smaller nodules are located close (0.3 cm from the anterior and medial. diaphragm resection margins) and micro I6 closest approach to the anterior and. medial resection margin, 2 frags, RSS. senior physician certifies that he/she. personally conducted a microscopic examination (""gross only"" exam if so stated). of the described specimen (s) and rendered or confirmed the diagnosis (es). related thereto. Page: 4 of 5. Lung Digestion for Asbestos Quantification: .88 grams of lung tissue were digested. 439 asbestos bodies per gram of lung. tissue (wet weight) were found. (General population median: 20).","1. According to the long-term memory based on the AJCC Cancer Staging Manual (7th edition), T1 stage is given when the tumor is limited to the ipsilateral parietal pleura. In this pathology report, the tumor has involved the parietal pleura (part E) and the chest wall (part B), which indicates that it has spread beyond the ipsilateral parietal pleura. Therefore, the T1 stage is not applicable.   

2. The T2 stage is given when the tumor invades the visceral pleura. In this case, the tumor has invaded the lung parenchyma (part L), which is equivalent to the visceral pleura invasion, making it a T2 stage. However, there are other findings in the report that need to be considered.   

3. The T3 stage is given when the tumor invades the diaphragm or lung. In this report, the tumor has invaded the diaphragm (part I), and it has also involved the lung parenchyma (part L). Therefore, the tumor meets the criteria for both T2 and T3 stages.   

4. The T4 stage is given when the tumor invades the chest wall, mediastinal fat, pericardium, heart, or diaphragmatic muscle. In this report, the tumor has invaded the chest wall (part B) and the pericardium (part C), which means it meets the criteria for the T4 stage.   

5. Based on the AJCC 7th edition rules, when there is doubt about the invasion of certain structures, additional tests or imaging should be done. However, in this case, the pathology report provides clear evidence of chest wall and diaphragm invasion, as well as visceral pleura invasion.   

6. Given the evidence of tumor invasion into the diaphragm, chest wall, and visceral pleura, the T stage for this mesothelioma cancer would be T4, as it has surpassed the criteria for T2 and T3 stages.",T4,,,,,False,"['If the tumor is limited to the ipsilateral parietal pleura, it might be T1.', ""If the tumor has invaded the diaphragm, it's T3."", ""If the tumor has invaded the lung, it's T3."", ""If the tumor has invaded the chest wall, mediastinal fat, pericardium, heart, or diaphragmatic muscle, it's T4."", 'If there is any doubt about the invasion of these structures, additional tests or imaging should be done.']"
MESO,TCGA-SH-A9CT,TCGA-SH-A9CT.D7747749-3C50-4563-A68D-AE29D0C22749,T2,1.0,N0,0.0,"HISTOPATHOLOGY REPORT. Sex: M. Date Collected: Date Received: Date Printed: SPECIMEN DETAILS. Specimen A. Parietal pleura. Specimen B. Parietal pleura tumour. CLINICAL INFORMATION. Epithelioid mesothelioma T2 HO MO. MACROSCOPIC DESCRIPTION. Specimen A Parietal pleura. An irregular piece of cream coloured tumour measuring 8 x 3.5 x 2 cm. 4 in 4 + reserve. Specimen B Parietal pleura tumour. Several pieces of white, firm tumour tissue with attached adipose tissue and adherent clot, in aggregate. measuring 18 x 16 x up to 3 cm. Some of the pieces include overlying pleura. 4 x representative sections + reserve. MICROSCOPIC REPORT. Specimens A & B Parietal pleura tumour. Samples from both specimens reveal thickened pleura, extensively infiltrated by epithelioid tumour with a. predominantly papillary architecture. The epithelioid tumour cells exhibit a moderate degree of pleomorphism. and possess vesicular nuclei with small nucleoli and a moderate amount of eosinophilic cytoplasm. Focal. areas of tumour necrosis are present. Some of the sections include a small amount of adherent lung. parenchyma, which in areas shows reactive changes with organising pneumonia. Focally there is evidence of. infiltration of the visceral pleura. Immunohistochemistry - The tumour is positive for MNF116 and calretinin (cytoplasmic and variable nuclear. staining), shows patchy staining for WT1, focal weak staining for CK5/6 and diffuse membranous positivity for. EMA. Very focal staining for BerEP4 is noted, but most of the tumour is negative for this marker, as well as. TTF1. The appearances are those of epithelioid malignant mesothelioma. Reporting Pathologist: Authorising Pathologist: Lab No: Reports are authorised electronically.","1. According to the long-term memory based on the AJCC Cancer Staging Manual (7th edition), the tumor is considered T1 if it is limited to the ipsilateral parietal pleura. However, in this case, the pathology report mentions that there is focal infiltration of the visceral pleura (T2). Therefore, the tumor cannot be classified as T1.   
2. The tumor is considered T3 if it has invaded the diaphragm, lung, or mediastinal fat. The pathology report does not mention any invasion of the diaphragm or mediastinal fat, but it does mention that some of the sections include a small amount of adherent lung parenchyma. The report also mentions focal infiltration of the visceral pleura, which is consistent with T2. Therefore, based on the information provided, the tumor cannot be classified as T3.   
3. The tumor is considered T4 if it has invaded the chest wall, pericardium, heart, or diaphragmatic muscle. The pathology report does not mention any invasion of these structures. Therefore, based on the information provided, the tumor cannot be classified as T4.   
4. Based on the information provided in the pathology report, the tumor is classified as T2, as it has invaded the visceral pleura.",T2,,,,,False,"['If the tumor is limited to the ipsilateral parietal pleura, it might be T1.', ""If the tumor has invaded the diaphragm, it's T3."", ""If the tumor has invaded the lung, it's T3."", ""If the tumor has invaded the chest wall, mediastinal fat, pericardium, heart, or diaphragmatic muscle, it's T4."", 'If there is any doubt about the invasion of these structures, additional tests or imaging should be done.']"
MESO,TCGA-YS-A95C,TCGA-YS-A95C.6067AFDB-9347-4212-BA91-FD839E999AEC,T1,0.0,N2,2.0,"PRIMARY SITE: Pleura. 1- Parietal pleura and right lung. Epithelioid mesothelioma infiltrating lung parenchyma, pleura and skeletal. muscle. Presence of angiolymphatic invasion. Absence of perineural invasion. Pleural margin involved by neoplasia. Bronchia margin uninvolved by neoplaisa. 2- Subcarinal node. Metastasis of mesothelioma in 4 lymph nodes of 4 dissected (4/4) with capsular. transposition. 3- Esophageal nodes. 4- Metastasis of mesothelioma in 2 lymph nodes of 3 dissected (2/3) without. capsular transposition.","1. The tumor is located in the ipsilateral parietal pleura and has also invaded the lung (right lung). According to the long-term memory derived from the AJCC Cancer Staging Manual (7th edition), this would typically classify as a T3 stage. However, it's important to note that the tumor has also invaded skeletal muscle, which is not explicitly mentioned in the provided memory. This invasion could potentially push the classification to T4.  2. The AJCC 7th edition states that if there is any doubt about the invasion of certain structures, additional tests or imaging should be done. In this case, we don't have access to such additional information. Therefore, based on the available data, we can conclude that the tumor has invaded the lung (T3), but due to the ambiguity regarding the skeletal muscle invasion, it might be possible that the tumor stage is T4. But with the given memory, we can't definitively say T4 without further confirmation.",T3,,,,,False,"['If the tumor is limited to the ipsilateral parietal pleura, it might be T1.', ""If the tumor has invaded the diaphragm, it's T3."", ""If the tumor has invaded the lung, it's T3."", ""If the tumor has invaded the chest wall, mediastinal fat, pericardium, heart, or diaphragmatic muscle, it's T4."", 'If there is any doubt about the invasion of these structures, additional tests or imaging should be done.']"
MESO,TCGA-LK-A4O5,TCGA-LK-A4O5.3592A658-BEB9-4DC5-9B27-D13D1552322A,T3,2.0,N0,0.0,"FINAL DIAGNOSIS: PART 1:PARIETAL PLEURA, RIGHT, RESECTION -. A. DIFEOSE MALIGNANT MESOTHELIOMA, EPITHELIAL TYPE, FOCAL TUBULOPAPILLARY PATTERN. INVADING INTO THE ADIPOSE TISSUE AND SKELETAL MUSCLES. B. FOCAL FOREIGN BODY GIANT CELL REACTION CONTAINING REFRACTILE MATERIAL SUGGESTIVE OF. PRIOR SURGERY. PART 2: SOFT TISSUE, OLD CHEST TUBE SITE, BIOPSY -. A. DIFFUSE MALIGNANT MESOTHELIOMA, EPITHELIAL TYPE WITH FOCAL TUBULOPAPILLARY PATTERN. INVADING INTO THE SKELETAL MUSCLES. B. FOCAL PERINEURAL INVASION PRESENT. C. FOCAL FOREIGN BODY GIANT CELL REACTION CONSISTENT WITH PRIOR SURGERY SITE. PART 3: SOFT TISSUE, CHEST WALL, RESECTION -. A. DIFFUSE MALIGNANT MESOTHELIOMA, EPITHELIAL TYPE WITH FOCAL FOREIGN BODY GIANT CELL. REACTION SUGGESTIVE OF PRIOR SURGERY. B. MESOTHELIOMA EXTENDS INTO THE SURROUNDING FAT, INVOLVES SKELETAL MUSCLES AND. PERIOSTEUM OF THE RIB, HOWEVER RIB IS FREE OF MALIGNANCY. C. PLEURAL MARGIN OF RESECTION INVOLVED BY MESOTHELIOMA. D. ANTERIOR CHEST WALL ADIPOSE TISSUE AND SKELETAL MUSCLES MARGIN - FREE OF MALIGNANCY. PART 4: SEGMENT OF RIB, SIXTH, RESECTION -. SEGMENT OF RIB AND SKELETAL MUSCLES - FREF OF MALIGNANCY. PART 5: SOFT TISSUE, MEDIASTINAL PLEURA, RESECTION -. DIFFUSE MALIGNANT MESOTHELIOMA, EPITHELIAL TYPE WITH FOCAL FOREIGN BODY GIANT CELL. REACTION CONSISTENT WITH PRIOR SURGERY AND INVADING INTO THE FAT. PART 6: SOFT TISSUE, MEDIASTINAL PLEURA AND THYMUS, RESECTION -. A. DIFFUSE MALIGNANT MESOTHELIOMA, EPITHELIAL TYPE WITH TUBULOPAPILLARY PATTERN. B. FOCAL FOREIGN BODY GIANT CELL REACTION CONSISTENT WITH PRIOR SURGERY. C. MESOTHELIOMA IS INFILTRATING INTO THE ADIPOSE TISSUE. D. AJCC 7TH EDITION PATHOLOGIC TUMOR STAGE: pT3 NX MX AND HISTOLOGIC GRADE G2. COMMENT: Immunostains performed on the block 3C reveal the following findings: TTF-1 - negative. B72.3 (TG72) - negative. BerEP4 - negative. LeuM1 - negative. cytokeratin 5/6 - positive I. calretinin - positive. D2 40 -focal positiverstalring/. WT1-positive. T. In addition mucicarnine stain is negative. It shows occasional focal PAS stain with diastase positive staining. In view of these findings. the diagnosis of mesothelioma is supported. Select slides from this case are reviewed with. agrees with the above intérpretation. CASE SYNOPSIS: SYNOPTIC DATA; PRIMARY MESOTHELIOMA. SPECIMEN: Pleura. Other: rib. PROCEDURE: Pleurectorny. SPECIMEN INTEGRITY. Disrupted. SPECIMEN, ATERALITY: Right. TUMOR SITE: 1. Parietal pleura. Visceral,pleura. Other: rib. TUMOR FOCALITY: Diffuse. HISTOLOGIC TYPE: Epithelioid mesothelloma. TUMOR EXTENSION: Parietal pleura with focal involvement of ipslateral visceral pleura. si. $. Diffuse or multiple foci invading soft tissue of chest wall. MARGINS: Cannot be assessed. TREATMENT EFFECT: Not applicable. PATHOLOGICSTAGING (pTNM). pT3. pNX. Number examined: 0. pM Not applicable. ADDITIONAL PATHOLOGIC FINDINGS: None identified. ANCILLARY.STUDIES. Immumohistochemical stain(s). Histochemical stain(s).","1. The tumor is present in the ipsilateral parietal pleura (part 1 of the pathology report) and has invaded the adipose tissue and skeletal muscles (part 1). This matches the description for T3 in our long-term memory (AJCC 7th-aligned) as the tumor has invaded the chest wall.   
2. The tumor also extends into the surrounding fat, involves skeletal muscles and periosteum of the rib (part 3), but the rib itself is free of malignancy (part 4). This is still consistent with T3 as the rib invasion is not mentioned in our long-term memory for T4.   
3. Lastly, the tumor is infiltrating into the adipose tissue in the mediastinal pleura (part 5), but the AJCC 7th edition pathologic tumor stage given in the report is pT3 NX MX, which aligns with our reasoning.   
4. Therefore, based on the information provided in the pathology report and using the AJCC 7th edition staging manual as a guide, the final predicted T stage for this mesothelioma cancer is **T3**.",T3,,,,,False,"['If the tumor is limited to the ipsilateral parietal pleura, it might be T1.', ""If the tumor has invaded the diaphragm, it's T3."", ""If the tumor has invaded the lung, it's T3."", ""If the tumor has invaded the chest wall, mediastinal fat, pericardium, heart, or diaphragmatic muscle, it's T4."", 'If there is any doubt about the invasion of these structures, additional tests or imaging should be done.']"
MESO,TCGA-UT-A88G,TCGA-UT-A88G.0A21CA31-B711-4E7D-8616-7F0A064C1A03,T3,2.0,N0,0.0,"STUDY ID: Requested : Sex : Mate. Printed : Ph. The following test has been amended. HISTOPATHOLOGY REPORT : CLINICAL NOTES: Asbestos +ve history. Right pleural effusion ? meso. MACROSCOPIC: 'Parietal pleura'. The specimen consists of multiple pink pieces of tissue measuring between 3mm and 10mm in Inaximar. dimension. Several of the larger pieces bare firm pink nodules measuring between 3mm and 7mm in maximal dimension. Representative sections. (Block A - 6p, B - 5p). MICROSCOPIC: Surger. The specimen consists of portions of pleura which show a surface micropapillary and infiltrating malignant tumour with. features which favour malignant mesothelloma of epithelial type. On the surface of the pleura the malignant cells are. arranged in microacinar groups and micropapillary tufts andithe constituent cells have enlarged nuclei with focally prominent. Norma. nucleoli with a variable amount of eosinophilic to clear cytoplasm. The cells infiltrate thickened fibrotic pleura and encroach. on pleural fat. In some areas the stroma is slightly myxold and contains elongated spindle cells raising the possibility of a. biphasic component. There are scattered psammoma bodles. No-Action. File. No intracytoplasmic mucin is seen on PAS stain. Immunohistochemistry will be performed and a further report will follow. Contac. DIAGNOSIS: RIGHT PARIETAL PLEURA. MALIGNANT INFILTRATE, FAVOUR MALIGNANT MESOTHELIOMA. See. SUPPLEMENTARY REPORT dated. See File. Immunohlstochemistry has been performed. The surface micropapillary component and the epithellold component shows strong positive staining for calretinin. This stain. Continur. also shows positive staining of the spindle cells in the desmoplastic component and the deeper levels highilght a greater. Treatmer. proportion of this component. The stains for CK 5/6 and HBME1 also show a similar pattern of staining. The epithellal. component stains positively for the lymphatic marker with no significant staining for CEA, TTF-1 or MOC31. The pattern of differentiation and the Immunohistochemical profile are consistent with malignant mesothelloma of epithellal. and biphasic types. DIAGNOSIS: RIGHT PARIETAL PLEURA. MALIGNANT MESOTHELIOMA, EPITHELIAL AND BIPHASIC TYPES. End of amendment.","The pathology report indicates that the tumor is a malignant mesothelioma, involving the right parietal pleura. There is no mention of invasion into the diaphragm, lung, chest wall, mediastinal fat, pericardium, heart, or diaphragmatic muscle. However, the report does mention that the tumor infiltrates thickened fibrotic pleura and encroaches on pleural fat. According to the AJCC 7th edition rules, encroachment on pleural fat would classify the tumor as T3. But there is some ambiguity in the report as it does not clearly state whether the tumor has invaded the pleural fat or just encroaches it. In the absence of clear evidence of invasion into the pleural fat or any other structures, I would be inclined to classify this as T2, as the tumor is limited to the pleura but has reached or crossed the mediastinal surface. However, given the ambiguity, additional tests or imaging should be done to confirm the extent of the tumor.",T2,,,,,False,"['If the tumor is limited to the ipsilateral parietal pleura, it might be T1.', ""If the tumor has invaded the diaphragm, it's T3."", ""If the tumor has invaded the lung, it's T3."", ""If the tumor has invaded the chest wall, mediastinal fat, pericardium, heart, or diaphragmatic muscle, it's T4."", 'If there is any doubt about the invasion of these structures, additional tests or imaging should be done.']"
MESO,TCGA-MQ-A4LJ,TCGA-MQ-A4LJ.19CD856A-FF63-412E-BB66-E49415C63D94,T2,1.0,N1,1.0,"Result date: , SPECIMEN DESCRIPTION. SPECIMEN DESCRIPTION. (NOTE). SUBCUTANEOUS NODULE. CHEST TUBE SCAR. THORACOTOMY SCAR. SUBCUTANEOUS NODULE. PLEURA. FISSURE. PERICARDIAL NODULE. PHRENIC NERVE. SUBAORTIC LYMPH NODE. AORTIC LYMPH NODE. LEVEL 7. LEVEL 9. DIAPHRAMATIC SULCUS. PATHOLOGY NO. : HOSPITAL NO.: : ACCOUNT NO.: M. DATE RECEIVED: PHYSICIAN (S) : DIAGNOSIS: A. CLINICALLY FROM ""SUBCUTANEOUS NODULE"": FIBROCONNECTIVE TISSUE AND SKELETAL MUSCLE WITH REACTIVE CHANGES AT THE. PREVIOUS OPERATION SITE INCLUDING SUTURE GRANULOMAS AND FIBROSIS. NO TUMOR IS SEEN. B. CLINICALLY FROM ""CHEST TUBE SCAR"": SKIN AND SUBCUTANEOUS TISSUE WITH REACTIVE CHANGES INCLUDING FIBROSIS, FAT. NECROSIS AND GRANULATION TISSUE FORMATION. NO TUMOR IS SEEN. C. CLINICALLY FROM ""THORACOTOMY SCAR"": SKIN AND SUBCUTANEOUS TISSUE WITH REACTIVE CHANGES INCLUDING FIBROSIS, FAT. NECROSIS AND GRANULATION TISSUE TYPE REACTION. NO TUMOR IS SEEN. D. CLINICALLY FROM ""SUBCUTANEOUS NODULE"": ADIPOSE TISSUE WITH MILD REACTIVE CHANGES. NO TUMOR IS SEEN. E. PLEURA; PLEURECTOMY: MALIGNANT MESOTHELIOMA, EPITHELIOID WITH TUBULOPAPILLARY PATTERN AND PROMINENT. GLAND FORMATION. F. CLINICALLY FROM ""FISSURE"", BIOPSY: MALIGNANT MESOTHELIOMA WITH PROMINENT TUBULOPAPILLARY PATTERN, ASSOCIATED WITH. MILD ACUTE AND CHRONIC INFLAMMATION. G. CLINICALLY FROM ""PERICARDIAL TISSUE"", BIOPSY: MALIGNANT MESOTHELIOMA WITH PROMINENT GLANDULAR FORMATION INVOLVING. FIBROADIPOSE TISSUE. H. NERVE, PHRENIC; EXCISION: SEGMENT OF NERVE AND SURROUNDING FIBROCONNECTIVE TISSUE WITH NO SIGNIFICANT. HISTOLOGIC ALTERATION. NO TUMOR IS SEEN. I. LYMPH NODE, SUBAORTIC, EXCISION: ONE NEGATIVE LYMPH NODE (0/1) : J. LYMPH NODE, AORTIC, EXCISION: METASTATIC MALIGNANT MESOTHELIOMA, A MINUTE FOCUS OF, INVOLVING THE SINUSES OF. ONE OF TWO LYMPH NODES (1/2, MICROSCOPIC) . K. LYMPH NODES, LEVEL 7, EXCISION: FIVE NEGATIVE LYMPH NODES (0/5) . L. LYMPH NODES, LEVEL 9, EXCISION: METASTATIC MALIGNANT MESOTHELIOMA INVOLVING THREE OF THREE LYMPH NODES (3/3) . THE TUMOR INVOLVES PERINODAL VESSELS. M. CLINICALLY FROM ""DIAPHRAGMATIC SULCUS"": MALIGNANT MESOTHELIOMA, EPITHELIOID TYPE WITH TUBULOPAPILLARY FEATURES. SPECIMEN: A SUBCUTANEOUS NODULE. B CHEST TUBE SCAR. C THORACOTOMY SCAR. D SUBCUTANEOUS NODULE. E PLEURA. F FISSURE. G PERICARDIAL NODULE. H PHRENIC NERVE. I. SUBAORTIC LYMPH NODE. J AORTIC LYMPH NODE. K LEVEL 7. L LEVEL 9. M DIAPHRAGMATIC SULCUS. OPERATION: L PNEUMONECTOMY. PRE-OP DIAGNOSIS: MESOTHELIOMA. POST-OP DIAGNOSIS: SAME. CLINICAL DATA: NOT GIVEN. GROSS DESCRIPTION: Received fresh for frozen section labeled subcutaneous. nodules is one fragment of fibroadipose tissue measuring 1.5 x 1 x 0.3 cm. Entirely submitted for frozen section in one block. FROZEN SECTION DIAGNOSIS: FIBROSIS AND REACTIVE INFLAMMATORY CHANGES WITH. FOREIGN BODY TYPE GIANT CELLS. NO EVIDENCE OF MESOTHELIOMA. REPORTED TO THE o. R. BY DR. B. Received fresh labeled chest tube scar is an ellipse of white wrinkled skin. measuring 5 x 2 and extending to a depth of 1.5 cm. A 1.7 old scar is present. and a 2 cm incision is also present in the skin. The specimen is inked and. serially sectioned. Representative sections are submitted in two cassettes. c. Received fresh labeled thoracotomy scar is an ellipse of white-pink skin. measuring 11 x 2 cm and extending to a depth of 2 cm, 5 cm old scar is present. on the skin surface. The specimen is inked and serially sectioned. Representative sections are submitted in one cassette. D. Received fresh labeled subcutaneous nodule is one fragment of adipose tissue. measuring 5 x 3.5 x 1 cm. This is inked and serially sectioned. The cut. surface is homogeneous, lobulated and adipose. Representative sections are. submitted in one cassette. E. Received fresh labeled pleural is one fragment of fibroadipose tissue. measuring 35 x 20 x 1.5 cm. The specimen is serially sectioned and the cut. surface is diffusely white, indurated with a thickness varying from 0.7 x 1.5. cm. It is also multinodular, showing multiple white-tan, indurated nodules. A. hemorrhagic and fibropurulent exudate is present focally. Sections for EM and. frozen tissue bank are taken. Representative sections are submitted in 12. cassettes. There is also, in the same container, multiple fragments of. pink-tan granular and membranous tissue aggregating to 6 x 2 x 0.5 cm. Representative sections are submitted in cassettes 13, 14 and 15. F. Received fresh labeled fissure are two membranous fragments of pink-tan. granular and rubbery tissue measuring 2.5 x 2.5 x 0.2 cm and 2 x 1 x 0.2. cm. Representative sections are submitted in one cassette. G. Received fresh labeled pericardial nodule is one fragment of fibroadipose. tissue measuring 3 x 2 x 0.3 cm. An 0.5 x 0.5 area of fibrosis is identified. Representative sections are submitted in one cassette. H. Received fresh labeled phrenic nerve is one nerve measuring 15 cm in length. and 0.5 cm in diameter, stapled at one end, grossly unremarkable. This is. serially sectioned and representative section is submitted in one cassette. I. Received fresh labeled subaortic lymph node is one anthracotic lymph node. measuring 3 x 1.5 cm entirely submitted in one cassette. J. Received fresh labeled aortic lymph node is one fragment of fibroadipose. tissue measuring 5 x 2.5 x 1 cm. Two lymph nodes are identified, measuring. from 0.5 to 1 cm. Grossly unremarkable and submitted as follows: 1-three possible lymph nodes,. 2-one lymph node bisected. K. Received fresh labeled level 7 are multiple fragments of dark brown and. pink tissue aggregating to 2.5 x 1.5 x 0.5 cm. Entirely submitted in two. cassettes. L. Received fresh labeled level 9 are three lymph nodes measuring from 0.5 to. 2 cm. One lymph node measuring 1.2 cm is entirely replaced by tumor. The. lymph nodes are submitted as follows: 1-two possible lymph nodes,. 2-one lymph node bisected. M. Received fresh labeled diaphragmatic sulcus are multiple segments of. multinodular pink-tan indurated tissue aggregating to 10 x 5 x 1 cm. The cut. surface is white and indurated. Representative sections are submitted in two. cassettes. Completed Action List:","1. The report describes findings from various specimens, including subcutaneous nodules, chest tube scar, thoracotomy scar, pleura, fissure, pericardial nodule, phrenic nerve, supraclavicular lymph nodes, and diaphragmatic sulcus. The specimens from the subcutaneous nodules, chest tube scar, thoracotomy scar, and one of the subcutaneous nodules do not contain tumor, as per the pathology report. Thus, these are not considered for T staging.   
2. The pleura specimen shows malignant mesothelioma with a tubulopapillary pattern and prominent gland formation (epithelioid type). This is a T3 or T4 stage, depending on whether it has invaded the lung. The report does not mention lung invasion, so we cannot confirm T3 at this point.   
3. The fissure biopsy also shows malignant mesothelioma with a prominent tubulopapillary pattern. This is also a T3 or T4 stage, depending on whether it has invaded the lung. Again, the report does not mention lung invasion, so we cannot confirm T3 at this point.   
4. The pericardial nodule biopsy shows malignant mesothelioma with prominent glandular formation involving fibroadipose tissue. This is a T4 stage, as it has invaded the pericardium.   
5. The phrenic nerve does not contain tumor.   
6. The supraclavicular lymph nodes show metastatic malignant mesothelioma in one of two nodes (microscopic) and in three of three nodes (macroscopic). This indicates a T4 stage, as it shows distant metastasis.   
7. The diaphragmatic sulcus specimen shows malignant mesothelioma, epithelioid type with tubulopapillary features. This is a T4 stage, as it has invaded the diaphragm.   
8. Based on the above findings, the T stage is T4, as the tumor has invaded the pericardium, diaphragm, and distant lymph nodes.",T4,,,,,False,"['If the tumor is limited to the ipsilateral parietal pleura, it might be T1.', ""If the tumor has invaded the diaphragm, it's T3."", ""If the tumor has invaded the lung, it's T3."", ""If the tumor has invaded the chest wall, mediastinal fat, pericardium, heart, or diaphragmatic muscle, it's T4."", 'If there is any doubt about the invasion of these structures, additional tests or imaging should be done.']"
MESO,TCGA-TS-A8AY,TCGA-TS-A8AY.86750CA3-218B-4F37-BAB7-CCED5112C826,T3,2.0,N1,1.0,"Print Date: Date Collected: Date Received. years Sex: Female. Accession NI. S u r g i C a I P a t h O I O g y R 0 p O r t. Accession Number Collection Date/Time. Received Date/Time. Verified Date/Time. Clinical Information. year old female with mesothelioma; Left Thoracotomy, Bronchoscopy, PDT, Total Pleurectomy. Final Diagnosis. 1. PREVIOUS INCISION: Skin and underlying soft tissue with changes consistent with previous site, no tumor seen. Calretinin stain confirms absence of mesothelioma. 2. RIB: Bone with trilinear bone marrow formation and tenosynovial type soft tissue and fibromuscular soft tissue, no tumor seen. 3. PERIAORTIC TISSUE: Fibrofatty soft tissue, no tumor seen. 4. LEVEL 5: Sections of lymph node, no tumor seen. CK5/6 stain confirms. 5. PHRENIC NERVE: Fibrofatty soft tissue with prominent peripheral nerve fibers and significant acute inflammation. Fragment of soft tissue with presence of mesothelioma. 6. LEVEL 7: Sections of lymph node, tumor present. Calretinin stain confirms. 7. LEVEL 5/6: Sections of lymph node, no tumor seen. CK5/6 stain confirms. 8. POSTERIOR INTERCOSTAL: Sections of lymph node, tumor present. Calretinin stain confirms. 9. PLEURA: Mesothelioma, epithelioid type, closely associated but not invading lung tissue. Tumor comes close to skeletal muscle. No definite muscle invasion identified (9C). Print Date: Date Collected: Date Received:4. ge: years Sex: Female. Accession No. S u r g i C a I P a t h 0 I O g y R e p 0 r t. Accession Number Collection Date/Time. Received Date/Time. Verified Date/Time. The tumor is positive for D2-40, calretinin, AE1-3, CK5/6 and WT1 and negative for CEA, MOC 31 TTF1 and CD15,. confirming presence of mesothelioma. 10. INTERLOBAR NODE: Sections of lymph node, no tumor seen. CK5/6 stain confirms. The case material was reviewed and the report verified by: (Electronic signature). Verification Date: Note. Mesothelioma. Histologic Type. Epithelioid mesothelioma. Margins. Cannot be assessed. Lymph nodes. Specify: Number examined: 5 levels. Number involved: 2 levels. Pathologic Staging (pT3 N1 Mx). Staging discussed with surgeon. Frozen Section Diagnosis. FS1: Scar: No tumor seen at area of skin scar marked by surgeon. FS2: Periaortic Tissue: No tumor seen. Dx Called To: Print Date: Date Collected: Date Received: )ga: years Sex: Female. Accession Nol. S u r g i C a I P a t h 0 I O g y. R e p 0 r t. Accession Number Collection Date/Time. Received Date/Time. Verified Date/Time. Gross Description. The case is received in 10 containers, each labeled with the patient's name and medical record number. Specimen #1 is received fresh for frozen section, designated as ""Previous Incision"" and consists of a 12.3 X 0.6 cm skin. ellipse excised to a depth of 1.2 cm. The skin surface is tan-white, wrinkled and slightly puckered. The specimen has been. oriented by the surgeon with a stitch on an area of interest, which is submitted entirely for frozen section as FS1 and the. frozen section control is submitted in cassette 1A. Additional representative sections of the remainder of the specimen are. submitted in cassette 1B. Specimen #2 is received in formalin, designated as ""Rib"" and consists of four cylindrical portions of rib ranging from 1.9 to. 5.7 cm in length and averaging 1.2 cm in diameter. There is a moderate amount of attached red-brown, rubbery muscle. Sectioning reveals tan-red, trabeculated cut surfaces. No discrete masses are grossly identified. Representative sections. are submitted in cassette 2A following decalcification. Specimen #3 is received fresh for frozen section, designated as ""Peri-Aortic Tissue"" and consists of a 0.3 X 0.3 X 0.2 cm. tan-white to tan-yellow, irregular soft tissue fragment, which is submitted entirely for frozen section as FS2 and the frozen. section control is submitted in cassette 3A. Specimen #4 is received in formalin, designated as ""Level 5"" and consists of a 1.2 X 0.9 X 0.9 cm gray-black, indurated,. nodular soft tissue fragment, which is bisected to reveal gray-black, dense cut surfaces. The specimen is submitted. entirely in cassette 4A. Specimen #5 is received in formalin, designated as ""Phrenic Nerve"" and consists of two ragged and irregular to roughly. cylindrical tan-grey, glistening soft tissue fragments measuring 2.9 and 15.7 cm in greatest dimension. The specimen is. serially sectioned and submitted entirely in cassettes 5A and 5B. Specimen #6 is received in formalin, designated as ""Level 7"" and consists of a 1.0 x 1.0 x 0.8 cm tan-gray, nodular soft. tissue fragment, which is bisected to reveal tan-gray, dense cut surfaces. The specimen is submitted entirely in cassette. 6A. Specimen #7 is received in formalin, designated as ""Level 5/6"" and consists of a 3.6 x 2.2 X 0,9 cm fragment of tan-yellow. adipose tissue, which incorporates four rubbery, possible lymph node ranging from 0.9 to 1.6 cm in greatest dimension. The specimen is submitted entirely in cassettes 7A. Specimen #8 is received in formalin, designated as ""Posterior Intercostal"" and consists of three tan-yellow, irregular soft. tissue fragments ranging from 0.3 to 1.7 cm in greatest dimension. The larger fragment is bisected to reveal tan-gray,. Print Date: Date Collected. Date Received:<. ge: years Sex: Female. Accession No. S u r g i C a. I. P. a. t. h. 0. I. O. g. y. R e p 0 r t. Accession Number Collection Date/Time. Received Date/Time. Verified Date/Time. glistening and cut surfaces. The larger fragment is submitted entirely in cassette 8A and the remaining two soft tissue. fragments are submitted in toto in cassette 8B. Specimen #9 is received in formalin, designated as ""Pleura"" and consists of a 25.7 x 12.7 x 5.8 cm ragged and irregular. portion of tan-gray, firm tissue which have a moderate amount of attached red-brown, rubbery muscle, tan-white. tendinous tissue and tan-yellow, lobulated adipose tissue. Sectioning reveals tan-white to tan-pink, firm, lobulated,. glistening thickened areas, measuring up to 8.7 x 6.5 x 1.7 cm. Representative sections are submitted in cassettes 9A. through 9E. Specimen #10 is received in formalin, designated as ""Interlobar Node"" and consists of two tan-gray, rubbery, nodular to. ragged and irregular soft tissue fragments measuring 1.9 and 3.7 cm in greatest dimension. The larger fragment. incorporates four possible lymph nodes ranging from 1.2 to 2.2 cm in greatest dimension. Each possible lymph node is. bisected and submitted entirely in cassettes 10A through 10E, respectively. Pathologist(s). Nam.","The pathology report describes the findings from various specimens taken during a left thoracotomy, bronchoscopy, photodynamic therapy (PDT), and total pleurectomy. The patient is a female with mesothelioma. Let's go through the AJCC 7th edition T stage criteria using the information provided in the report. 

T1: The tumor is limited to the ipsilateral parietal pleura. 
T2: The tumor invades the visceral pleura. 
T3: The tumor invades the lung, diaphragm, or mediastinal fat. 
T4: The tumor invades the chest wall, pericardium, heart, or any mediastinal organ. 

1. Specimen #1, Previous Incision: No tumor seen. 
2. Specimen #2, Rib: No tumor seen. 
3. Specimen #3, Periaortic Tissue: No tumor seen. 
4. Specimen #4, Level 5: No information on pleural invasion. 
5. Specimen #5, Phrenic Nerve: Tumor present in soft tissue fragment, but no information on invasion into the nerve itself. 
6. Specimen #6, Level 7: Tumor present. 
7. Specimen #7, Level 5/6: No tumor seen. 
8. Specimen #8, Posterior Intercostal: Tumor present. 
9. Specimen #9, Pleura: Mesothelioma present, closely associated but not invading lung tissue. 
10. Specimen #10, Interlobar Node: No tumor seen. 

The report does not provide enough information to conclude that the tumor has invaded the lung, diaphragm, chest wall, pericardium, heart, or any mediastinal organ. The tumor is present in the pleura (Specimen #9) but does not seem to invade the lung. The tumor has invaded the phrenic nerve (Specimen #5), but the report does not specify if the invasion is muscular or neural. Therefore, we cannot classify it as T4. 

Considering the information provided, the T stage for this patient would be either T1 (if the tumor is limited to the ipsilateral parietal pleura) or T2 (if the tumor invades the visceral pleura). Since the report does not explicitly state whether the tumor is limited to the parietal pleura or has invaded the visceral pleura, we cannot definitively assign a T stage. However, given the close association of the tumor with the lung in Specimen #9, it is more likely that this patient falls under T2. But without explicit information on visceral pleura invasion, we cannot rule out T1 entirely.",T2 (with low confidence),,,,,False,"['If the tumor is limited to the ipsilateral parietal pleura, it might be T1.', ""If the tumor has invaded the diaphragm, it's T3."", ""If the tumor has invaded the lung, it's T3."", ""If the tumor has invaded the chest wall, mediastinal fat, pericardium, heart, or diaphragmatic muscle, it's T4."", 'If there is any doubt about the invasion of these structures, additional tests or imaging should be done.']"
MESO,TCGA-LK-A4NW,TCGA-LK-A4NW.9FA130FA-B7F3-44C9-824D-4B332B72CB3E,T4,3.0,N2,2.0,"FINAL DIAGNOSIS: PARTS 1 AND 2: SKIN AND CHEST WALL, ""CHEST WALL MASS"" AND ""CHEST WALL MASS DEEP ASPECT"",. EXCISION -. FISTULA TRACT ASSOCIATED WITH FOREIGN-BODY GIANT CELL REACTION, GRANULATION TISSUE, FAJ. NECROSIS, AND SCAR, ASSOCIATED WITH MALIGNANT MESOTHELIOMA WITHIN THE PERI-FISTULA TRACT. CONNECTIVE TISSUE AND ADIPOSE TISSUE. PART 3: BONE, 7TH RIB, RESECTION -. PORTIONS OF BONE AND BONE MARROW WITH NO SIGNIFICANT ABNORMALITY. PART 4: PLEURA, ""PLEURAL MASS"", BIOPSY -. DIFFUSE MALIGNANT MESOTHELIOMA, TUBULOPAPILLARY TYPE (see comment). PART. 5: BRONCHUS, LEFT SECONDARY CARINA, BIOPSY -. FRAGMENTS OF BRONCHIAL MUCOSA WITH CHRONIC INFLAMMATION. GROCOTT AND TRICHROME. STAINS. ARE NEGATIVE. CORRELATION WITH CULTURE RESULTS SUGGESTED. NO EVIDENCE OF MALIGNANCY. PART 6: DIAPHRAGM, ""DIAPHRAGMATIC NODULE"", BIOPSY -. DIFFUSE MALIGNANT MESOTHELIOMA, TUBULOPAPILLARY TYPE. PART. 7: LYMPH NODE, ""LEVEL 7 LYMPH NODE"", BIOPSY -. A. ONE (1) OF THREE (3) LYMPH NODES WITH MICROSCOPIC SUBCAPSULAR AGGREGATES OF CELLS. CONSISTENT WITH METASTATIC MALIGNANT MESOTHELIOMA. B. PERI-NODAL SOFT TISSUE IMPLANTS OF MALIGNANT MESOTHELIOMA. PART 8: PLEURA, ""ANTERIOR THYMIC PLEURA"", BIOPSY -. DIFFUSE MALIGNANT MESOTHELIOMA ASSOCIATED WITH ACUTE AND ORGANIZING PLEURITIS. PART. 9: LYMPH NODES, ""LEVEL 5 LYMPH NODES"", BIOPSY -. A. TWO (2) OF FOUR (4) LYMPH NODES WITH SUBCAPSULAR MICROSCOPIC FOCI OF METASTATIC. MALIGNANT MESOTHELIOMA. B. PERI-NODAL SOFT TISSUE IMPLANTS OF MALIGNANT MESOTHELIOMA. PARTS 10, 11, 12, 13, 14, 15. 16, 17, 18, 19 AND 20: PLEURA, ""PARAPHRENIC MASS"", ""DIAPHRAGMATIC TUMOR"",. ""HILAR TISSUE"", ""TUMOR"". ""PERICARDIAL FAT PAD"", ""THYMUS PARAMAMMARY"", ""THYMUS"", ""PLEURAL. MASS"", ""POSTERIÓR DIAPHRAGMATIC SULCUS TUMOR"", PERICARDIUM"", AND ""PHRENIC AREA"",. BIOPSIES -. DIFFUSE MALIGNANT MESOTHELIOMA ASSOCIATED WITH ACUTE FIBRINOUS AND ORGANIZING PLEURITIS. COMMENT: The diffuse malignant mesothelioma shows characteristic tubulopapillary growth pattern, associated with extensive. pleural and angiolymphatic infiltration. Immunostains show a typical pattern of staining for malignant mesothelioma. within neoplastic cells expressing nuclear calretiniri, cytokeratin 5/6, thrombomodulin, D2-40, and WT-1, and failing to. express TTF-1, CEA, B72.3, Leu-M1, PSA, thyroglobulin, and CDX-2. Focal expression of BerEP4 is présent. Histochemical stains show glycogen expression with PAS stains, but no intracytoplasmic neutral mucin production with. diastase pre-digestive PAS stains. Overall, this histomorphology and immunophenotype is characteristic of a diffuse. malignant mesothelloma. Samples of the level-7 and level-5 lymph nodes show occasional cells within the subcapsular sinus of the nodes,. documented by cytokeratin stains. For this reason, we would stage this pleural mesothelioma as a T4N1 malignant. mesothelioma. Addendum. This case has been reviewed at the. where the diagnosis. of malignant mesothelioma was confirmed. Addendum. Probe: LSI 9p21/CEP9 Dual Color Probe. Cytogenetic Location: 9p21; Centromere 9. Probe Description: LSI 9p21 dual color DNA probe hybridizes to the band. 9p21 and the centromere of chromosome 9, This probe may be useful for the detection of the p16 region associated with. 9p21. The SpectrumOrange LSI p16 probe spans approximately 190 kb and contains a number of genetic loci including. D9S1749, D9S1747, p16(INK4A), p14(ARF), D9S1748, p15(INK4B) and D9S1752,. # Cells Analyzed: 75. Ratio p16/CEP9: 0.0. % Cells deleted: 100%. Hemizygous loss: 0%. Homozygous loss: 100%. Complex loss: 0%. % Hyperdiploid: 0%. These results are much more common in malignant mesothelioma than any other primary pleuropulmonary neoplasm."," 1. The pathology report indicates that there is a chest wall mass, which has invaded the chest wall (part 1). This meets the criteria for a T4 tumor based on the long-term memory.  2. The report also mentions that there is involvement of the diaphragm (part 6), which further supports the T4 staging.  3. There is no mention of invasion into the lung, mediastinal fat, pericardium, heart, or diaphragmatic muscle in the report, but the confirmed invasion of the chest wall and diaphragm is sufficient for a T4 stage.  4. Therefore, based on the information provided in the pathology report and using the AJCC 7th edition staging manual as a guide, the T stage for this mesothelioma cancer is T4.",T4,,,,,False,"['If the tumor is limited to the ipsilateral parietal pleura, it might be T1.', ""If the tumor has invaded the diaphragm, it's T3."", ""If the tumor has invaded the lung, it's T3."", ""If the tumor has invaded the chest wall, mediastinal fat, pericardium, heart, or diaphragmatic muscle, it's T4."", 'If there is any doubt about the invasion of these structures, additional tests or imaging should be done.']"
MESO,TCGA-UD-AABZ,TCGA-UD-AABZ.FA7A0AF7-06C4-4F15-B3B6-8B9E39D526B2,T2,1.0,N0,0.0,"Printed. Sex: M. Date of Service: CLINICAL HISTORY: ? Mesothelioma ? Mucinous adenocarcinoma ? Lymphoma. Normal. MACROSCOPIC: File. 1. Left chest wall: Nodular piece of solid grey-white tissue. measuring 25mm x 20mm x 10mm. Slightly shiny cut surface (FS, A-D,. Notes. Requirer. 1r). 2. Left lingula: A wedge shaped section of lung tissue measuring 60mm. Motified. x 20mm x 10mm. A staple margin is seen at one edge. The pleural. surface shows a diffuse firm area of white thickening measuring 60mm x. Patrent. 10mm. The cut surface shows the lung parenchyma to be replaced by firm. Will Ca!. white tissue. FROZEN SECTION REPORT: Make. Appointm. 1. INVASIVE MALIGNANCY. Provisional diagnosis mesothelioma vs. adenocarcinoma. Await paraffin and IPOX for definite diagnosis. Prescripti. MICROSCOPIC: On Corte. 1. Paraffin sections confirm an infiltrating malignant epithelioid. Treatmer. neoplasm- with luminal formation. There are ragged nests and. infiltrating glandular type structures present with some focal areas of. Check "". Doctor. necrosis lying within a fibroblastic stroma. Some areas show a. sheet-like - growth pattern and large nested areas of growth also seen. The tumour appears predominantly infiltrative however there is also. Normal. some surface atypical proliferation with papillary pattern also. File. present. Notes. 2. Sections show infiltrating malignant tumour with overall similar. Require. appearance to that described in specimen 1. The tumour involves the. pleural surface and has breached the visceral pleural and extends into. Patrent. Notifiet. the underlying pulmonary parenchyma. Growth is on a broad front. Focal surface overlying fibrin exudation seen. There is also extension. Pauen. in small vascular spaces along the septae. Focally there is a visceral. Will Ca. pleural atypical papillary proliferation of mesothelial cells. Special. Make. stains of infiltrating tumour show mucin stains are negative without. Appointit. definite intracytoplasmic neutral mucin positivity. Immunoperoxidase. stains show infiltrating tumour CALRETININ positive, TTF- 1 negative,. Cotlec. Prescript. CAM 5.2 positive, CK 7 positive, CK20 patchy weak to moderate. positivity, EMA positive with cytoplasmic and rim positivity, AE 1/3. On Corr. positive, PSA negative, CD15 negative, CEA negative, CK5/6 patchy. Trezime. moderate positivity. Check "". Docto. M. Printed. M. Sex: M. - 3 -. Normal. File. CONCLUSION: 1. & 2. Left chest wall - and left lingula: MALIGNANT MESOTHELIOMA. Required. (nodular and diffuse growth pattern). Noilfied. Will Cart. Make. Appointment. Prescription. On Correct. Treatment. Check with. Docior. M."," 1. The pathology report indicates an infiltrating malignant epithelioid neoplasm with luminal formation, ragged nests, infiltrating glandular type structures, and focal areas of necrosis lying within a fibroblastic stroma. This is consistent with mesothelioma.  2. The tumor involves the pleural surface and has breached the visceral pleura, extending into the underlying pulmonary parenchyma. This indicates invasion of the lung (AJCC 7th T3).  3. There is no mention of invasion into the diaphragm, chest wall, mediastinal fat, pericardium, heart, or diaphragmatic muscle in the report.  4. Given the information provided, we cannot definitively determine if there is any doubt about the invasion of these structures, so additional tests or imaging should not be assumed.  5. Therefore, based on the AJCC 7th edition rules and the pathology report, the predicted T stage is T3.",T3,,,,,False,"['If the tumor is limited to the ipsilateral parietal pleura, it might be T1.', ""If the tumor has invaded the diaphragm, it's T3."", ""If the tumor has invaded the lung, it's T3."", ""If the tumor has invaded the chest wall, mediastinal fat, pericardium, heart, or diaphragmatic muscle, it's T4."", 'If there is any doubt about the invasion of these structures, additional tests or imaging should be done.']"
MESO,TCGA-3H-AB3S,TCGA-3H-AB3S.3A7D0D05-505C-4BA4-997E-E6BC9941BA72,T2,1.0,N0,0.0,"M. DIAGNOSIS. (A) PLEURAL IMPLANT: EPTHELIOID MALIGNANT MESOTHELIOMA. GROSS DESCRIPTION. (A) PLEURAL IMPLANT - Received are four fragments of gray-white to tan-pink soft tissue ranging from 0.6 x 0.5 x 0.5 cm up to. 2.0 x 1.3 x 0.6 cm. The specimen is submitted entirely. SECTION CODE: A1, three smaller fragments; A2, A3, larger fragment serially sectioned. CLINICAL HISTORY. None given. SNOMED CODES. T-29000, M-90503. ""Some tests reported here may have been developed and performance characteristics determined by. . These tests have not been. specifically cleared or approved by the U.S. Food and Drug Administration."". Entire report and diagnosis completed by: END OF REPORT-.","[{""step"": 1, ""description"": ""Examining the pathology report, we don't find any information about the invasion of specific structures such as the diaphragm, lung, chest wall, mediastinal fat, pericardium, heart, or diaphragmatic muscle.""}, {""step"": 2, ""description"": ""The report only mentions 'pleural implant' which refers to a tumor implanted or attached to the pleura, the lining of the lungs.""}, {""step"": 3, ""description"": ""Based on the given long-term memory (AJCC 7th-aligned), the tumor is limited to the ipsilateral parietal pleura, which corresponds to T1."", ""assumption"": ""No information about invasion of other structures.""}]",T1,,,,,False,"['If the tumor is limited to the ipsilateral parietal pleura, it might be T1.', ""If the tumor has invaded the diaphragm, it's T3."", ""If the tumor has invaded the lung, it's T3."", ""If the tumor has invaded the chest wall, mediastinal fat, pericardium, heart, or diaphragmatic muscle, it's T4."", 'If there is any doubt about the invasion of these structures, additional tests or imaging should be done.']"
MESO,TCGA-LK-A4O2,TCGA-LK-A4O2.D4751900-6378-445D-B82E-D9459A292CBF,T3,2.0,N0,0.0,"FINAL DIAGNOSIS: PARTS 1. AND. 2: PARIETAL PLEURA, RIGHT, BIOPSY -. DIFFUSE MALIGNANT MESOTHELIOMA, EPITHELIOID TYPE. COMMENT: The tumor cells are positive for calretinin, WT-1, D2-40 and cytokeratin 5/6 and negative for CEA, Ber-EP4, - 872.3 and. TTF-1. These results support the above diagnosis.","The pathology report provided does not contain information about the extent of the tumor's invasion, which is crucial for determining the T stage. The report only mentions that the sample was taken from the right parietal pleura and confirms the diagnosis of diffuse malignant mesothelioma, epithelioid type. \n\nTo determine the T stage, we must rely on prior cases, imaging studies, or additional information not provided in this report. Based on the AJCC 7th edition rules, we need to know if the tumor is limited to the ipsilateral parietal pleura (T1), has invaded the diaphragm or lung (T3), or has invaded the chest wall, mediastinal fat, pericardium, heart, or diaphragmatic muscle (T4).\n\nWithout this information, I cannot provide a definitive T stage. I would recommend reviewing the patient's medical records, imaging studies, and any other available data to accurately determine the T stage.","Unknown (T1, T2, T3, or T4)","{""reasoning"": ""The pathology report provided does not contain information about the extent of the tumor's invasion, which is crucial for determining the T stage. The report only mentions that the sample was taken from the right parietal pleura and confirms the diagnosis of diffuse malignant mesothelioma, epithelioid type. \\n\\nTo determine the T stage, we must rely on prior cases, imaging studies, or additional information not provided in this report. Based on the AJCC 7th edition rules, we need to know if the tumor is limited to the ipsilateral parietal pleura (T1), has invaded the diaphragm or lung (T3), or has invaded the chest wall, mediastinal fat, pericardium, heart, or diaphragmatic muscle (T4).\\n\\nWithout this information, I cannot provide a definitive T stage. I would recommend reviewing the patient's medical records, imaging studies, and any other available data to accurately determine the T stage."", ""stage"": ""Unknown (T1, T2, T3, or T4)""}",,,,False,"['If the tumor is limited to the ipsilateral parietal pleura, it might be T1.', ""If the tumor has invaded the diaphragm, it's T3."", ""If the tumor has invaded the lung, it's T3."", ""If the tumor has invaded the chest wall, mediastinal fat, pericardium, heart, or diaphragmatic muscle, it's T4."", 'If there is any doubt about the invasion of these structures, additional tests or imaging should be done.']"
MESO,TCGA-SC-A6LP,TCGA-SC-A6LP.EB455F1C-C1BC-45CA-898B-051739D39D1B,T2,1.0,N0,0.0,"MRNT. 9651/3. (Age: M. Clinical Diagnosis & History: year old male with right pleural effusion - questionable mesothelioma. Specimens Submitted: 1: Right pleural biopay (fs). 2: Right pleura biopsy. DIAGNOSIS: 1,. 2. Right pleura; biopay 1 (fs) and biopsy 2: Malignant mesothelioma, biphasic type, with epithelioid and. sarcomatoid components. See note. Note: Immunostains show that the tumor cells are positive CK7, WT1 (focal). and calretinin (focal), supporting the diagnosis. In this biopay, the. epithelioid component represents 20% and sarcomatoid component represents. 80% of the tumor. Some of the immunohistochemistry and ISH tests were developed and their. performance characteristica were determined by the. They have not been cleared or approved by the US Food and Drug. Administration. The FDA has determined that such clearance or approval is. not necessary. These tests are used for clinical purposes. They should not. be regarded as investigational or for research. This laboratory is certified. under the Clinical Laboratory Improvement Amendments of 1988 (CLIA '88) as. qualified to perform high complexity clinical laboratory testing. I ATTEST THAT THE ABOVE DIAGNOSIS IS BASED UPON MY PERSONAL EXAMINATION OF. THE SLIDES (AND/OR OTHER MATERIAL), AND THAT I HAVE REVIEWED AND APPROVED. THIS REPORT. Gross Description: 1) Received fresh and subsequently placed in formalin labeled ""right. pleural biopay"" is a 1.5 x 0.8 x 0.3 cm tan pink nodular fragment of rubbery. tissue, which is submitted in toto for frozen section diagnosis, and the. remidue from frozen section is submitted for permanent. Summary of sections: FSC froxen section control. 2) Che-specimen is received fresh, labeled ""Right_pleural biopay"" and. consists of a 1.6  1.5 x 0.5 cm aggregate of soft, irregular to alightly. nodular, tan-white tissue fragments. A representative section is submitted. to TPS and the remaining specimen is submitted for permanent. Summary of sections: RS -- remaining specimen. Summary of Sections: Part 1: Right pleural biopsy (fs). Block. Sect. Site. PCa. 1. FSC. 1. Part 2: Right pleura biopay. Block. Sect. Site. PCs. 1. RS. 6. Intraoperative Conaultation: Note: The diagnoses given in this section pertain only to the tissue. sample examined at the time of the intraoperative. conaultation. 1. FROZEN SECTION DIAGNOSIS: Nesothelioma. PERMANENT DIAGNOSIS. Same. Note: The diagnoses given in this section pertain only to the tissue. sample examined at the time of the intraoperative. consultation. 1. FROZEN SECTION DIAGNOSIS: Mesothelioma. PERMANENT DIAGNOSIS: Same.","The pathology report provides us with the diagnosis of malignant mesothelioma, but it does not include any information about the tumor's invasion of surrounding structures, which is crucial for determining the T stage. However, the long-term memory based on the AJCC Cancer Staging Manual (7th edition) provides us with guidelines to follow. Since the report does not mention invasion of the diaphragm, lung, chest wall, mediastinal fat, pericardium, heart, or diaphragmatic muscle, we cannot definitively assign a T stage based solely on this information. \n\nHowever, we can make an educated guess based on the fact that the tumor was found in the right pleural effusion. The T stage for mesothelioma is primarily determined by the extent of the tumor's invasion into surrounding structures. In this case, the tumor is limited to the ipsilateral parietal pleura (right side), which could suggest a T1 stage. But, since the report does not explicitly state that the tumor is limited to the pleura and has not invaded any other structures, we cannot definitively assign a T1 stage.  \n\nTherefore, based on the information provided, we can predict a T stage of T1 as the most likely, but we cannot definitively assign a T stage without further information about the tumor's invasion of surrounding structures.",T1,"{""reasoning"": ""The pathology report provides us with the diagnosis of malignant mesothelioma, but it does not include any information about the tumor's invasion of surrounding structures, which is crucial for determining the T stage. However, the long-term memory based on the AJCC Cancer Staging Manual (7th edition) provides us with guidelines to follow. Since the report does not mention invasion of the diaphragm, lung, chest wall, mediastinal fat, pericardium, heart, or diaphragmatic muscle, we cannot definitively assign a T stage based solely on this information. \\n\\nHowever, we can make an educated guess based on the fact that the tumor was found in the right pleural effusion. The T stage for mesothelioma is primarily determined by the extent of the tumor's invasion into surrounding structures. In this case, the tumor is limited to the ipsilateral parietal pleura (right side), which could suggest a T1 stage. But, since the report does not explicitly state that the tumor is limited to the pleura and has not invaded any other structures, we cannot definitively assign a T1 stage.  \\n\\nTherefore, based on the information provided, we can predict a T stage of T1 as the most likely, but we cannot definitively assign a T stage without further information about the tumor's invasion of surrounding structures."", ""stage"": ""T1""}",,,,False,"['If the tumor is limited to the ipsilateral parietal pleura, it might be T1.', ""If the tumor has invaded the diaphragm, it's T3."", ""If the tumor has invaded the lung, it's T3."", ""If the tumor has invaded the chest wall, mediastinal fat, pericardium, heart, or diaphragmatic muscle, it's T4."", 'If there is any doubt about the invasion of these structures, additional tests or imaging should be done.']"
MESO,TCGA-3U-A98E,TCGA-3U-A98E.11FB2902-12C0-4F01-ADF1-172E8736B378,T4,3.0,N2,2.0,"Samp le #. Fema le. Race: white. Report Date: Tissue Procurement Date: FINAL PATHOLOGIC DIAGNOSIS. A. Aortic adventitia; excision: - Infiltrating malignant mesothelioma. B. Lymph node, AP window; excision: - Metastatic malignant mesothelioma in two of six lymph nodes (2/6). c. Pericardial cyst; excision: - Pericardial cyst. - Deposit of malignant mesothelioma (4 mm) in pericardial fat. D. Lymph node, #7; excision: - one lymph node, no tumor (0/1). E. Pleura, left; pleurectomy: - Epithelioid malignant mesothelioma, see parameters below. Thoracic Mesothelioma Pathologic Parameters. Pleura/Pericardium, Resection. MACROSCOPIC. Specimen Type: Pleural resection. Tumor Site: Left pleura and pericardium. Tumor Configuration and Size: Diffuse, with two dominant nodules, larger 9.5 x. 5.5 cm and second 4.0 x 3.5 cm. MICROSCOPIC. Histologic Type: Epithelioid (epithelial) mesothelioma, tubulopapillary and. deciduoid types. Tumor Extension: Into mediastinal fat. Into pericardial fat. Mediastinal organ: Aortic adventitia. Venous/Lymphatic Invasion: Indeterminate. Margins: Cannot be assessed. Pathologic Staging (pTNM) : pT4, N2, MX. Primary Tumor (pT). pT4: Tumor (locally advanced technically unresectable) involves any of the. ipsilateral pleural surfaces, with at least lof the following: diffuse or. multifocal invasion of soft tissues of the chest wall, any involvement of rib,. invasion through the diaphragm to the peritoneum, invasion of any mediastinal. organ(s), direct extension to the contralateral pleura, invasion into the spine,. extension to the internal surface of the pericardium, pericardial effusion with. positive cytology, invasion of the myocardium. Regional Lymph Nodes (pN). pN2: Metastases in the subcarinal lymph node(s) and/or the ipsilateral. internal. mammary or mediastinal lymph node (s). Specify: Number examined: 7. Number involved: 2. Distant Metastasis (pM) : pMX: Cannot be assessed. Effective January 1, 2010 this Checklist utilizes the 7th edition TNM staging. system for pleural mesothelioma of the American Joint Committee on Cancer (AJCC). and the International Union Against Cancer (UICC). M.D. Interpretation performed by the Attending Pathologist and reviewed with the. Resident/Fellow, , M.D. M.D. Clinical History: The patient is a. year old female with mesothelioma who undergoes left. thoracotomy. Specimens Received: A: Aortic adven tissue. B: AP window node. C: Pericardium cyst; removal. D: #7 lymph node. E: Left pluera. Gross Description: Received are five containers, each labeled with the patient's name and medical. record number. A. Container A is further designated ""1. Aortic adven tissue."" Received fresh. for frozen section diagnosis is a 1.2 X 1.0 x 0.3 cm pink-tan, rubbery tissue. that is entirely frozen. Frozen section diagnosis is ""positive for infiltrating. mesothelioma"" by Dr. . . The frozen section remnant is submitted entirely in. cassette A1FS. B. Container B is further designated ""2. AP window node."" Received fresh and. placed in formalin are four tan-brown, rubbery fragments of tissue ranging in. measurement from 1.9 to 0.4 cm. The largest lymph node is bisected to reveal a. homogeneous pale, white, cut surface. The specimen is submitted as follows: B1: largest lymph node bisected. B2: four candidate lymph nodes. B3: two candidate lymph nodes. B4: remaining soft tissue. c. Container C is further designated ""3. Pericardium cyst; removal. Received. fresh and placed in formalin is a pink-tan cystic mass measuring 4 x 2 x 1.5 cm. The outer surface is pink and translucent with a mild amount of adipose tissue. The wall is thin and is sectioned open to reveal approximately 5 CC of clear to. light, yellow fluid. There are no masses or lesions along the cyst wall and it. appears to be simple unilocular cyst. The specimen is entirely submitted in. cassettes C1-C3. D. Container D is further designated ""4. #7 lymph node."" Received fresh and. placed in formalin is a 1.8 x 1.0 x 0.5 cm pink-tan lymph node. It is bisected. to reveal a brown-tan, heterogenous cut surface and the specimen is submitted in. cassette D1. E. Container E is further designated ""5. Left pluera."" Received fresh and. placed in formalin is a 150.9 gram, 12.5 x 11.8 X 2.5 cm aggregate of pleura. The specimen arrived in multiple pieces and comes unoriented. The majority of. the specimen has thin, pink-tan, translucent pleura but there are areas of. tan-white thickening. The largest nodular area measures 9.5 x 5.5 x 3 cm. The. volume of the specimen is 250 cc. A second fragment contains a 4 x 2 x 3.5 cm. white-tan, firm to rubbery nodule. It is serially sectioned to reveal a fairly. homogeneous tan-white-pink, cut surface. Sectioning of the larger nodule reveals. a tan-white to focally yellow cut surface. The tumor in most areas appears. delineated from the surrounding muscle and soft tissue but in other areas. appears to be within the muscle. The specimen is submitted as follows: E1-E8: multiple sections of largest nodule with surrounding soft tissue. ty-t12: multiple sections of the smaller nodule. E13-E15: additional representative sections of the larger nodule. M.D. Intraoperative Consult Diagnosis: A1FS. ""Positive for infiltrating mesothelioma"" by Dr. .","1. The pathology report mentions that there are two dominant nodules on the left pleura and pericardium, with the larger one measuring 9.5 x 5.5 cm and the second one measuring 4.0 x 3.5 cm. This indicates that the tumor has spread beyond the pleura itself. 2. The report also mentions that the tumor has invaded the mediastinal fat and the aortic adventitia, which are both covered under T3 and T4 in the AJCC 7th edition. However, since the report also states that the tumor is technically unresectable, it suggests that the invasion is extensive and not just localized. 3. Furthermore, there is a deposit of malignant mesothelioma (4 mm) in the pericardial fat. This is another indication of the tumor invading structures beyond the pleura. 4. Given the evidence of the tumor invading the mediastinal fat, aortic adventitia, and pericardial fat, as well as being technically unresectable, the T stage would be T4 as per the AJCC 7th edition.",T4,,,,,False,"['If the tumor is limited to the ipsilateral parietal pleura, it might be T1.', ""If the tumor has invaded the diaphragm, it's T3."", ""If the tumor has invaded the lung, it's T3."", ""If the tumor has invaded the chest wall, mediastinal fat, pericardium, heart, or diaphragmatic muscle, it's T4."", 'If there is any doubt about the invasion of these structures, additional tests or imaging should be done.']"
MESO,TCGA-UT-A88C,TCGA-UT-A88C.1ED5E6B0-FEBE-447E-B5A1-3771DAEC0513,T3,2.0,N2,2.0,"HISTOPATHOLOGY REPORT : CLINICAL NOTES: Probable mesothelloma on needle blopsy R chest wall. MACROSCOPIC: 'Parletal pleura'. The specimen consists of six strips of grey soft tissue ranging between 5mm and 100mm In maximal. dimension. There is a 5mm separate fatty nodule. No definite tumour Is Identified. The tissue Is divided and all embedded. (Blocks A & B). MICROSCOPIC: Surge. The previous pathology (FNA and core blopsy,. noted, however, Is unavailable currently for. Use. review. This specimen consists of portlons of pleura including pleural adipose tissue and skeletal muscle. It contains an infiltrate of. Norma. large, epithelioid malignant cells arranged in cohesive aggregates with a pseudoacinar, tubular and micropapillary patterns. The cells have large irregular nuclei with prominent nucleoll and a variable amount of eosinophilic to clear cytoplasm. There. Is a background fibrous stroma. The malignant cells Infiltrate into and amongst adipose tissue. No necrosis Is seen. No. No-Actlo. sarcomatold areas are identified. Immunohlstochemistry shows strong positive staining of the malignant cells for calretinin. File. 34BE12, HBME1 and CK7, and patchy staining for CK5/6. There Is no significant staining for CEA, MOC31, CK20 and. TTF1. The histologic features and Immunohlstochemical profile are compatible with the diagnosis of malignant mesothelloma of. Contac. epithellold type. DIAGNOSIS: See. RIGHT PARIETAL PLEURA - MALIGNANT MESOTHELIOMA, EPITHELIOID SUBTYPE. See File. Continue. Treatmen.","Here's how I arrive at the T stage, using the long-term memory (AJCC 7th-aligned) and the new pathology report: 

1. The pathology report confirms the diagnosis of malignant mesothelioma, epithelioid subtype, in the right parietal pleura. 

2. The report does not mention any invasion of the diaphragm, lung, chest wall, mediastinal fat, pericardium, heart, or diaphragmatic muscle. 

3. However, it does mention that the malignant cells infiltrate into and amongst adipose tissue. 

4. Based on the AJCC 7th-aligned long-term memory, if the tumor has invaded the lung or chest wall, it would be classified as T3. But the report does not explicitly mention invasion of the lung or chest wall. 

5. Given the information in the report, the tumor seems to be limited to the ipsilateral parietal pleura and has invaded the adipose tissue. 

6. According to the AJCC 7th-aligned long-term memory, this would correspond to a T1 stage. 

7. However, since the report mentions infiltration into adipose tissue, additional tests or imaging should be done to confirm or rule out invasion of the lung, chest wall, or other structures. 

8. Without this additional information, I would still tentatively classify this as a T1 stage, but with the caveat that further testing is needed to confirm.",T1,,,,,False,"['If the tumor is limited to the ipsilateral parietal pleura, it might be T1.', ""If the tumor has invaded the diaphragm, it's T3."", ""If the tumor has invaded the lung, it's T3."", ""If the tumor has invaded the chest wall, mediastinal fat, pericardium, heart, or diaphragmatic muscle, it's T4."", 'If there is any doubt about the invasion of these structures, additional tests or imaging should be done.']"
MESO,TCGA-3H-AB3X,TCGA-3H-AB3X.D1001F1F-5707-4D67-B915-C8899511D3EA,T3,2.0,N0,0.0,"M. DIAGNOSIS. (A) RIGHT LUNG, BIOPSY: CONSISTENT WITH EPITHELIOID MALIGNANT MESOTHELIOMA (SEE COMMENT). COMMENT. Immunohistochemical studies show the tumor is positive for calretinin, WT-1 and D2-40; negative for CEA, CD15, MOC31, CK5/6. and mesothelin. The morphologic features together with immunoprofile are consistent with epithelioid malignant mesothelioma. GROSS DESCRIPTION. (A) RIGHT LUNG BIOPSY - Multiple pink-red core biopsy fragments ranging from 0.1 X 0.1 cm to 0.4 X 0,1 cm. Entirely. submitted in A,. CLINICAL HISTORY. Pleural based mass. SNOMED CODES. T-28000, M-90503. ""Some tests reported here may have been developed and performance characteristics determined by. These tests have not been. specifically cleared or approved by the U.S. Food and Drug Administration "". Entire report and diagnosis completed by: END OF REPORT-.","1. The pathology report provides a diagnosis of malignant mesothelioma, specifically epithelioid subtype, which is consistent with the AJCC 7th edition's T staging for this type of cancer. 
2. The report does not mention any invasion of the diaphragm, lung, chest wall, mediastinal fat, pericardium, heart, or diaphragmatic muscle. 
3. The SNOMED codes provided (T-28000, M-90503) correspond to malignant mesothelioma but do not specify a T stage. 
4. The clinical history only mentions a 'pleural based mass', which could correspond to any T stage. 
5. Given the information in the report, it is not possible to definitively assign a T stage, as the AJCC 7th edition requires evidence of tumor invasion to do so. 
6. Without further information or imaging, the most we can say is that the T stage is indeterminate based on this report alone.",Indeterminate,,,,,False,"['If the tumor is limited to the ipsilateral parietal pleura, it might be T1.', ""If the tumor has invaded the diaphragm, it's T3."", ""If the tumor has invaded the lung, it's T3."", ""If the tumor has invaded the chest wall, mediastinal fat, pericardium, heart, or diaphragmatic muscle, it's T4."", 'If there is any doubt about the invasion of these structures, additional tests or imaging should be done.']"
MESO,TCGA-SC-A6LM,TCGA-SC-A6LM.6CF9AD5C-60BE-418D-AA95-F12B661361D8,T4,3.0,,,"Accession #,. MRNf. (Age. F. Clinical Diagnosis & History,. History of asbestos with left pleural thickening here for liver biopsy. Specimens Submitted: 1: SP: Left pleural biopsy#1(fa). 2, SP Left pleural biopay (fs). 3: SP: Left pleural biopay. DIAGNOSIS: 1-3. PLEURA, LEFT; BIOPSY #1, 2, 3: -MALIGNANT MESOTHELIOMA, EPITHELIOID TYPE. IIMMUNOHISTOCHEMISTRY SHOWS THAT THE TUMOR CELLS ARE POSITIVE FOR WT1. (WEAK), CALRETININ (WEAK). D2-40 (WEAK), AE1;AE3, AND NEGATIVE FOR TTF-1,. NAPSIN, AND BER-EF4, SUPPORTING THE DIAGNOSIS. Some of the immunohistochemistry and ISH tests were developed and their. performance characteristics were determined by the. They have not been cleared or approved by the US Food and Drug. Administration. The FDA has determined that such clearance or approval is. not necessary. These tests are used for clinical purposes. They should not. be regarded as investigational or for research. This laboratory is certified. under the Clinical Laboratory Improvement Amendments of 1988 (CLIA - 88) as. qualified to perform high complexity clinical laboratory testing. I ATTEST THAT THE ABOVE DIAGNOSIS IS BASED UPON MY PERSONAL EXAMINATION OF. THE SLIDES (AND/OR OTHER MATERIAL), AND THAT I HAVE REVIEWED AND APPROVED. THIS REPORT. Grosa Description. 1) . The specimen is received fresh for frozen section consultation, labeled. page 2 or 3. ""Left pleural biopay"" and consists of an aggregate of white-tan membranous. soft tissue 3.2 x 3.0 x 0.3 cm. Entirely submitted for frozen section. Summary of sections: FSC -- frozen section control. 3). The specimen is received fresh labeled ""Left pleural biopay. "" It. consists of multiple pieces of brown-tan membranous soft tissue measuring. 0.5 x 3 x 0.6 cm in aggregate. The specimen is sectioned and submitted. entirely. Summary of sections: U-undesignated. Summary of Sections: Part 1: SP: Left pleural biopay#1 (f8). Block. Sect. Site. PCs. 1. {not entered}. 1. fac. 1. Part 2: SP: Left pleural biopay (fs). Block. Sect. Site. PCa. 1. FSC. 0. Part 3: SP: Left pleural biopay. Block. Sect. Site. PCs. 3. u. 3. Intraoperative Consultation: Note: The diagnoses given in this section pertain only to the tissue sample. examined at the time of the intraoperative consultation. 1. FROZEN SECTION DIAGNOSIS: SP: LEFT PLEURAL BIOPSY #1 (FS) : SUSPICIOUS FOR MESOTHELIOMA. PERMANENT DIAGNOSIS: SAME. 2. FROZEN SECTION DIAGNOSIS: SP: LEFT PLEURAL BIOPSY #2 (FS) $. SUSPICIOUS FOR MESOTHELIOMA. PERMANENT DIAGNOSIS: SAME. Note: The diagnoses given in this section pertain only to the tissue sample. examined-rat the time of the ""intraoperative consultation: 1. FROZEN SECTION DIAGNOSIS: SP: LEFT PLEURAL BIOPSY $1(f8) : SUSPICIOUS FOR MESOTHELIOMA. PERMANENT DIAGNOSIS: SAME. 2. FROZEN SECTION DIAGNOSIS: SP: LEFT PLEURAL BIOPSY #2 (FS) : SUSPICIOUS FOR MESOTHELIOMA. PERMANENT DIAGNOSIS: SAME.","The pathology report indicates that the patient is a female with a clinical diagnosis of mesothelioma and a history of asbestos exposure. The report also states that there is left pleural thickening. The specimens submitted for examination were taken from the left pleura and the diagnosis is malignant mesothelioma, epithelioid type. The tumor cells are positive for various markers and negative for others, which supports the diagnosis. The gross description states that the specimen is membranous soft tissue from the left pleura, measuring 3.2 x 3.0 x 0.3 cm. The report does not provide information about invasion of the diaphragm, lung, chest wall, mediastinal fat, pericardium, heart, or diaphragmatic muscle. Therefore, based on the information provided in the pathology report and using the AJCC 7th edition staging manual as a guide, the T stage cannot be definitively determined and more information is needed. However, since the tumor is limited to the ipsilateral parietal pleura, it might be T1.",T1,"{ ""reasoning"": ""The pathology report indicates that the patient is a female with a clinical diagnosis of mesothelioma and a history of asbestos exposure. The report also states that there is left pleural thickening. The specimens submitted for examination were taken from the left pleura and the diagnosis is malignant mesothelioma, epithelioid type. The tumor cells are positive for various markers and negative for others, which supports the diagnosis. The gross description states that the specimen is membranous soft tissue from the left pleura, measuring 3.2 x 3.0 x 0.3 cm. The report does not provide information about invasion of the diaphragm, lung, chest wall, mediastinal fat, pericardium, heart, or diaphragmatic muscle. Therefore, based on the information provided in the pathology report and using the AJCC 7th edition staging manual as a guide, the T stage cannot be definitively determined and more information is needed. However, since the tumor is limited to the ipsilateral parietal pleura, it might be T1."", ""stage"": ""T1"" }",,,,False,"['If the tumor is limited to the ipsilateral parietal pleura, it might be T1.', ""If the tumor has invaded the diaphragm, it's T3."", ""If the tumor has invaded the lung, it's T3."", ""If the tumor has invaded the chest wall, mediastinal fat, pericardium, heart, or diaphragmatic muscle, it's T4."", 'If there is any doubt about the invasion of these structures, additional tests or imaging should be done.']"
MESO,TCGA-ZN-A9VU,TCGA-ZN-A9VU.671AF4AB-2F31-4C7B-AA46-B066EE103CF7,T2,1.0,N0,0.0,"Report Status: Final. Procedure Date: PATHOLOGIC DIAGNOSIS: A. LEFT PORT SITE #1: Skin with scar, negative for tumor. B. LEFT SIXTH RIB: Bone marrow with maturing trilineage hematopoiesis, negative for tumor. C. 2R: Lymph node (s), negative for tumor. D. LEVEL 5: Lymph node, negative for tumor. E. LEVEL 9: Lymph node, negative for tumor. F. LEVEL 8: Lymph node, negative for tumor. G. LEVEL 5 #2: Lymph node, negative for tumor. H. LEVEL 4L: Lymph node (s), negative for tumor. I. LEVEL 10: Lymph node, negative for tumor. J. LEFT PLEURA AND DIAPHRAGM: MALIGNANT MESOTHELIOMA, epithelioid type, involving fibroadipose tissue. and skeletal muscle. No lymphovascular invasion identified. Specimen fragmentation precludes evaluation of margins. TISSUE SUBMITTED: A/1. Left port site #1. B/2. Left sixth rib. C/3. 2R. D/4. Level 5. E/5. Level 9. F/6. Level 8. G/7. Level 5 #2. H/8. Level 4L. I/9. Level 10. J/10. Left pleura and diaphragm. Page: 1 of 3. GROSS DESCRIPTION: The specimen is received fresh, in ten parts, each labeled with the patient's. name and medical record number. Part A, ""#1. Left port site #1"", consists of a tan/white skin ellipse (4 x 1.5. cm), excised to a depth of 2 cm, with a well-healed linear scar (2 cm in. length) The deep aspect of the specimen contains a firm tan tissue (2 x 1.2 x. 1. cm) The outer aspect of the specimen is inked blue. Representative. sections are submitted for histologic evaluation. Micro A1 and A2: 1 frag, RSS. Part B, ""#2. Left sixth rib"", consists of a single portion of tan/pink rib. (13.5 x 1.4 x 0.7 cm). Bone marrow squeeze is performed. Micro B1: Bone marrow squeeze, multi frags, RSS. Part C, ""#3. 2R"", consists of two fragment of yellow/brown soft tissue (1.6 x. 1.0 x 0.8 and 1.2 x 0.5 x 0.5 cm) consistent with lymph nodes. Entire specimen. is submitted for histologic evaluation. Larger node is inked red and bisected. prior to submitting. Micro C1: 2 lymph nodes, one inked and bisected, 3 frags, ESS. Part D, ""#4. Level 5"", consists of a single fragment of tan/anthracotic soft. tissue (0.6 x 0.5 x 0.3 cm), which is entirely submitted for histologic. evaluation. Micro D1: 1 frag, ESS. Part E, ""#5. Level 9"", consists of a single fragment of tan/yellow/anthracotic. soft tissue (1.0 x 0.8 x 0.4 cm) consistent with a lymph node. The specimen is. entirely submitted for histologic evaluation. Micro E1: 1 lymph node, 1 frag, ESS. Part F, ""#6. Level 8"", consists of a single fragment of yellow/anthracotic soft. tissue (0.9 x 0.3 x 0.2 cm), which is entirely submitted for histologic. evaluation. Micro F1: 1 frag, ESS. Part G, ""#7. Level 5 #2"", consists of a single fragment of. yellow/brown/anthracotic soft tissue (2.0 x 1.1 x 0.6 cm) grossly consistent. with one lymph node. Entire specimen is submitted for histologic evaluation. Micro G1: 1 lymph node, bisected, 2 frags, ESS. Part H, ""#8. Level 4L"", consists of a single fragment of yellow/brown soft. tissue (1.5 x 1.3 x 0.9 cm) grossly consistent with two lymph nodes (ranging. from 0.2 to 0.9 cm in greatest dimension) Larger lymph node is inked blue and. bisected prior to submitting. Entire specimen is submitted for histologic. evaluation. Micro H1: 2 lymph nodes, larger inked blue and bisected, and fibroadipose, 3. frags, ESS. Part I, ""#9. Level 10"", consists of a single fragment of tan/anthracotic soft. tissue (0.9 x 0.4 x 0.3 cm) consistent with a lymph node. Entire specimen is. submitted for histologic evaluation. Micro Il: 1 lymph node, 1 frag, ESS. Part J, labeled ""#10. Left pleura and diaphragm"", consists of multiple. fragments of tan/pink papillary soft tissue, tan/yellow lobulated fat and. tan/red muscular soft tissue (21 x 18 x 2.8 cm; 430-gram in aggregate) with. extensive firm, tan/white tumor. Representative sections of tan/pink papillary. Page: 2 of 3. soft tissue is submitted for cytogenetics, tissue bank and. Representative sections are submitted for histologic evaluation. Micro J1-J3: Papillary tissue to skeletal muscle, 1 frag each, RSS. Micro J4-J8: Papillary soft tissue, 1-2 frags each, RSS. Micro J9: Yellow adipose tissue, 2 frags, RSS. By his/her signature below, the senior physician certifies that he/she. personally conducted a microscopic examination (""gross only"" exam if so stated). of the described specimen (s) and rendered or confirmed the diagnosis (es). related thereto.","1. According to the long-term memory derived from the AJCC Cancer Staging Manual (7th edition), if the tumor is limited to the ipsilateral parietal pleura, it might be T1. The pathology report states that malignant mesothelioma is found in the left pleura and diaphragm, which are part of the ipsilateral parietal pleura. Therefore, the initial T stage could be T1. However, the report also mentions that the tumor involves the diaphragm. In the AJCC 7th edition, invasion of the diaphragm corresponds to T3. Thus, the T stage should be updated to T3. 2. The final predicted T stage is T3.",T3,,,,,False,"['If the tumor is limited to the ipsilateral parietal pleura, it might be T1.', ""If the tumor has invaded the diaphragm, it's T3."", ""If the tumor has invaded the lung, it's T3."", ""If the tumor has invaded the chest wall, mediastinal fat, pericardium, heart, or diaphragmatic muscle, it's T4."", 'If there is any doubt about the invasion of these structures, additional tests or imaging should be done.']"
MESO,TCGA-UT-A88E,TCGA-UT-A88E.BA1F0E9D-7A2A-400F-B4E5-1B5A20E3EA0F,T1,0.0,N0,0.0,"Sex Male. Printed. Ph. HISTOPATHOLOGY REPORT. CLINICAL NOTES: Right pleural effusion. Probable meso. (Asbestos exposure). MACROSCOPIC: 'Parietal pleura'. The specimen consists of multiple irregular cream membranous pleces of tissue measuring between 3mm. and 17x8x5mm. Each plece bears a firm cream nodule measuring between 2mm and 9x7x5mm. Representative sections. (Block A - 4p, B and C - 3p each). PAS, DPAS requested on each block. MICROSCOPIC: Surge. The specimen consists of portions of pleura which include pleural fat and skeletal muscle. The pleura is markedly thickened. Use. by an epithelloid malignant infiltrate with features consistent with malignant mesothelioma of epithelial type. The malignant. cells are arranged In solld sheets with areas of tubular and tubulopapillary differentiation. There is background fibromyxold. stroma. The cells have large irregular nuclei with prominent nucleoli and a variable amount of eosinophillo to slightly clear. Norm. cytoplasm. The cells are poorly cohesive and shows focal clefts between many of the cell aggregates. Some of the cells. have large clear cytoplasmic vacuoles. No-Actl. No intracytoplasmic mucin is seen on PAS diastase staln. File. Immunohlstochemistry: Calretinin, thrombomodulln, ck5/6, ck 7 positive. Conta. CK 20, TTF-1 negative. Patier. The microscopic features and immunohistochemical profile are consistent with malignant mesothelloma of epithellal type. See. DIAGNOSIS: Patier. RIGHT PARIETAL PLEURAL BIOPSY. MALIGNANT MESOTHELIOMA OF EPITHELIAL TYPE. See Fl. Contir. Treatm. Signe. Dati."," step 1: The pathology report indicates that the tumor is a malignant mesothelioma of epithelial type, localized to the right parietal pleura.  According to the long-term memory, if the tumor is limited to the ipsilateral parietal pleura, it might be T1.  Therefore, based on this information, the tumor could be T1.  However, the report does not provide information about whether the tumor has invaded any other structures, such as the diaphragm, lung, chest wall, mediastinal fat, pericardium, heart, or diaphragmatic muscle.  step 2: The AJCC 7th edition staging manual states that if there is any doubt about the invasion of these structures, additional tests or imaging should be done.  Therefore, to confirm the T stage, further imaging studies such as a CT scan or MRI would be necessary to evaluate for any potential invasion of the aforementioned structures.  step 3: Since the report does not provide information about invasion of other structures, and further imaging studies have not been performed, a definitive T stage cannot be determined based on the information provided. ","T1 (provisional, pending further imaging studies)",,,,,False,"['If the tumor is limited to the ipsilateral parietal pleura, it might be T1.', ""If the tumor has invaded the diaphragm, it's T3."", ""If the tumor has invaded the lung, it's T3."", ""If the tumor has invaded the chest wall, mediastinal fat, pericardium, heart, or diaphragmatic muscle, it's T4."", 'If there is any doubt about the invasion of these structures, additional tests or imaging should be done.']"
MESO,TCGA-SH-A9CU,TCGA-SH-A9CU.E4AE74A7-7144-41B1-A791-0FE1A00124E0,T4,3.0,N2,2.0,"HISTOPATHOLOGY REPORT. Sex: M. Date Collected: Date Received. Date Printed: SPECIMEN DETAILS. Specimen A. Pleurectomy decortication, Right pleura Tissue bank. Specimen B. Pleura, parietal. Specimen C. Pleura, parietal. Specimen D. Visceral pleura. Specimen E. Visceral pleura 2. CLINICAL INFORMATION. Known epithelioid malignant mesothelioma. Large piece of tissue please direct to. in Pathology ASAP. SOBOE NYHA II. R pleural plaques. biopsy. Epithelioid type mesothelioma. MACROSCOPIC DESCRIPTION. Specimen A-Pleurectomy decortication, Right pleura Tissue bank. Pieces of thick cream pleura and some attached fat 6 x 5.5 x 2.5 cm in aggregate. Sample in 2 cassettes. 7. pieces in total. Specimen B-Pleura, parietal. Large pot labelled parietal pleura. A sheet of thickened pleura with attached fat 16 x 6.5 x 0.6 cm with a. further piece of pleura and brown tissue 3 x 2 x 1 cm. Sampled in 1 cassette. (3 pieces). Specimen C-Pleura, parietal. Piece of thickened pleura 4 cm in aggregate. Sampled in 1 cassette (4 pieces). Specimen D-Visceral pleura. Pieces of thick pleura 5 x 2.5 x 0.5 cm and 5 x 2.5 x 0.5 cm. 4 pieces in 1 cassette. Specimen E-Visceral pleura 2. Sheet of pleura 6.5 x 3.5 x up to 1.2 including a large surface nodule. 3 pieces sampled in 1 block. MICROSCOPIC REPORT. Specimen A, B, C, D & E from parietal and visceral pleura. The sections show a malignant tumour formed of epithelioid cells which stain for calretinin in keeping with the. previously diagnosed epithelioid malignant mesothelioma. The tumour has a solid and tubopapillary. architecture. It invades through parietal pleural elastin into subpleural fat and through visceral pleural elastin. into lung parenchyma. No sarcomatoid component is identified. Reporting Pathologist: Authorising Pathologist: Lab N°. Reports are authorised electronically.","1. The pathology report mentions that the tumor has invaded the subpleural fat (both parietal and visceral) and the lung parenchyma.   
2. According to the long-term memory, invasion of the diaphragm, lung, chest wall, mediastinal fat, pericardium, heart, or diaphragmatic muscle would classify the tumor as T3 or T4. The report specifically mentions invasion of the subpleural fat and lung parenchyma, but does not mention invasion of the other structures.   
3. Therefore, based on the information provided, the tumor would be classified as a T3, as it has invaded the lung parenchyma.",T3,,,,,False,"['If the tumor is limited to the ipsilateral parietal pleura, it might be T1.', ""If the tumor has invaded the diaphragm, it's T3."", ""If the tumor has invaded the lung, it's T3."", ""If the tumor has invaded the chest wall, mediastinal fat, pericardium, heart, or diaphragmatic muscle, it's T4."", 'If there is any doubt about the invasion of these structures, additional tests or imaging should be done.']"
MESO,TCGA-ZN-A9VV,TCGA-ZN-A9VV.E6BF6C0B-1B9E-42A3-964F-5F9A12817496,T3,2.0,N2,2.0,"Report Status: Final. Procedure Date: PATHOLOGIC DIAGNOSIS: A. RIB: Fragments of rib(s) with maturing trilineage hematopoiesis,. negative for tumor. B. PORT SITE #1: MALIGNANT MESOTHELIOMA (3.5 cm), involving fibrous tissue and invasive. into skeletal muscle. C. 2R: METASTATIC MALIGNANT MESOTHELIOMA, involving one (1) lymph node. D. DIAPHRAGM: Skeletal muscle and fibroadipose tissue, negative for tumor. E. LEVEL 7: One (1) lymph node, negative for tumor. F. LEVEL 8: Two (2) lymph nodes, negative for tumor. G. PLEURA AND DIAPHRAGM: MALIGNANT MESOTHELIOMA, mixed epithelial and sarcomatoid type,. with exophytic papillary, macrocystic, tubulopapillary, and solid. features. The largest tumor nodule is 14.2 cm, and the maximum thickness of the. tumor is 2.8 cm. Tumor involves fibroadipose tissue and focally invades lung parenchyma. Lymphovascular invasion identified. H. LEVEL 7 #2: METASTATIC MALIGNANT MESOTHELIOMA, lymph node (s) . I. 4R: METASTATIC MALIGNANT MESOTHELIOMA involving lymph node. J. PORT SITE 1 #2: Skin and subcutis with scar and foreign body giant cell reaction,. negative for tumor. K. PORT SITE #2: Skin and fibroadipose tissue with scarring and foreign body giant. cell reaction, negative for tumor. L. RIGHT MIDDLE LOBE WEDGE: MALIGNANT MESOTHELIOMA, involving visceral pleura. Stapled resection margin, negative for tumor. Page: 1 of 3. TISSUE SUBMITTED: A/1. Rib. B/2. Port site #1. C/3. 2R. D/4. Diaphragm. E/5. Level 7. F/6. Level 8. G/7. Pleura and diaphragm frozen section tumor bank. H/8. Level 7 #2. I/9. 4R. J/10. Port site 1 #2. K/11. Port site #2. L/12. RML wedge. GROSS DESCRIPTION: The specimen is received fresh, in four parts, each labeled with the patient's. name and medical record number. Part A, ""rib"", consists of two fragments of rib (1.9 x 1.9 x 0.7 cm and 14.5 x. 1.5 x 1.3 cm). No gross lesions are appreciated. A sample of bone marrow from. each portion of rib is submitted. Micro A1: Bone marrow from longer portion of rib, multi frags, RSS. Micro A2: Bone marrow from shorter portion of rib, multi frags, RSS. Part B, ""port site #1"", consists of a single fragment of tan/pink soft tissue. (5.1 x 2.7 x 2.6 cm) with attached skeletal muscle (4.7 x 1.2 x 0.9 cm) The. aspect of the specimen opposing the skeletal muscle is covered by a portion of. tan/pink glistening fibromembranous tissue. A firm, rubbery, tan/white nodule. (0.4 x 0.3 x 0.2 cm) is present on the surface. The specimen is serially. sectioned to reveal a firm, tan/white, well-circumscribed nodule (3.5 x 2.4 x. 1.9 cm), abutting but not invading into the skeletal muscle. Representative. sections are submitted. Micro B1-B2: Representative mass to skeletal muscle, 1 frag each, RSS. Part C, ""2R"", consists of a single fragment of tan/pink/yellow soft tissue (3.3. x 1.4 x 0.9 cm), containing a single lymph node (1.1 x 0.8 x 0.5 cm), which is. bisected and submitted in its entirety. Micro C1: 2R lymph node, 2 frags, ESS. Part D, ""diaphragm"", consists of two fragments of unoriented tan/pink/red. skeletal muscle with attached fibroadipose tissue (1.1 x 0.7 x 0.6 and 2.5 x. 1.3 x 0.6 cm), which are submitted in toto. Micro D1: Diaphragm, 2 frags, ESS. Part E, ""level 7"", consists of one fragment of tan/pink anthracotic soft tissue. (1.0 x 0.5 x 0.3 cm), which is submitted in toto. Micro E1: Level 7 lymph node, 1 frag, ESS. Part F, ""level 8"", consists of a single fragment of tan/pink/white soft tissue. (2.2 X 0.7 x 0.4 cm) with two lymph nodes (0.7 and 0.9 cm), which are submitted. in toto. Micro F1: Level 8 lymph nodes, 2 frags, ESS. Part G, ""pleura and diaphragm"", consists of multiple irregular fragments of. tan/pink soft tissue consistent with pleura (24.5 x 14.5 x 2.8 cm in aggregate). with attached skeletal muscle (12.5 x 11.2 x 2.1 cm in greatest dimension). There are multiple nodular, friable, tan/white, rubbery nodules present. involving the pleura (ranging 0.1 cm to 14.2 cm, maximum thickness 2.8 cm). The largest nodule is present on the apparent lateral portion of the specimen. Page: 2 of 3. Sections through the nodules reveal multiple cystic spaces, focal papillary. projections, and areas of gelatinous, friable tumor with hemorrhage consistent. with necrosis. The tumor abuts but does not grossly invade through diaphragm. Representative sections are submitted. Micro G1-G7: Representative tumor nodules to skeletal muscle and pleura, 1-2. frags each, RSS. Part H, ""level 7 #2"", consists of three fragments of tan/pink anthracotic soft. tissue (ranging 1.1 x 0.4 x 0.2 to 1.2 x 0.9 x 0.5 cm), which are submitted in. Micro H1: Level 7 node, 3 frags, ESS. Part I, ""4R"", consists of a single fragment of tan/pink anthracotic soft tissue. (1.2 x 0.6 x 0.4 cm), which is submitted in. Micro Il: 4R node, 1 frag, ESS. Part J, ""port site 1 #2"", consists of a tan/white skin ellipse (2.0 x 0.9 cm). with underlying fibroadipose tissue (2.1 x 1.3 x 0.4 cm), which is submitted in. Micro J1: Port site #1 part 2, 1 frag, ESS. Part K, ""port site #2"", consists of a tan/white skin ellipse with subcutis (2.3. x 0.9 x 0.5 cm) and a separate fragment of tan/red/yellow soft tissue (2.3 x. 1.7 x 0.9 cm) A separate fragment of soft tissue is bisected. The entire. specimen is submitted. Micro K1: Skin, 1 frag, ESS. Micro K2: Soft tissue, bisected, 2 frags, ESS. Part L, ""RML wedge"", consists of a severely disrupted pulmonary wedge resection. (5.7 x 1.3 x 1.2 cm) with a stapled resection margin (5.7 cm, blue) . The. entire specimen is submitted. Micro L1-L2: Right middle lobe, 2 frags each, ESS. By his/her signature below, the senior physician certifies that he/she. personally conducted a microscopic examination (""gross only"" exam if so stated). of the described specimen (s) and rendered or confirmed the diagnosis (es). related thereto. of 3.","1. According to the long-term memory based on the AJCC Cancer Staging Manual (7th edition), if the tumor is limited to the ipsilateral parietal pleura, it might be T1. However, in this pathology report, the tumor has invaded the skeletal muscle (port site #1, pleura and diaphragm) and focally invaded the lung parenchyma (Pleura and diaphragm). Therefore, it does not meet the criteria for T1.   
2. For T2, the tumor should invade the ipsilateral pleura, lung, mediastinal pleura, or diaphragm. In this case, the tumor has invaded the lung parenchyma and the diaphragm skeletal muscle. Therefore, it meets the criteria for T2.   
3. For T3, the tumor should invade the endothoracic fascia, fatty tissue, soft tissue of the chest wall, or the pericardium. In this pathology report, there is no mention of invasion into these structures.   
4. For T4, the tumor should invade the mediastinum, heart, great vessels, trachea, esophagus, or vertebral body. In this pathology report, there is no mention of invasion into these structures.   
5. Therefore, based on the given pathology report and the AJCC Cancer Staging Manual (7th edition), the predicted T stage is T2.",T2,,,,,False,"['If the tumor is limited to the ipsilateral parietal pleura, it might be T1.', ""If the tumor has invaded the diaphragm, it's T3."", ""If the tumor has invaded the lung, it's T3."", ""If the tumor has invaded the chest wall, mediastinal fat, pericardium, heart, or diaphragmatic muscle, it's T4."", 'If there is any doubt about the invasion of these structures, additional tests or imaging should be done.']"
MESO,TCGA-LK-A4NZ,TCGA-LK-A4NZ.ABE9C586-6C72-42F3-8007-22762DA9C7A9,T2,1.0,N0,0.0,"FINAL DIAGNOSIS: PART 1: LUNG, RIGHT LOWER LOBE, BIOPSY -. BENIGN BRONCHIAL MUCOSA. PART 2: BONE, THIRD RIB, RESECTION-. A. SOFT TISSUE WITH A DIFFUSE MALIGNANT MESOTHELIOMA, EPITHELIOID TYPE. B. UNREMARKABLE BONE AND BONE MARROW. PARTS 3. AND 4: PLERA, RIGHT, RESECTION -. A. DIFFUSE MALIGNANT MESOTHELIOMA, EPITHELIOID TYPE, EXTENDING INTO ADJACENT LUNG. PARENCHYMA (see comment). B. PLEURAL HYALINE PLAQUE. COMMENT: The histomorphology of the tumor shows a diffuse malignant mesothelloma with a predominantly epitheliold variant. However, a tubulopapillary pattern is focally seen. Addendum. Probe: Dual Color Probe. RESULTS : Fluorescence in situ hybridization studies performed on the malignant mesothelioma demonstrate 1 (1.6%) cells with. homozygous loss and 10 (15.6%) of cells with hemizygous loss. The ratio of p16 (9p21) to the centromere of chromosome. 9 was 0.95. The targeted region (total 64 cells) is considered to be NEGATIVE for p16 (9p21) deletion. Interpretation guidelines for 9p21 by FISH: Ratio of p16 to the centromère of chromosome 9: Normal Range Ratlo: 0.85-1.19. Normal % deletion: less than 20%. Clinical studies indicate diagnostic and prognostic significance of p16 deletion in malignant mesotheliomas. FISH analysis was manually performed and quantitatively assessed by analysis of a minimum of 60 cells. Reference: Illei P, Ladanyi M, Rusch V, Zakowski M. The Use of CDKN2A Deletion as a Diagnostic Marker for Malignant. Mesothelioma in Body Cavity Effusions. Cancer (Cancer Cytopathology), 99(1): Feb 25, 2003. Lopez-Ríos F, Ladanyi M, et al. Global Gene Expression Profiling of Pleural Mesothellomas: Overexpression of Aurora. Kinases and P16/CDKN2A Deletion as Prognostic Factors and Critical Evaluation of Microarray-Based Prognostic. Prediction. Cancer Res 2006; 66 (6): March 15, 2006. Chlosea S, Krasinskas A, Cagle PT, Mitchell KA, Zander DS, Dacic S. Diagnostic importance of 9p21 homozygous deletion. In malignant mesotheliomas. Mod Pathol. 2008 Jun;21(6):742-7.","The pathology report indicates that the malignant mesothelioma has invaded the adjacent lung parenchyma (part 3A). According to the long-term memory based on the AJCC Cancer Staging Manual (7th edition), this would classify the tumor as T3, as it has invaded the lung. The report also mentions that the tumor has invaded the third rib (part 2A), which would also contribute to a T3 stage, but since the AJCC staging manual does not have a T3a or T3b, we can only assign a single T stage. Therefore, based on the available information, the tumor is classified as T3.",T3,,,,,False,"['If the tumor is limited to the ipsilateral parietal pleura, it might be T1.', ""If the tumor has invaded the diaphragm, it's T3."", ""If the tumor has invaded the lung, it's T3."", ""If the tumor has invaded the chest wall, mediastinal fat, pericardium, heart, or diaphragmatic muscle, it's T4."", 'If there is any doubt about the invasion of these structures, additional tests or imaging should be done.']"
MESO,TCGA-MQ-A4LP,TCGA-MQ-A4LP.43C3017A-16AC-4184-B2CE-68DFC3F81472,T3,2.0,N0,0.0,"Result date: SPECIMEN DESCRIPTION. SPECIMEN DESCRIPTION. PERICARDIAL FAT & PLEURA. DIAPHRAGMATIC PLEURA. LEVEL 4 LYMPH NODE (TRACHEOBRONCHIAL). LEVEL 8 LYMPH NODE (PARAESOPHAGEAL). LEVEL 7 LYMPH NODE (SUBCARINAL). PLEURA. 6TH RIB,. PATHOLOGY NO. HOSPITAL ID. HOSPITAL NO.: ACCOUNT NO. : M. DATE RECEIVED: PHYSICIAN (S) : ACCN REQ. NO. : NOT GIVEN. DIAGNOSIS: A. PERICARDIAL FAT AND PLEURA, EXCISION: MALIGNANT MESOTHELIOMA, BIPHASIC,. INFILTRATING FIBROADIPOSE TISSUE WITH ASSOCIATED FIBRINOUS SEROSITIS. B. DIAPHRAGMATIC PLEURA: MALIGNANT MESOTHELIOMA, BIPHASIC INVADING. FIBROCONNECTIVE TISSUE WITH ASSOCIATED ORGANIZING FIBRINOUS PLEURITIS AND. HYALINE PLAQUE. C. LEVEL FOUR LYMPH NODE (TRACHEOBRONCHIAL), BIOPSY: MULTIPLE (FOUR). ANTHRACOTIC LYMPH NODES, NEGATIVE FOR METASTASES. D. LEVEL EIGHT LYMPH NODE (PARAESOPHAGEAL), BIOPSY: ONE ANTHRACOTIC LYMPH. NODE, NEGATIVE FOR METASTASIS. E. LEVEL SEVEN LYMPH NODE (SUBCARINAL), BIOPSY: MULTIPLE (14) ANTHRACOTIC. LYMPH NODES, NEGATIVE FOR METASTASIS. F. PLEURA, PLEURECTOMY: MALIGNANT MESOTHELIOMA, BIPHASIC, INFILTRATING. FIBROCONNECTIVE TISSUE. ADDENDUM: Special stains for immunohistochemistry are pending. An addendum. will be issued with these results. SPECIMEN: A. PERICARDIAL FAT & PLEURA. B. DIAPHRAGMATIC PLEURA. C. LEVEL 4 LYMPH NODE (TRACHEOBRONCHIAL). D. LEVEL 8 LYMPH NODE (PARAESOPHAGEAL). E. LEVEL 7 LYMPH NODE (SUBCARINAL). F. PLEURA. G. 6TH RIB,. OPERATION: RT THORACOTOMY, PLEURECTOMY. PRE-OP DIAGNOSIS: MESOTHELIOMA. POST-OP DIAGNOSIS: NOT GIVEN. CLINICAL DATA: NOT GIVEN. GROSS DESCRIPTION: Multiple parts. Part A, received fresh labeled pericardial fat and pleura. The specimen. consists of an irregular shaped portion of yellow lobulated glistening adipose. tissue admixed with tan-pink fibrous tissue measuring 27 cm x 11 cm x 2.5 cm. overall. One surface shows a glistening tan-pink membranous tissue. The. opposite shows multiple nodules and pleural plaques ranging in size from 0.6 to. 6 cm. Upon sectioning the nodules, the cut surface is tan-white firm and. nodular, in areas becoming more glistening and fleshy, focal areas of necrosis. are present. Representative sections are submitted in 5 cassettes. The. section is submitted for frozen tumor bank. Part B received fresh labeled diaphragmatic pleura. The specimen consists of. two fragments of soft tissue. The largest fragment is 15 cm x 8 cm x 1 cm in. maximum dimension, one surface is tan-pink and roughened with fibrous. adhesions, the opposite side shows tan-white firm nodules, and plaque which. range in size from 1 cm to 6 cm. Grossly, the mass does not appear to invade. the skeletal muscle tissue. The second fragment of tissue is composed of a. tan-pink glistening membranous tissue measuring 9 cm x 3.5 x 0.2 cm. The. specimen has some firm nodularity present. Representative sections submitted. as follows: Cassettes 1-4-largest fragment,. Cassette 5-second fragment. Part C received fresh labeled level 4 lymph node (tracheal bronchial), the. specimen consists of an irregular portion of anthracotically pigmented lymph. nodes and soft tissue measuring 3.5 x 1.2 x 1 cm. Specimen is submitted in. toto in two cassettes. Part D received fresh labeled level 8 lymph node. The specimen consists of a. tan-brown rubbery lymph node measuring 1.2 x 0.4 x 0.2 cm. Specimen is. submitted in toto in one cassette labeled D. Part E received fresh labeled level 7 lymph node (subcarinal) . The specimen. consists of multiple fragments of anthracotically pigmented lymph nodes. aggregating to 6 cm x 3 cm x 0.3 cm. Largest lymph node is fragmented,. measures 2.5 x 1.2 x 1 cm. One of the fragments is composed of a yellow-tan. calcified nodule measuring 0.6 x 0.4 x 0.3 cm. Summary of sections is as follows: Cassette 1-one lymph node,. Cassette 2-one lymph node,. Cassette 3-three lymph nodes,. Cassette 4-five lymph nodes,. Cassette 5-four lymph nodes. Cassette 6-five lymph nodes,. Cassette 7-largest lymph node, one half,. Cassette 8-second half of the largest lymph node. Part F received fresh labeled pleura. The specimen consists of tan-pink. glistening tissue on one surface, the opposite surface shows white-tan nodular. plaque, the specimen measures 25 cm x 13 cm x 0.5 cm overall. Multiple nodules. across this surface range in size from 0.1 to 12 cm, the 12 cm mass is a. tan-white firm plaque. Second fragment of tissue is composed of a portion of. soft tissue measuring 15 cm x 10 cm x 1 cm. One surface is tan-pink smooth and. glistening, the opposite shows fibrous adhesions, the entire surface has a. yellow-tan nodular plaque present. In addition, there is a separate tan-brown. nodular mass that has been incised in multiple areas measuring 4 cm x 2 x 1 cm. Representative sections are submitted in 5 cassettes. CPT CODE: PATHOLOGY NO. : HOSPITAL ID.: : HOSPITAL NO. : ACCOUNT NO. : M. DATE RECEIVED: PHYSICIAN (S) : ACCN REQ. NO. : NOT GIVEN. ADDENDUM REPORT. Immunohistochemical stain support the diagnosis of malignant mesothelioma as. the proliferating cells are positive with cytokeratin, Wilm's tumor marker,. calretinin, and thrombomodulin. They are negative with actin cytokeratin 5/6. SPECIMEN: A. PERICARDIAL FAT & PLEURA. B. DIAPHRAGMATIC PLEURA. C. LEVEL 4 LYMPH NODE (TRACHEOBRONCHIAL). D. LEVEL 8 LYMPH NODE (PARAESOPHAGEAL). E. LEVEL 7 LYMPH NODE (SUBCARINAL). F. PLEURA. G. 6TH RIB,. OPERATION: RT THORACOTOMY, PLEURECTOMY. PRE-OP DIAGNOSIS: MESOTHELIOMA. POST-OP DIAGNOSIS: NOT GIVEN. CLINICAL DATA: NOT GIVEN. CPT CODE: Completed Action List:","1. The pathology report describes malignant mesothelioma in the pericardial fat and pleura, diaphragmatic pleura, and pleura. The tumor has invaded the pericardial fat, diaphragmatic pleura, and fibroconnective tissue. However, there is no mention of invasion into the lung, chest wall, mediastinal fat, or heart. Therefore, based on the long-term memory, the tumor could be T3 at this point.   
2. The report also mentions that the tumor does not appear to invade the skeletal muscle tissue in the diaphragm. This information supports the T3 stage, as T4 would require invasion into the diaphragmatic muscle.   
3. There is no mention of any doubt about the invasion of these structures, so no additional tests or imaging are required.   
4. Therefore, based on the information provided in the pathology report and the long-term memory, the final predicted T stage is T3.",T3,,,,,False,"['If the tumor is limited to the ipsilateral parietal pleura, it might be T1.', ""If the tumor has invaded the diaphragm, it's T3."", ""If the tumor has invaded the lung, it's T3."", ""If the tumor has invaded the chest wall, mediastinal fat, pericardium, heart, or diaphragmatic muscle, it's T4."", 'If there is any doubt about the invasion of these structures, additional tests or imaging should be done.']"
MESO,TCGA-SC-AA5Z,TCGA-SC-AA5Z.6510EC39-20FA-40AB-B640-7E02E98F3FC7,T4,3.0,N2,2.0,"(Age: M. Clinical Diagnosis & History: History of renal cell carcinoma, never smoker but positive aecond hand, no. asbestos exposure, recurrent left pleural effusion with pleural thickening. on imaging. Specimens Submitted: 1: Left pleura biopay (fs). 2: Additional left pleural biopsy. DIAGNOSIS: 1. Left pleura biopsy (fs) : - Malignant mesothelioma, epitheloid type; see note. Note: Immunohistochemistry demonstrates that tumor cells are positive for. calretinin, AE1:AE3 and WT1, while they are negative for CD15, PAX8, BerEp4. and CEA. 2. Additional left pleural biopsy: - Malignant mesothelioma, epitheloid type; see note. Note: Immunohistochemistry demonstrates that tumor cells are positive for. calretinin, while they are negative for PAX8. Some of the immunohistochemistry and ISH tests were developed and their. performance characteristica were determined by the Department of Pathology. They have not been cleared or approved by the US Food and Drug. Administration. The FDA has determined that such clearance or approval is. not necessary. These tests are used for clinical purposes. They should not. be regarded as investigational or for research. This laboratory is certified. under the Clinical Laboratory Improvement Amendments of 1988 (CLIA '88) as. qualified to perform high complexity clinical laboratory testing. I ATTEST THAT THE ABOVE DIAGNOSIS IS BASED UPON NY PERSONAL EXAMINATION OF. THE SLIDES (AND/OR OTHER MATERIAL), AND THAT I HAVE REVIEWED AND APPROVED. THIS REPORT. malignant 2e 9052/3. SURGICAL PATHOLOGY REFORT. Service: Thoracic. Account. Gross Description: 1) The specimen is received fresh for frozen section consultation, labeled. ""left pleural biopay"" and consists of multiple fragments of membranous and. nodular tissue measuring 2.8 x 2.1 x 0.4 cm in aggregate. Specimen is. entirely submitted for frozen section. Summary of sections: FSC - frozen section control. 2) The specimen is received fresh, labeled ""Additional left pleural biopsy"",. and consists of a 3.0 x 2.5 x 0.4 am aggregate of tan-pink fibromembranous. tissue. The specimen is entirely submitted. Summary of sections: U-undesignated. Summary of Sections: Part 1: Left pleura biopsy (fs). Block. Sect. Site. PCa. 1. FSC. 10. Part 2: Additional left pleural biopsy. Block. Sect. Site. PCa. 1. U. 1. Intraoperative Consultation: Note: The diagnoses given in this section pertain only to the tiasue sample. examined at the time of the intraoperative consultation. 1. Frozen Section Diagnosis: Left pleura biopsy (fs) : Epithelioid neoplasm. defer to permanents for further classification; differential includes. mesothelioma. Permanent Diagnosis: Same. 2. Frozen Section Diagnosis: 2. Additional left pleural biopsy (fs) Per. submitting clinician, no frozen is performed. Permanent Diagnosis: Same. SURGICAL PATUOLOGY REPORT. Service: Thoracic. Note: The diagnoses given in this section pertain only to the tissue sample. examined at the time of the intraoperative consultation. 1. Frozen Section Diagnosis: Left pleura biopay (fs) Epithelioid neoplasm. defer to permanents for further classification; differential includes. mesothelicma. Permanent Diagnosis: Same. 2. Frozen Section Diagnosia: 2. Additional left pleural biopsy (fs) Per. submitting clinician, no frozen is performed. Permanent Diagnosis: Same.","1. The pathology report provides a diagnosis of malignant mesothelioma, epithelioid type. This is consistent with the clinical diagnosis of recurrent left pleural effusion with pleural thickening.   
2. The AJCC 7th edition T staging for mesothelioma is based on the extent of the tumor. According to the long-term memory rules: 
   - If the tumor is limited to the ipsilateral parietal pleura, it might be T1. However, the report does not explicitly mention whether the tumor is limited to the ipsilateral parietal pleura. Given that the patient has a history of renal cell carcinoma and recurrent left pleural effusion, it is likely that the tumor has spread beyond the parietal pleura. 
   - If the tumor has invaded the diaphragm, it's T3. The report does not mention diaphragm invasion, but it also does not rule it out. 
   - If the tumor has invaded the lung, it's T3. The report does not mention lung invasion, but it also does not rule it out. 
   - If the tumor has invaded the chest wall, mediastinal fat, pericardium, heart, or diaphragmatic muscle, it's T4. The report does not mention invasion of these structures, but it also does not rule them out. 
3. Given the lack of information in the report about the extent of the tumor, it is not possible to definitively assign a T stage based on the information provided. However, based on the long-term memory rules and the fact that the patient has a history of renal cell carcinoma and recurrent left pleural effusion, it is likely that the tumor has spread beyond the ipsilateral parietal pleura. Therefore, the most likely T stages are T3 or T4.",T3 or T4,,,,,False,"['If the tumor is limited to the ipsilateral parietal pleura, it might be T1.', ""If the tumor has invaded the diaphragm, it's T3."", ""If the tumor has invaded the lung, it's T3."", ""If the tumor has invaded the chest wall, mediastinal fat, pericardium, heart, or diaphragmatic muscle, it's T4."", 'If there is any doubt about the invasion of these structures, additional tests or imaging should be done.']"
MESO,TCGA-MQ-A4LM,TCGA-MQ-A4LM.01985FC2-F0A2-4B31-B7D2-37C86717AC8F,T3,2.0,N0,0.0,"Result date: SPECIMEN DESCRIPTION. ANTERIOR THORACOSCOPY SITE. PERICARDIUM. RIB RIGHT. LEVEL 4. LEVEL 10. LEVEL 7. LEVEL 9. PHRENIC NERVE. VICERA PLEURA. PLEURA. POSTERIOR THORACOSCOPY SITE. DIAPHRAGM. PATHOLOGY NO. : HOSPITAL ID: PATIENT ID: HOSPITAL NO. : ACCOUNT NO. : DATE RECEIVED: PHYSICIAN (S) : ACCN REQ. NO. : NOT GIVEN. REFERRING PHYS: ATTENDING PHYS: DIAGNOSIS: A. LABELED ANTERIOR THORACOSCOPY SITE, EXCISION: SKIN AND SUBCUTANEOUS TISSUE WITH SUTURE GRANULOMAS AND FOREIGN BODY GIANT CELL. REACTION. NO EVIDENCE OF MALIGNANCY. B. LABELED PERICARDIUM, EXCISION: MALIGNANT MESOTHELIOMA, MIXED TYPE, SEE COMMENT. C. LABELED RIGHT RIB, EXCISION: PORTON OF BONE AND BONE MARROW WITH NO EVIDENCE OF TUMOR. D. LABELED LEVEL 4 LYMPH NODE, EXCISION: NO EVIDENCE OF MALIGNANCY IN ONE LYMPH NODE (0/1) . E. LABELED LEVEL 10 LYMPH NODE, EXCISION: NO EVIDENCE OF MALIGNANCY IN ONE LYMPH NODE (0/1). F. LABELED LEVEL 7 LYMPH NODE, EXCISION: NO EVIDENCE OF MALIGNANCY IN ONE LYMPH NODE (0/1). G. LABELED LEVEL 9 LYMPH NODE, EXCISION: NO EVIDENCE OF MALIGNANCY IN ONE LYMPH NODE (0/1) . H. LABELED PHRENIC NERVE, EXCISION: NO EVIDENCE OF MALIGNANCY. I. FIBROCONNECTIVE TISSUE WITH FIBRINOUS EXUDATE AND CHRONIC INFLAMMATION. NO. LABELED VISCERAL PLEURA, EXCISION: EVIDENCE OF MALIGNANCY. J. LABELED PLEURA, EXCISION: MALIGNANT MESOTHELIOMA, MIXED TYPE. TWO LYMPH NODES WITH MILD FOLLICULAR HYPERPLASIA AND NO EVIDENCE OF MALIGNANCY. K. LABELED POSTERIOR THORACOSCOPY SITE, EXCISION: SKIN AND SUBCUTANEOUS TISSUE WITH SUTURE GRANULOMAS AND FOREIGN BODY GIANT CELL. REACTION. NO EVIDENCE OF MALIGNANCY. L. LABELED DIAPHRAGM, EXCISION: MALIGNANT MESOTHELIOMA, MIXED TYPE. NOTE: Histologic examination of the submitted pericardium, pleura, and. diaphragm show the mixed phase malignant mesothelioma of epithelioid and. spindle cells components interspersed by collagenous and fibrous stroma. There. is moderate nuclear atypia and scattered mitotic figures along with a few. atypical mitoses. The tumor infiltrates into the adjacent adipose tissue and. focal lymphoid infiltration. In the specimen labeled (diaphragm) the tumor is. adherent to skeletal muscle fibers. SPECIMEN: A. ANTERIOR THORACOSCOPY SITE. B. PERICARDIUM. C. RIB RIGHT. D. LEVEL 4. E. LEVEL 10. F. LEVEL 7. G. LEVEL 9. H. PHRENIC NERVE. I. VICERA PLEURA. PLEURA. K. POSTERIOR THORACOSCOPY SITE. L. DIAPHRAGM. OPERATION: RIGHT EXTRAPLEURAL PNEUMONECTOMY. PRE-OP DIAGNOSIS: MESOTHELIOMA. POST-OP DIAGNOSIS: SAME. CLINICAL DATA: NOT GIVEN. GROSS DESCRIPTION: A. Received fresh labeled anterior thoracoscopy site. The specimen consists. of a piece of adipose tissue measuring 4.4 x 2.2 x 0.8 cm, partially covered by. an ellipse of white-tan skin measuring 3.6 x 1.4 cm. A longitudinal scar is. noted in the middle of the skin measuring 2 cm in length. The cut surfaces. show the specimen to be composed of 95% of adipose tissue and 5% fibrous. tissue. The representative sections are submitted in two cassettes. B. Received fresh labeled pericardium. The specimen consists of a piece of. pericardium and attached adipose tissue. The pericardium measures 7.5 x 5 cm. and is pink-tan, and the adipose tissue measures 5.5 x 5 x 1.5 cm. Numerous. tan, rubbery nodules are attached both to the surface of the pericardium and. the attached adipose tissue, the largest, which is attached to the pericardium. measures 1.1 cm in maximal dimension. The representative sections are. submitted in four cassettes. C. D. Received fresh labeled level 4. The specimen consists of multiple pieces of. tan to red soft tissue ranging in size from 0.7 x 0.6 x 0.4 cm to 2.5 x 1 x 0.5. cm. The specimen is submitted in toto in two cassettes. E. Received fresh labeled level 10. The specimen consists of a dark red to. dark gray lymph node measuring 2 x 1.3 x 0.9 cm. The lymph node is. multisected. The cut surfaces showed dark gray, anthracotic surfaces. The. specimen is submitted in toto in three cassettes. F. Received fresh labeled level 7. The specimen consists of mutiple pieces of. dark red anthracotic tissue compatible with lymphoid tissue and ranging in size. from 1.7 x 1 x 0.5 cm to 3 x 1.1 x 0.5 cm. The specimen is submitted in toto. in five cassettes. G. Received fresh labeled level 9. The specimen consists of a piece of tan to. dark red soft tissue measuring 1.5 x 1 x 0.4 cm. The specimen is submitted in. toto in one cassette. H. Received fresh labeled phrenic nerve. The specimen consists of an elongated. piece of tan to yellow soft tissue measuring 5.1 cm in length and ranging from. 0.2 to 0.5 cm in thickness. The specimen is serially sectioned and the. representative sections are submitted in two cassettes. I. Received fresh labeled visceral pleura. The specimen consists of multiple. pieces of pink-tan serosal tissue compatible with pleura which are smooth and. shiny on one surface and roughened on the other surface. They range in size. from 1.8 x 0.9 cm through 11 x 5.7 cm and measure less than 0.2 cm in. thickness. J. Received fresh labeled pleura. The specimen consists of a flat, pink-tan. fibromembranous tissue compatible with pleura which measures 33 x 24 cm on its. surface and ranges from 0.1 to 1 cm in thickness. Multiple nodularities are. noted in different areas of the specimen and range in size from 0.3 cm to 3.5. x. 2.3. cm. A large plaque like, appearance of tan to yellow thickening is also. noted in one area and measures 6.5 x 5.5 cm. Areas of attached adipose tissue. also noted and measures 9 x 5 x 2.3 cm. The cut surfaces of the plaque in. are the nodular areas show rubbery, homogenous tan tissue. The representative. sections are submitted in eight cassettes. The specimen also includes another. piece of adipose tissue which is partly covered by serosal tissue. Representative sections including sections of a nodular area and a lymph node. are submitted in cassettes #9 and #10. K. Received fresh labeled posterior thoracoscopy site. The specimen consists. of an ellipse of skin with underlying subcutaneous and adipose tissue. The. skin ellipse is white-tan and measures 4.7 x 3 cm and the underlying tissue has. a depth of 4 cm. The specimen is serially sectioned. The cut surfaces show. 75% adipose tissue and 25% fibrous tissue, the fibrous tissue is mainly. localized to the central area of the specimen and ellipse stellate shaped. fashion. The representative sections are submitted in two cassettes. L. Received fresh labeled diaphragm. The specimen consists of a portion of. diaphragm measuring 25 x 13 cm on its surface and ranging in thickness from 0.5. to 0.8 cm. The thicker areas are located in the middle of the specimen and. comprise a firm, tan plaque in this area. This plaque is noted especially on. the pleural surface and measures 10.5 x 6.5 cm. The peritoneal surface is. partly covered by serosa in an area measuring 15 x 10 cm and no significant. abnormality is noted on this surface. Other nodular areas are noted in the. periphery of the pleural surface and range from 0.5 to 1.7 cm in their maximum. dimensions. The cut surfaces show part of the plaque-like area to be composed. of dense fibrous tissue compatible with the membranous, portion of the. diaphragm, however, in some areas, there is tan rubbery thickening overlying. the fibrous tissue. These thickenings are similar to the nodularities in the. previous portions. The representative sections are submitted in six. cassettes. CPT CODE: Completed Action I ist. Perform by.","The pathology report mentions malignant mesothelioma in the pericardium, pleura, and diaphragm. According to the long-term memory (AJCC 7th-aligned rules), if the tumor has invaded the pericardium, it's T3 or T4. Similarly, if the tumor has invaded the diaphragm, it's T3 or T4. Since the report mentions malignant mesothelioma in both pericardium and diaphragm, the T stage should be T3 or T4. However, the report also mentions that the tumor is adherent to skeletal muscle fibers in the diaphragm specimen, which suggests T4 invasion into the muscle. Therefore, the final T stage is T4.",T4,,,,,False,"['If the tumor is limited to the ipsilateral parietal pleura, it might be T1.', ""If the tumor has invaded the diaphragm, it's T3."", ""If the tumor has invaded the lung, it's T3."", ""If the tumor has invaded the chest wall, mediastinal fat, pericardium, heart, or diaphragmatic muscle, it's T4."", 'If there is any doubt about the invasion of these structures, additional tests or imaging should be done.']"
MESO,TCGA-TS-A7OZ,TCGA-TS-A7OZ.EB690ABE-CEB6-4840-B2FC-B12CDE60A8C3,T3,2.0,N1,1.0,"Date Printed. Date Collected : Date Received: years Sex: Male. Accession No: $ 1pa10 8 p 0 l' /. Clinical Information. year old male with mesothelioma; Radical Pleurectomy, PDT. Final Diagnosis. 1. PREVIOUS INCISION SITE: Skin and underlying soft tissue with scar and changes of previous biopsy site. No tumor seen. 2. CHEST WALL FATTY MASS: Sections of mature adipose tissue. 3. RIB: Benign lamellar bone with trilinear bone marrow formation present. No tumor seen. 4. POSTERIOR INTERCOSTAL NODE: Sections of lymph node, no tumor seen. 5. PHRENIC NODE: Tissue and sections of lymph node with presence of malignant mesothelioma. 6. PERIPHRENIC TISSUE: Fibroadipose tissue and nodules of soft tissue with presence of malignant mesothelioma. 7. PERICARDIUM: Soft tissue with presence of nodules of malignant mesothelioma, some of which may represent lymph nodes replaced by. malignant tumor. 8. STATION 9: Sections of nodules with lymphoid margin showing presence of malignant mesothelioma, favor replacement of lymph. node by malignant mesothelioma. 9. STATION 5: Sections of lymph node, no tumor seen. 10. STATION 6: Sections of lymph node, no tumor seen. 11. STATION 7: Date Printed: Date Collected : Date Received: years Sex: Male. Accession No. Loc.: S u l' 9 / c a / P a 1 n 0 / o g y R e p o , t. Sections of lymph node, no tumor seen. 12. RADICAL PLEURECTOMY: Pleura with presence of malignant mesothelioma. 13. STATION 8: Sections of lymph node, no tumor seen. The case material was reviewed and the report verified by: MD. (Electronic signature). Verification Date: Note. The malignant tumor is consistent with epithelioid mesothelioma. The calretinin stain stains the epithelial aspect of the lesion. A prominent underlying stromal component is negative for. calretinin and is considered a reactive stromal response rather than a sarcomatoid differentiation. Frozen Section Diagnosis. FS1: Incision Site: Skin with biopsy site at scar. No definite tumor present. Gross Description. The specimen is received in 13 parts in a container labeled with the patient's name and medical record number. Specimen #1 is received fresh for frozen section and designated ""previous incision site"" and consists of a 5.1 x 1.0 cm. skin ellipse excised to a depth of 2.1 cm. The skin surface displays a linear scar which spans the entire length of the. specimen. Representative sections are submitted for frozen section and the frozen section control is submitted in cassette. 1A. Additional representative sections are submitted in cassette 1B. Specimen #2 is received in formalin and designated ""chest wall fatty mass"" and consists of a 40 gram, 7.1 x 6.1 x 4.0 cm. well circumscribed tan yellow nodule. One surface of the specimen is more ragged and slightly flattened, possibly. consistent with the resection margin (inked black). The remaining surfaces are covered by glistening soft tissue. Sectioning reveals tan yellow coarsely lobulated cut surfaces. Representative sections are submitted in cassettes 2A. through 2C. Specimen #3 is received in formalin and designated ""rib"" and consists of three cylindrical portions of firm and trabeculated. bone ranging from 5.5 to 6.5 cm in length and averaging 1.8 cm in diameter, grossly consistent with portions of rib. Each. Date Printed: MRNi. Date Collected. Date Received. years Sex: Male. Accession No 1. Loc.: S h 0 / 0 g y R 0 p 0 , t. fragment has red brown, rubbery soft tissue attached, grossly consistent with fragments of muscle. No discrete masses. or lesions are identified. A representative section is submitted in cassette 3A following decalcification. Specimen #4 is received in formalin and designated ""posterior intercostal node"" and consists of multiple tan yellow to tan. gray, irregular to nodular fragments of tissue ranging from 0.2 to 0.9 cm in greatest dimension. The specimen is submitted. in toto in cassette 4A. Specimen #5 is received in formalin and designated ""phrenic node"" and consists of two nodular fragments of tan gray,. rubbery tissue measuring 1.5 and 2.0 cm in greatest dimension. The specimen is submitted in toto in cassette 5A. Specimen #6 is received in formalin and designated ""periphrenic tissue"" and consists of a 7.5 X 3.5 X 2.0 cm irregular. portion of gray purple to tan yellow, coarsely lobulated tissue which displays multiple tan white, indurated nodules ranging. from 0.6 to 0.9 cm in greatest dimension. Representative sections are submitted in cassettes 6A and 6B. Specimen #7 is received in formalin and designated ""pericardium"" and consists of multiple ragged and irregular fragments. of gray purple to tan yellow soft tissue ranging from 1.0 to 8.5 cm in greatest dimension. The specimen displays multiple. tan white, indurated nodules which coalesce on the larger fragment, measuring up to 4.5 cm in greatest dimension. Representative sections are submitted in cassette 7A. Specimen #8 is received in formalin and designated ""station 9a and consists of three tan gray, rubbery and irregular to. slightly nodular fragments of tissue ranging from 1.2 to 2.8 cm in greatest dimension. The specimen is submitted in toto in. cassette 8A. Specimen #9 is received in formalin and designated ""station 5"" and consists of two irregular tan gray, nodular tissue. fragments measuring 0.3 and 2.5 cm in greatest dimension. The larger fragment is bisected and the specimen is. submitted entirely in cassette 9A. Specimen #10 is received in formalin and designated ""station 6"" and consists of a 0.9 x 0.5 X 0.3 cm tan gray, nodular. tissue fragment which is submitted in toto in cassette 10A. Specimen #11 is received in formalin and designated ""station 7"" and consists of two tan gray to tan yellow nodular soft. tissue fragments measuring 0.9 and 1.4 cm in greatest dimension. The specimen is submitted in toto in cassette 11A. Specimen #12 is received in formalin and designated ""radical pleurectomy"" and consists of a 17.2 x 16,4 x 7.0 cm. aggregate of multiple irregular gray purple to tan yellow, ragged soft tissue fragments which display an abundant amount. of tan white, indurated nodules ranging from 0.2 to 7.5 cm in greatest dimension. The nodules appear to coalesce in focal. areas. Representative sections are submitted in cassettes 12A through 12E. Specimen #13 is received in formalin and designated ""station 8"" and consists of a 1.2 cm in greatest dimension tan gray. Date Printed: Date Collected : Date Received: be: years Sex: Male. Accession Not. Loc.: Surgical P a t h 0 / 0 g y A 0 p. 0 / I. to tan yellow, nodular soft tissue fragment which is submitted in toto in cassette 13A. Pathologist(s).","1. The pathology report indicates that there is no tumor found in the previous incision site or the chest wall fatty mass (specimens #1 and #2). This suggests that the tumor has not invaded the chest wall, which is a T4 characteristic.
2. There is also no tumor found in the rib (specimen #3), posterior intercostal node (specimen #4), or stations 5, 6, 7, and 8 (specimens #5, #6, #10, #11, and #13). This further supports that the tumor has not invaded the chest wall, mediastinal fat, or any of the other T4 structures.
3. However, the report does indicate that there is malignant mesothelioma found in the phrenic node (specimen #5), periphrenic tissue (specimen #6), and pericardium (specimen #7). These are structures that, if invaded, would classify the tumor as T3 or T4.
4. The AJCC 7th edition states that if the tumor has invaded the diaphragm, it is T3. The phrenic node and periphrenic tissue are closely related to the diaphragm, and the report indicates that there is malignant mesothelioma in these areas. Therefore, it is reasonable to infer that the tumor has invaded the diaphragm.
5. The report also indicates that there is malignant mesothelioma in the pericardium (specimen #7). The pericardium is a structure that, if invaded, would classify the tumor as T4.
6. Based on this information, the tumor can be classified as T3 because it has invaded the diaphragm. However, because there is also evidence of invasion into the pericardium, the tumor may also be classified as T4.
7. In cases of uncertainty, the AJCC 7th edition recommends additional tests or imaging to clarify the stage. However, based on the information provided in this pathology report, the tumor can be classified as at least T3.",T3,,,,,False,"['If the tumor is limited to the ipsilateral parietal pleura, it might be T1.', ""If the tumor has invaded the diaphragm, it's T3."", ""If the tumor has invaded the lung, it's T3."", ""If the tumor has invaded the chest wall, mediastinal fat, pericardium, heart, or diaphragmatic muscle, it's T4."", 'If there is any doubt about the invasion of these structures, additional tests or imaging should be done.']"
MESO,TCGA-MQ-A4LI,TCGA-MQ-A4LI.15AE69C3-52C2-4CD3-A1BD-6E4EAD5B6631,T2,1.0,N0,0.0,"Result Date: SPECIMEN DESCRIPTION. (NOTE). (15) SLIDES (9). (2). (4). PATHOLOGY NO. : HOSPITAL NO. : ACCOUNT NO. : F. DATE RECEIVED: PHYSICIAN (S) : DIAGNOSIS: PLEURA, LEFT, BIOPSY. A. MALIGNANT NEOPLASM WITH FEATURES CONSISTENT WITH MESOTHELIOMA (PLEASE SEE. COMMENT). B. LUNG, BRUSHING. BRONCHIAL EPITHELIAL CELLS WITH REACTIVE. CHANGES. NEGATIVE FOR MALIGNANCY. C. LUNG, WASHING. : BRONCHIAL CELLS WITH REACTIVE CHANGES. NEGATIVE FOR MALIGNANCY. COMMENT: The biopsy displays fragments of fibroadipose tissue and skeletal. muscle infiltrated by a poorly differentiated neoplasm formed by epithelioid. cells with high nuclear grade. The neoplastic cells are positive for S-100. while negative for carcinoembryonic antigen and Leu-M1 (as per immunohisto-. chemistry performed at. Additionally, immuno-. histochemistry performed at. revealed that the malignant cells. are strongly positive for keratin, while negative for carcinoembyronic antigen,. B72.3 Ber-Ep4, and CD 15. Constellation of histological and. immunohistochemical findings are those of a malignant mesothelioma. SPECIMEN: A. (15) SLIDES (9). (2). (4). (1) BLOCK. OPERATION: PRE-OP DIAGNOSIS: POST-OP DIAGNOSIS: CLINICAL DATA: GROSS DESCRIPTION: Received from : are 15 slides and 1. block as labeled above. Completed Action List: Perform by.","1. The pathology report indicates the presence of a malignant mesothelioma in the left pleura. The T stage for mesothelioma is determined by the extent of the tumor's invasion into surrounding structures. The report does not provide information on whether the tumor has invaded the diaphragm, lung, chest wall, mediastinal fat, pericardium, heart, or diaphragmatic muscle.   
2. According to the long-term memory derived from the AJCC Cancer Staging Manual (7th edition), if the tumor is limited to the ipsilateral parietal pleura, it might be T1. However, the report does not explicitly state that the tumor is limited to the pleura. Therefore, additional assumptions or information are needed.   
3. Given that the report mentions 'fragments of fibroadipose tissue and skeletal muscle' in the biopsy, it suggests that the tumor might have invaded these structures. However, the report does not confirm this invasion.   
4. Due to the lack of clear information about the invasion of surrounding structures, it is not possible to definitively assign a T stage based solely on this pathology report.   
5. If we assume that the tumor is limited to the ipsilateral parietal pleura and has not invaded any other structures, then the T stage would be T1. However, this is an assumption and not based on the information provided in the report.",T1 (assumption; not confirmed by the report),,,,,False,"['If the tumor is limited to the ipsilateral parietal pleura, it might be T1.', ""If the tumor has invaded the diaphragm, it's T3."", ""If the tumor has invaded the lung, it's T3."", ""If the tumor has invaded the chest wall, mediastinal fat, pericardium, heart, or diaphragmatic muscle, it's T4."", 'If there is any doubt about the invasion of these structures, additional tests or imaging should be done.']"
MESO,TCGA-SH-A7BD,TCGA-SH-A7BD.45C80404-E67C-4FFF-9655-353F55D74312,T2,1.0,N0,0.0,"Sex: M. Date Collected: Date Received: Date Printed: SPECIMEN DETAILS. Right pleural biopsies. CLINICAL INFORMATION. cough. Pieural fluid ? meso. Never smoker. RADIOLOGICAL/ CT FINDINGS AND STAGE. Large right malignant pleural effusions. MACROSCOPIC DESCRIPTION. Multiple pieces of slightly papillary appearing pink tissue in total 2 x 1.5 cm. N in 1 as A no reserve. MICROSCOPIC REPORT. Multiple but not CK7, CEA or TTF-1 in keeping with an epithelioid malignant mesothelioma. pleural fragments infiltrated by an epithelioid tumour. The cells express CK5/6, WT-1 and calretinin. Reporting Pathologist: Authorising Pathologist:","The pathology report provides information about a patient with malignant mesothelioma, specifically an epithelioid subtype, on the right side. The AJCC 7th edition T staging for malignant mesothelioma is based on the extent of the primary tumor (T), the involvement of regional lymph nodes (N), and the presence of distant metastasis (M). However, the report does not provide enough information to determine N or M stages. Thus, I will focus on the T stage using the long-term memory rules. 

Step 1: Examine the report for information about the invasion of the ipsilateral parietal pleura. According to the report, the biopsies were taken from the right pleural biopsies, which indicates that the tumor is located in the ipsilateral parietal pleura. This matches the T1 criteria. 

Step 2: Check for invasion of other structures. The report does not mention any invasion of the diaphragm, lung, chest wall, mediastinal fat, pericardium, heart, or diaphragmatic muscle. Therefore, based on the given information, there is no evidence of T2, T3, or T4 stage. 

Step 3: Consider the possibility of uncertainty or additional tests. The report does not mention any uncertainty regarding the invasion of nearby structures, and no additional tests were mentioned. 

Given the available information, the T stage can be predicted as T1, since the tumor is limited to the ipsilateral parietal pleura.",T1,,,,,False,"['If the tumor is limited to the ipsilateral parietal pleura, it might be T1.', ""If the tumor has invaded the diaphragm, it's T3."", ""If the tumor has invaded the lung, it's T3."", ""If the tumor has invaded the chest wall, mediastinal fat, pericardium, heart, or diaphragmatic muscle, it's T4."", 'If there is any doubt about the invasion of these structures, additional tests or imaging should be done.']"
MESO,TCGA-YS-AA4M,TCGA-YS-AA4M.90EF92D1-7D02-4A39-8C93-5F88EAC28516,T1b,0.0,N0,0.0,"PRIMARY SITE: Pleura. ""Biopsy from right pleura (samples 1 and 2)"" : Mesothelioma. Note: See exam bellow. Immunohistochemistry exam: The morphological findings associated with immunohistochemical panel are compatible. with Mesothelioma.","Given the pathology report, we know that the patient has mesothelioma in the right pleura. However, the report does not provide enough information about the extent of the tumor to determine the T stage according to the AJCC 7th edition manual. The long-term memory rules will be used as guard rails to determine the T stage. Based on the rules: 1) If the tumor is limited to the ipsilateral parietal pleura, it might be T1. But the report does not explicitly mention if the tumor is limited to the parietal pleura or has invaded other structures. 2) If the tumor has invaded the diaphragm, it's T3. The report does not mention diaphragm invasion. 3) If the tumor has invaded the lung, it's T3. The report does not mention lung invasion. 4) If the tumor has invaded the chest wall, mediastinal fat, pericardium, heart, or diaphragmatic muscle, it's T4. The report does not mention invasion of these structures. 5) If there is any doubt about the invasion of these structures, additional tests or imaging should be done. Since the report does not provide enough information, it is recommended to conduct additional tests or imaging to accurately determine the T stage.","Unknown (T1, T2, T3, or T4), additional tests required","{""reasoning"": ""Given the pathology report, we know that the patient has mesothelioma in the right pleura. However, the report does not provide enough information about the extent of the tumor to determine the T stage according to the AJCC 7th edition manual. The long-term memory rules will be used as guard rails to determine the T stage. Based on the rules: 1) If the tumor is limited to the ipsilateral parietal pleura, it might be T1. But the report does not explicitly mention if the tumor is limited to the parietal pleura or has invaded other structures. 2) If the tumor has invaded the diaphragm, it's T3. The report does not mention diaphragm invasion. 3) If the tumor has invaded the lung, it's T3. The report does not mention lung invasion. 4) If the tumor has invaded the chest wall, mediastinal fat, pericardium, heart, or diaphragmatic muscle, it's T4. The report does not mention invasion of these structures. 5) If there is any doubt about the invasion of these structures, additional tests or imaging should be done. Since the report does not provide enough information, it is recommended to conduct additional tests or imaging to accurately determine the T stage."", ""stage"": ""Unknown (T1, T2, T3, or T4), additional tests required""}",,,,False,"['If the tumor is limited to the ipsilateral parietal pleura, it might be T1.', ""If the tumor has invaded the diaphragm, it's T3."", ""If the tumor has invaded the lung, it's T3."", ""If the tumor has invaded the chest wall, mediastinal fat, pericardium, heart, or diaphragmatic muscle, it's T4."", 'If there is any doubt about the invasion of these structures, additional tests or imaging should be done.']"
MESO,TCGA-UD-AAC1,TCGA-UD-AAC1.97EA8988-20F9-4E07-B2A5-C0B584DAC700,T2,1.0,N2,2.0,"Printed. Sex: F. CLINICAL HISTORY: Right mesothelioma. MACROSCOPIC: Norm. Right pleural mesothelioma: Roughly triangular shaped piece of pleural. File. tissue measuring 100mm X 70mm and up to 15mm in thickness. The. Note. surfaces appear nodular and irregular with some haemorrhage present on. Requi. both surfaces. The pleura appears thinner towards the tailing narrow. end which measures up to 35mm. There appears to be a cut through the. Patie. nodular thickened area. The cut surface shows a lobulated and whorled. Notifi. grey tan yellowish cut surface focally. Specimen is sliced from the. Patie. hicker end to the thinner and the cut surface is relatively. Will (. nomogeneous from one end to the other (A-G 7x1, H 1xM,. MICROSCOPIC: Mak. Sections show the specimen to be almost entirely infiltrated by a. Appoint. malignant tumour. The tumour is forming nests and poorly formed. Colle. glandular structures and is composed of epithelioid cells with round. Prescrip. nuclei, prominent nucleoli and abundant eosinophilic cytoplasm. The. tumour infiltrates from the pleural surface through fat and focally is. On Coi. seen at the deep margin of the biopsy. Geographic areas of necrosis. Treatir. are evident. A focal papillary pattern is seen along the surface. Check. Doct. Page 1 of. 2. M. Confidentiality: This document is confidential. If you are not the intended recipient you must not read, copy, distribute or act in. reliance on it. If you have recieved this document in error please notify us immediately and destroy the original message. raye c UI 2. Pränted. M. Sex: F. - 2 -. Immunoperoxidase stains show strong staining with Cam5. 2 and. calretinin, weaker staining with CD5/6 and no staining with CEA or. Norm. BerEp4. File. Note. CONCLUSION: Requi. Right pleural lesion: Deeply invasive malignant mesothelioma. Tumour. extends up to the deep margin of excision. Parie. Notif. Parie. Will (. Mak. Appoint. Colle. Prescri]. On Co. Tream. Check. Doct. M. Confidentiality: This document is confidential. If you are not the intended recipient you must not read, copy, distribute or act in. rellance on it. If you have recieved this document in error please notify us immediately and destroy the original message.","1. The pathology report states that the patient is a female (F) with a right-sided mesothelioma. This information is not directly used in T staging but provides context.    
2. Macroscopic examination reveals a roughly triangular-shaped piece of pleural tissue with a nodular and irregular surface, some hemorrhage, and a thinner area at one end. Microscopic examination shows the specimen to be almost entirely infiltrated by a malignant tumor composed of epithelioid cells. These findings suggest that the tumor has spread beyond the initial site of origin.    
3. The tumor is seen infiltrating from the pleural surface through fat and focally at the deep margin of the biopsy. This indicates that the tumor has invaded structures beyond the pleura, but there is no information about invasion of specific structures such as the diaphragm, lung, chest wall, mediastinal fat, pericardium, heart, or diaphragmatic muscle.    
4. Based on the available information, the tumor has invaded the pleura and fat, which would typically correspond to T2 or T3 staging. However, without definitive evidence of diaphragm, lung, or chest wall invasion, we cannot classify it as T3.    
5. Given the uncertainty about invasion of specific structures, additional tests or imaging should be performed to determine the exact T stage.    
6. However, based on the given information and using the AJCC 7th edition as a guide, a tentative T stage can be assigned.    

7) Final Predicted T Stage: T2",T2,,,,,False,"['If the tumor is limited to the ipsilateral parietal pleura, it might be T1.', ""If the tumor has invaded the diaphragm, it's T3."", ""If the tumor has invaded the lung, it's T3."", ""If the tumor has invaded the chest wall, mediastinal fat, pericardium, heart, or diaphragmatic muscle, it's T4."", 'If there is any doubt about the invasion of these structures, additional tests or imaging should be done.']"
MESO,TCGA-3U-A98I,TCGA-3U-A98I.034C160F-20F8-42D2-A1EE-DF8ED1B569B3,T4,3.0,N3,3.0,"Gender: Male. Race: White. Report Date: Tissue Procurement Date: Amended. FINAL PATHOLOGIC DIAGNOSIS. A. Left pleura, pleurectomy: - Malignant mesothelioma, biphasic type, 90% epithelioid (30% tubular, 30%. micropapillary, 20% acinar, 20% solid) and 10% sarcomatoid, see parameters. B. # 5 lymph node, biopsy: - One lymph node, extensively replaced by metastatic mesothelioma. (epithelioid) with extracapsular involvement (1/1), see comment. C. 10L lymph node, biopsy: - One lymph node, positive for metastatic mesothelioma (epithelioid) (1/1),. see comment. D. # 6 lymph node, biopsy: - Two lymph nodes, positive for metastatic mesothelioma (epithelioid) in. lymph node parenchyma and lymphatic spaces (2/2), see comment. E. Left chest wall lymph node, biopsy: - One lymph node, positive for metastatic mesothelioma (epithelioid) (1/1),. see comment. Thoracic Mesothelioma Pathologic Parameters. Pleura/Pericardium, Resection. MACROSCOPIC. Specimen Type: Pleural resection with portion of pericardium and diaphragm. Tumor Site: Left pleura. Tumor Configuration and Size: Diffuse, maximum thickness: 1.3 cm. MICROSCOPIC. Histologic Type: Biphasic mesothelioma, 90% epithelioid (30% tubular, 30%. micropapillary, 20% acinar, 20% solid) and 10% sarcomatoid. Tumor Extension. Confluent visceral pleural tumor. Into but not through diaphragm. Into lung parenchyma. Into mediastinal fat. Into and through the pericardium. Venous/Lymphatic Invasion: Present. Margins: Cannot be assessed. Additional Pathologic Findings: None identified. Pathologic Staging (pTNM): pT4, N3. Primary Tumor (pT): pT4: Tumor (locally advanced technically unresectable) involves any of the. ipsilateral pleural surfaces, with at least lof the following: diffuse or. multifocal invasion of soft tissues of the chest wall, any involvement of rib,. invasion through the diaphragm to the peritoneum, invasion of any mediastinal. organ(s), direct extension to the contralateral pleura, invasion into the spine,. extension to the internal surface of the pericardium, pericardial effusion with. positive cytology, invasion of the myocardium. Regional Lymph Nodes (pN): pN3: Metastases in the contralateral mediastinal, internal mammary, or hilar. lymph node(s) and/or the ipsilateral or contralateral. supraclavicular or scalene lymph node(s). Specify: Number examined: 5. Number involved: 5. See Comment#2. Effective January 1, 2010 this Checklist utilizes the 7th edition TNM staging. system for pleural mesothelioma of the American Joint Committee on Cancer (AJCC). and the International Union Against Cancer (UICC). Comment. #1. Majority of the lymph node metastases are epithelioid and have. micropapillary and solid architecture. #2. Per Dr. , ""the chest wall lymph node from Part E is posterior. near the brachial plexus, making it a positive N3 lymph node"". M.D. Interpretation performed by the Attending Pathologist and reviewed with the. Resident/Fellow, M.D. AMENDMENTS. Amended: x/x/. Reason: pathologic parameters modified. Staging modified-See Parametersfor Regional Lymph nodes. Previous Signout Date: x/x. Clinical History: This is a year-old male with biopsy diagnosis of malignant mesothelioma. Specimens Received: A: Left pleura. B: # 5 lylmph node. C: 10L lymph node. D: # 6 lymph node. E: Left chest wall lymph node. Gross Description: The specimens are received in five containers each labeled with the patient's. name and medical record number. A. The first container is additionally identified as, ""left pleura"". Received. fresh is a pleurectomy specimen, measuring 1117.4 gram, approximately 1200 cc. It consists of multiple pieces ranging from 1 x 0.8 x 0.3 cm-25 x 12 x 4 cm in. size. The largest piece is oriented by a stitch designating diaphragm (measuring. 15 X 15 cm), which is inked green. There is a 9.5 x 5.5 cm area of membranous. tissue on the second largest piece which is oriented by the surgeon as. pericardium, which is inked blue. There is 12 x 7 x 4 cm portion of adipose. tissue closely associated with the pericardium in the pleura. The specimen. demonstrates diffuse nodularity on the surface, ranging from 0.3-1.3 cm in size. There is one 9 X 4.5 cm area of possible lung tissue attached to one of the. pieces. The specimen is serially sectioned white, firm lobulated tumor involving. every piece. The visceral and parietal pleura are thickened up to 2.0 cm and. fused. The pericardium and diagram surface is smooth and glistening. The tumor. is grossly invading the surrounding adipose tissue. Gross pictures of the 2. largest pieces are taken. Representative sections are taken as follows: A1-2: Sections of the tumor with possible lung tissue. A3-5: Sections of the tumor with pericardium and adipose tissue. A6-8: Sections of the tumor with diaphragm. A9-15: Representative sections of the tumor. B. The second container is additionally identified as, ""#5 lymph node"". Received fresh and placed in formalin is a 1 cm nodule which is bisected and. entirely submitted as B1. C. The third container is additionally identified as, ""10L LYMPH node"". Received fresh and placed in formalin is a 1.5 cm nodule which is bisected and. entirely submitted as C1. D. The fourth container is additionally identified as, ""#6 lymph node"". Received fresh and placed in formalin are two 1.5 cm nodules, which are bisected. and submitted in D1 and D2 respectively. E. The fifth container is additionally identified as, ""left chest wall lymph. node"". Received fresh in the placed in formalin is a 0.6 cm nodule which is. bisected and entirely submitted as E1. M.D., Ph.D.","1. The pathology report states that the tumor has invaded the lung (pT4), mediastinal fat (pT4), and pericardium with involvement of the myocardium (pT4). The tumor has also invaded the diaphragm (pT4) but has not penetrated through to the peritoneum. These findings meet the criteria for a T4 stage tumor based on the long-term memory (AJCC 7th-aligned) rules.   
2. The final predicted T stage is T4.",T4,,,,,False,"['If the tumor is limited to the ipsilateral parietal pleura, it might be T1.', ""If the tumor has invaded the diaphragm, it's T3."", ""If the tumor has invaded the lung, it's T3."", ""If the tumor has invaded the chest wall, mediastinal fat, pericardium, heart, or diaphragmatic muscle, it's T4."", 'If there is any doubt about the invasion of these structures, additional tests or imaging should be done.']"
MESO,TCGA-MQ-A6BR,TCGA-MQ-A6BR.F7C5D3ED-657F-4586-9CEE-F7CA8D37FC54,T1b,0.0,N1,1.0,"THIS IS A CONFIDENTIAL AND PRIVILEGED COMMUNICATION. PLEASE DISPOSE OF PAPER COPIES APPROPRIATELY. Test Name: 6TH RIB, LEFT(LEVEL 5 LYMPH NODE {LEVEL 6 LYMPH NODE. Test Date: {LEVEL 7 LYMPH NODE {LINGULAR BIOPSY {LEFT LOWER LOBE. BIOPSY(NODULE ON PA {PLEURAL TUMOR {PLEURA LEFT. SPECIMEN NUMBER: SPECIMENS: 1. 6TH RIB, LEFT. 2. LEVEL 5 LYMPH NODE. 3. LEVEL 6 LYMPH NODE. 4. LEVEL 7 LYMPH NODE. 5. LINGULAR BIOPSY. 6. LEFT LOWER LOBE BIOPSY. 7. NODULE ON PA. 8. PLEURAL TUMOR. 9. PLEURA LEFT. DIAGNOSIS: 1. RIB, SIXTH, LEFT: EXCISION. - RIB, NEGATIVE FOR CARCINOMA. 2. LYMPH NODES, LEVEL FIVE: BIOPSY. - SIX LYMPH NODES, NEGATIVE FOR MALIGNANCY. 3. LYMPH NODES, LEVEL SIX: BIOPSY. FIBROADIPOSE TISSUE, NEGATIVE FOR MALIGNANCY. - NO LYMPHOID TISSUE IDENTIFIED. 4. LYMPH NODES, LEVEL SEVEN: BIOPSY. - TWO LYMPH NODES WITH FOCALLY CALCIFIED NECROTIZING GRANULOMA,. NEGATIVE FOR CARCINOMA. - GMS AND AFB ARE NEGATIVE FOR FUNGAL AND MYCOBACTERIAL ORGANISMS. 5. LINGULA: BIOPSY. - FOCUS OF MALIGNANT MESOTHELIOMA, EPITHELIOID TYPE (0.4),. INVOLVING VISCERAL PLEURA. - NO LUNG PARENCHYMAL INVASION IDENTIFIED. 6. LUNG, LEFT, LOWER LOBE: TRANSBRONCHIAL BIOPSY / WEDGE RESECTION. LUNG PARENCHYMA WITH EMPHYSEMATOUS CHANGE, NEGATIVE FOR. MALIGNANCY. 7. NODULE ON PA: BIOPSY. - FIBROADIPOSE AND VASCULAR TISSUE WITH NEUTROPHILIC AGGREGATES. AND FIBRIN, NEGATIVE FOR MALIGNANCY. 8. PLEURA: PLEURECTOMY. DIFFUSE MALIGNANT MESOTHELIOMA, EPITHELOID TYPE WITH SOLID. GROWTH PATTERN, INVOLVING PARIETAL PLEURA. 9. PLEURA, LEFT: PLEURECTOMY. DIFFUSE MALIGNANT MESOTHELIOMA, EPITHELOID TYPE WITH SOLID. GROWTH PATTERN, INVOLVING PARIETAL PLEURA. METASTATIC MALIGNANT MESOTHELIOMA IN ONE OF THREE LYMPH NODES. (1/3). (SUMMARY): Histologic Type: Epithelioid type, solid growth pattern. Tumor Extent: The tumor involves the parietal pleura as scattered. nodules, with focal visceral involvement (pT1b). Regional Lymph Nodes: Metastasis in one lymph node (pN1) (specimen. 9). Lymphovascular Invasion: Present. Pathologic Staging: pT1b N1 Mx. (NOTE): The tumor is positive for calretinin and CK5/6, and negative. for BerEP4 and B72.3. The results support the diagnosis. CLINICAL HISTORY AND PRE - OPERATIVE DIAGNOSIS: Mesothelioma. MACROSCOPIC DESCRIPTION: The specimen is received in nine parts each labeled with the. patient's name. 1. Part one is received in formalin labeled '6th rib, left'. It. consists of two fragments of rib measuring 8.6 x 1.6 x 0.9 cm and. 8.7 x 1.7 x 0.6 cm. Representative sections are submitted. 2. Part two is received in saline labeled 'level 5 lymph node'. It. consists of multiple pieces of fibroadipose tissue measuring 2.8 x. 2.5 x 0.9 cm in aggregate. The specimen is entirely submitted. 3. Part three is received in saline labeled 'level 6 lymph node'. It consists of a piece of fibroadipose tissue measuring 1.1 x 0.6 x. 0.4 cm. The specimen is entirely submitted. 4. Part four is received in saline labeled 'level 7 lymph node'. It. consists of a piece of black-to-yellow soft tissue measuring 0.8 x. 0.8 x 0.4 cm. The specimen is entirely submitted. 5. Part five is received in saline labeled 'lingular biopsy'. It. consists of a piece of lung tissue measuring 3.2 x 1.6 x 0.4 cm. There is a suture identified on the specimen; the suture is between. two nodules, per surgeon. One of the nodules measures 0.4 x 0.2 cm,. the other nodule measuring 0.3 x 0.1 cm. The two nodules are. located at the pleural surface. One side of the specimen is. stapled. The pleural surface of the specimen is inked blue. The. stapled margin is inked green. The specimen is serially sectioned. and entirely submitted. 6. Part six is received in saline labeled 'left lower lobe biopsy'. It consists of a fragment of lung tissue measuring 3.6 x 1.2 x 0.4. cm. One end of the specimen is stapled. There is no nodule. identified at the pleural surface. The pleural surface is inked blue. and the stapled margin is inked green. The specimen is serially. sectioned and entirely submitted. 7. Part seven is received in saline labeled 'nodule on PA'. It. consists of a piece of pink soft tissue measuring 0.6 x 0.4 x 0.2. cm. The specimen is wrapped in filter paper and entirely submitted. 8. Part eight is received in saline labeled 'pleural tumor'. It. consists of a piece of pleura with adipose tissue measuring 21.5 x. 0.9 x 0.4 cm. There are three nodules identified at the pleural. surface which measuring 1.9 x 1.2 x 0.6 cm, 1.8 x 1.6 x 0.6 cm, and. 0.9 x 0.9 x 0.1 cm, cut surface is tan-pink. All three nodules are. submitted. Representative sections of the rest of the specimen are. also submitted. 9. Part nine is received fresh labeled 'pleura left'. It consists. of multiple pieces of tan-red soft tissue measuring 15 x 13 x 1.2 cm. in aggregate. There are multiple small nodules identified which. measure 0.5 to 0.9 cm. Representative sections are submitted. SUMMARY OF SECTIONS: 1A representative of part one. 2A,2B in toto. 3A in toto. 4A in toto. 5A-5D in toto. 6A-6D in toto. 7A in toto. 8A-8D representative of part eight. 9A-9I representative of part nine. SPECIAL PROCEDURES: GMS, AFB (4A). Calretinin, CK5/6, BerEP4, B72.3 (8A). Final Diagnosis performed by. The electronic signature attests that the named Attending. Pathologist has evaluated the specimen referred to in the signed. section of the report and formulated the diagnosis therein. This report may include one or more immunohistochemical stain. results that use analyte specific reagents. The tests were developed and their performance characteristics. determined by. They have not been cleared or approved by the US Food and Drug. Administration. The FDA has determined that such clearance or approval is not. necessary.","The pathology report provides information about the involvement of various structures, which we can use to determine the T stage according to the AJCC 7th edition rules. Here are the steps: 

1. Check for ipsilateral parietal pleura involvement: The report mentions 'diffuse malignant mesothelioma, epithelioid type with solid growth pattern, involving parietal pleura' in parts 8 and 9. This indicates that the ipsilateral parietal pleura is involved.
2. Check for diaphragm invasion: There is no explicit mention of diaphragm invasion in the report. However, the 6th rib is involved (part 1), which is close to the diaphragm. But, since there is no explicit mention of diaphragm invasion, we cannot conclude T3 based on this.
3. Check for lung invasion: Part 5 mentions 'focus of malignant mesothelioma, epithelioid type (0.4), involving visceral pleura. No lung parenchymal invasion identified.' This indicates that the tumor has not invaded the lung itself.
4. Check for chest wall, mediastinal fat, pericardium, heart, or diaphragmatic muscle invasion: There is no explicit mention of invasion of these structures in the report.

Based on this information, we can conclude that the tumor is limited to the ipsilateral parietal pleura (T1) and has not invaded the diaphragm, lung, or other structures (T2, T3, T4). Therefore, the final predicted T stage is T1.",T1,,,,,False,"['If the tumor is limited to the ipsilateral parietal pleura, it might be T1.', ""If the tumor has invaded the diaphragm, it's T3."", ""If the tumor has invaded the lung, it's T3."", ""If the tumor has invaded the chest wall, mediastinal fat, pericardium, heart, or diaphragmatic muscle, it's T4."", 'If there is any doubt about the invasion of these structures, additional tests or imaging should be done.']"
MESO,TCGA-ZN-A9VQ,TCGA-ZN-A9VQ.9FAAD3FA-195F-48A3-A09C-603C8635990A,T1,0.0,N0,0.0,"Report Status: Final. Procedure Date: PATHOLOGIC DIAGNOSIS: A. RIGHT RIB: Bone marrow with maturing trilineage hematopoiesis,. negative for tumor. B. LEVEL 9 LYMPH NODE BIOPSY: Lymph node fragments with calcified nodules, negative. for tumor, see Note. Gram, fungal (MSS), and acid-fast stains are negative. for organisms. C. LEVEL 8 LYMPH NODE BIOPSY: Lymph node fragments with calcified nodules, negative. for tumor, see Note. Gram, fungal (MSS). and acid-fast stains are negative. for organisms. D. LEVEL 7 LYMPH NODE BIOPSY: Lymph node fragments negative for tumor. E. LEVEL 10R LYMPH NODE BIOPSY: Lymph node fragments negative for tumor. F. DIAPHRAGM: MALIGNANT MESOTHELIOMA epithelioid type invasive in. fibroadipose tissue. Skeletal muscle and tendon are present and uninvolved. G. VISCERAL AND PARIETAL PLEURA: MALIGNANT MESOTHELIOMA mixed epithelioid (90%) and. sarcomatoid (10%) types, invasive in fibroadipose. tissue (multiple nodules up to 6.8 cm), see Note. Tumor extends to inked pleural surface. NOTE: Select slides reviewed with. H. PHRENIC NERVE (INCLUDING FSA) : MALIGNANT MESOTHELIOMA epithelioid type invasive in. fibroadipose tissue. I OLD PORT SITE 1: Skin and subcutis with chronic inflammation and scar,. negative for tumor. NOTE: The calcified nodules noted in lymph nodes likely. represent a remote infection. Select slides reviewed. with. Page: 1 of 3. TISSUE SUBMITTED: A/1. Right rib. B/2. Level 9. C/3. Level 8. D/4. Level 7. E/5. Level 10R. F/6. Diaphragm. G/7. Visceral and parietal pleura. H/8. Phrenic nerve (FS). I/9. Old port site #1. O.R. CONSULTATION: SPECIMEN LABELED ""#8 PHRENIC NODULE"" (FSA) : Epithelioid mesothelioma, invasive in fibrous tissue. OR Consultation by: The senior physician certifies that he/she personally conducted a gross and/or. microscopic examination of the described specimen (s) and rendered or confirmed. the rapid diagnos (es) related thereto. GROSS DESCRIPTION: The specimen is received fresh, in nine parts, each labeled with the patient's. name and medical record number. Part A, ""#1. Right rib"", consists of four segments of rib (12.0, 5.8, 1.2, and. 2.5 cm in length x an average diameter of 2.2 cm). Scant attached tan/red. skeletal muscle and tan/red fibrous tissue is present. There is no gross. evidence of involvement by tumor. A bone marrow squeeze is performed. Micro A1: Bone marrow squeeze, multi frags, RSS. Part B, ""#2. Level 9"", consists of four fragments of tan/red fibrous tissue,. tan/yellow adipose tissue and focally anthracotic tan/red lymph node candidates. (3.6 x 1.5 x 1.2 cm in aggregate) One fragment exhibits a firm tan/yellow cut. surface. The specimen is entirely submitted for microscopic examination. Micro B1-B3: Soft tissue fragments, multi frags, ESS. Part C, ""#3. Level 8"" , consists of a single tan/white to tan/red focally. anthracotic soft tissue fragment consistent with lymph node (1.2 x 0.8 x 0.5. cm). The specimen is bisected and entirely submitted for microscopic. examination. Micro C1: Soft tissue fragment, 2 frags, ESS. Part D, ""#4. Level 7"" , consists of six fragments of tan/white to tan/red soft. tissue with focal anthracosis, consistent with lymph node candidates (3.9 x 2.1. x 0.6 cm). The specimen is entirely submitted for microscopic examination. Micro D1 through D2: Soft tissue fragments, multi frags, ESS. Part E, ""#5. Level 10R"", consists of a single tan/red to tan/white focally. anthracotic soft tissue fragment (0.6 x 0.3 x 0.2 cm). The specimen is. entirely submitted for microscopic examination. Page: 2 of 3. Micro E1: Soft tissue fragment, 1 frag, ESS. Part F, ""#6. Diaphragm"", consists of three fragments of tan/red skeletal muscle. and tan/red soft tissue focally lined by a smooth and glistening surface (5.6 x. 3.5 x 1.4 cm in aggregate) . Multiple (at least 10) tan/white firm nodules (up. to 0.2 cm in maximum dimension) are present on the soft tissue overlying the. skeletal muscle. No definitive involvement of skeletal muscle by tumor is. identified. Representative sections are submitted. Micro F1 through F2: Representative sections of soft tissue and skeletal. muscle, 3 frags each, RSS. Part G, ""#7. Visceral and parietal pleura"", consists of a 388.0 gram aggregate. of tan/pink fibromembranous soft tissue (29.0 x 24.0 x 3.8 cm in aggregate). with multiple (at least 100) tan/pink nodules (ranging from 0.2 to 6.8 cm) and. admixed tan/yellow lobulated adipose tissue. Representative sections of the. nodules are submitted to the. The surface overlying the nodules is focally inked black. and Representative sections are submitted for permanent microscopic. examination. Micro G1 through G4: Sections of largest nodules, 1-3 frags each, RSS. Part H, ""#8. Phrenic nerve"", consists of a single irregular yellow/pink soft. tissue fragment (1.2 x 1.0 x 0.5 cm). The specimen is inked black, bisected. and entirely submitted for frozen section examination as FSA. Micro H1: Frozen section remnant (FSA), 2 frags, ESS. Part I, ""#9. Old port site #1"", consists of a single fragment of tan/white skin. and subcutis (2.1 x 0.5 cm, extending to a depth of 2.2 cm). The subcutis is. firm with abundant tan/white fibrous scar tissue, but no focal mass lesions are. identified. The specimen is entirely submitted for microscopic examination. Micro Il through I2: Skin and subcutis, 1-2 frags each, ESS. By his/her signature below, the senior physician certifies that he/she. personally conducted a microscopic examination (""gross only"" exam if so stated). of the described specimen (s) and rendered or confirmed the diagnosis (es). related thereto.","1. According to the long-term memory based on the AJCC Cancer Staging Manual (7th edition), if the tumor has invaded the diaphragm, it's T3. 
2. In the pathology report, it is stated that 'Part F, #6. Diaphragm', consists of three fragments of tan/red skeletal muscle and tan/red soft tissue focally lined by a smooth and glistening surface (5.6 x 3.5 x 1.4 cm in aggregate). Multiple (at least 10) tan/white firm nodules (up to 0.2 cm in maximum dimension) are present on the soft tissue overlying the skeletal muscle. No definitive involvement of skeletal muscle by tumor is identified.' However, it does not explicitly mention the invasion of the diaphragm by the tumor. But then in 'Part H, #8. Phrenic nerve', it is stated that 'Part H, #8. Phrenic nerve', consists of a single irregular yellow/pink soft tissue fragment (1.2 x 1.0 x 0.5 cm). The specimen is inked black, bisected and entirely submitted for frozen section examination as FSA. Micro H1: Frozen section remnant (FSA), 2 frags, ESS.' The phrenic nerve is closely related to the diaphragm, and the report mentions the invasion of the phrenic nerve by the tumor. Therefore, it can be inferred that the tumor has invaded the diaphragm.
3. Based on the above findings, the final predicted T stage is T3.",T3,,,,,False,"['If the tumor is limited to the ipsilateral parietal pleura, it might be T1.', ""If the tumor has invaded the diaphragm, it's T3."", ""If the tumor has invaded the lung, it's T3."", ""If the tumor has invaded the chest wall, mediastinal fat, pericardium, heart, or diaphragmatic muscle, it's T4."", 'If there is any doubt about the invasion of these structures, additional tests or imaging should be done.']"
MESO,TCGA-UD-AAC5,TCGA-UD-AAC5.5BB63340-2A48-4ACB-A6D0-D8DF68A058B9,T1,0.0,N0,0.0,"Anatomical Pathology results - Performed from. M. istopathology. At least 1 Final Result. Histopathology. LAB. NO. DOCTOR. WARD. M. DATE RECEIVED. CONSULTANT. SPECIMEN: A. Bronchial lymph node. B. Mediastinal lymph node. C. Extrapleural pneumonectomy. D. Thymic lymph node. CLINICAL : Extrapleural pneumonectomy for mesothelioma. Submitted bronchial, mediastinal,. thymic lymph nodes and pericardial fluid. Superior part of specimen sent for. research and anteromedial part re-attached (resected separately). MACROSCOPIC: A. Two dark tan/black lobulated pieces of tissue each 9 X 7 X 6mm and 7 X 5. X. 4mm. The larger specimen is bisected. B. A lobulated tan/grey piece of tissue, 15 X 10 x 8mm with surrounding blood. clot. The specimen is bisected. BLOCK KEY: 1:node, 2:blood clot. C. The specimen consists of a 1464g (post-fixation) left extrapleural. pneumonectomy specimen (250 x 230 X 90mm) consisting of lung, 145mm. (anterior/posterior) x Omm (medial/lateral) X 165mm), parietal pleura,. pericardium (105 x 95 x 5mm) and hemi-diaphragm (185 X 80 x 25 to 8mm) The. apical, anterior, lateral and posterior parietal pleural surfaces are grossly. thickened and exhibit subtle diffuse firm pale nodulation. The medial parietal. pleural surface above the hilum also shows similar appearances. Multiple foci. of small whitish tumour nodules are present within the inner aspect of the. parietal pericardium, extending over an area of 65 x 55mm. There is a defect in. the anterolateral pleural wall, 70 x 35mm in area, which most likely represents. specimen taken for research prior to receipt. There are eight anthracotic hilar. nodes, ranging in size from 15 x 6 X 5mm to 7 x 4 x 4mm, of which only the. smallest shows macroscopic involvement by tumour. The specimen is serially sliced transversely into multiple slices from apex to. hemi-diaphragm, revealing firm, rind-like cream/white tumour encasing the entire. circumference of the parietal pleura. In areas, there is fusion of the. parietal. and visceral pleura with a large loculated effusion present laterally. Tumour. extends into the interlobar septa and into the subpleural lung parenchyma to a. maximum depth of 17mm. There is extensive involvement of mediastinal fat as. demonstrated by intersecting bridges of firm white tumour. Tumour lies in close. proximity to the anterior and posterior pericardial resection margins as well as. the medial, lateral, anterior and posterior diaphragmatic resection margins. Photographs taken. BLOCK KEY: 1:bronchial line of resection, 2-5:hilar lymph nodes, 6:hilar lymph node,. metastatic tumour, :anterior pericardium resection margin, 8:posterior. pericardium resection margin, 9:anterior diaphragm resection margin,. 10:posterior diaphragm resection margin, 11:medial diaphragm resection margin,. 12: lateral diaphragm resection margin, 3:additional hilar nodes, 14, 15: lateral. parietal pleura, 16:parietal and visceral pleura with diaphragm, 17-19:medial. pleura, 20-22:visceral pleura (lateral, involving lung), 23, 24:tumour and. mediastinal fat, 25-27:tumour and lung, 28:tumour and lateral pleura, 29:non-. neoplastic lung, 30: additional tumour, 31 & 32:tumour internal pericardial. surface. D. Fatty tissue, 20 x 15 x 7mm within which is an anthracotic lymph node, 13 x 7. x 6mm. There appears to be no macrosconic tumour involvement. The specimen is. bisected. Printed from: : Page: 1 of 3. Anatomical Pathology results - Performed from. M. Histopathology. At least 1 Final Result. MICROSCOPIC: A. The sections show a lymph node laden with histiocytes containing carbon. pigment. Within the subcapsular sinus, there is one small focus of metastatic. mesothelioma, less than 1mm, with focal extra capsular extension to a distance. of less than 0. 5mm. B. The sections show shows a lymph node with one small focus, . 5mm, of. metastatic malignant mesothelioma. C. Multiple sections of the left extrapleural pneumonectomy were taken,. including the various resection margins from anterior and posterior pericardium,. anterior, posterior, lateral and medial diaphragm, parietal pleura and. mediastinal fat. The sections confirm malignant mesothelioma exhibiting. predominantly an epithelial growth pattern with a very small component. (5%). of. sarcomatous pattern. The vast majority of the tumour is characterised by. pavement-like sheets of large cells often exhibiting a microcystic growth. pattern with focal necrosis. There is abundant pale basophilic material,. confirmed to be hyaluronate on an Alcian blue/hyaluronidase stain. The malignant. cells possess monotonous, round to oval to mildly pleomorphic vesicular nuclei,. prominent nucleoli and abundant, often vacuolated cytoplasm. In focal areas the. cells exhibit a spindled morphology, intermixed with moderate amounts of dense. collagen. Lymphovascular space invasion is noted. There is extensive involvement of all parietal pleural resection margins. Tumour lies close to the anterior pericardial resection margin, as well as the. anterior, posterior, medial and lateral diaphragmatic resection margins. There. is subpleural extension into lung and extension to the internal surface of. the. pericardium. The sections also confirm invasion of the mediastinal fat. The. bronchial resection margin is clear of tumour and there is no invasion of the. bronchial tree at the hilum (described macroscopically). Of eight hilar lymph. nodes retrieved, one small lymph node shows near complete replacement by. metastatic tumour with extracapsular extension to a distance of 0. 5mm. D. The sections show a lymph node with abundant histiocytes containing carbon. pigment. There is no evidence of micrometastasis identified by light microscopy. CONCLUSION: A. Bronchial lymph node: Micrometastasis, less than 1mm, of metastatic. mesothelioma, with focal extracapsular extension. B. Mediastinal lymph node: Micrometastasis, of malignant mesothelioma. C. Extrapleural pneumonectomy: 1. Extensive involvement by malignant mesothelioma, predominantly of. epithelial pattern, with focal (5 % or less) sarcomatous pattern. 2. Tumour lies focally close to anterior pericardial resection margin and. anterior, posterior, medial and lateral diaphragmatic resection margins. There. is subpleural invasion of the lung parenchyma and extension to the internal. surface of the pericardium. Involvement beyond the parietal pleural margin is. extensive with invasion into mediastinal fat. Bronchial resection margin is. clear of tumour. 3. Of eight hilar lymph nodes, one is. positive with focal extracapsular. extension (1/8). D. Thymic lymph node: Negative for malignancy, no micrometastases. REGISTRAR: DOCTOR REVIEWING: Printed from: Page: 2 of 3.","1. The tumor has invaded the parietal pleura, as indicated by gross thickening and subtle diffuse firm pale nodulation on macroscopic examination (C). However, there is no mention of invasion into the diaphragm, lung, or chest wall in the report. 2. The tumor has invaded the mediastinal fat, as confirmed by microscopic examination (C). 3. The tumor has also invaded the pericardium, with multiple foci of small whitish tumor nodules present within the inner aspect of the parietal pericardium, extending over an area of 65 x 55mm (C). 4. The tumor lies in close proximity to the anterior and posterior pericardial resection margins, as well as the medial, lateral, anterior, and posterior diaphragmatic resection margins (C). 5. The tumor extends into the interlobar septa and into the subpleural lung parenchyma to a maximum depth of 17mm (C). 6. There is no mention of invasion into the chest wall or mediastinal organs such as the heart or esophagus. Therefore, based on the AJCC 7th edition rules provided, the T stage would be T3.",T3,,,,,False,"['If the tumor is limited to the ipsilateral parietal pleura, it might be T1.', ""If the tumor has invaded the diaphragm, it's T3."", ""If the tumor has invaded the lung, it's T3."", ""If the tumor has invaded the chest wall, mediastinal fat, pericardium, heart, or diaphragmatic muscle, it's T4."", 'If there is any doubt about the invasion of these structures, additional tests or imaging should be done.']"
MESO,TCGA-UT-A88D,TCGA-UT-A88D.4C85EB8F-AC6C-4DD6-8B53-378667002491,T2,1.0,N0,0.0,"HISTOPATHOLOGY REPORT : CLINICAL NOTES: Probable mesothelloma. MACROSCOPIC: 'Parletal pleura'. The specimen consists of five irregular pink membranous pleces of tissue measuring between 3mm and. 18x10x3mm in maximal dimension, each bearing firm thickened white nodules measuring between 2mm and 5mm In. maximal dimension. All embedded. (Block A and B - 4p each, C - 3p). A PAS dlapase has been requested in each block. MICROSCOPIC: Surge. Use. Sections of pleura including pleural adipose tissue contain a malignant infiltrate. The malignant are arranged in cohesive. aggregates with tubulopapillary clefts and micropapillary areas. The epithelloid cells have large irregular nuclei with. prominent nucleoli and a variable amount of eosinophilic to clear cytoplasm. There is a background fibrous stroma. The. Norm. malignant cells infiltrate between Islands of fat cells. Areas of fat necrosis are also present. No intracytoplasmic mucin Is. seen on PAS diastase stain. No-Acti. Immunohistochemical stains show that the malignant cells are positive for CK5/6 and HBME1, and negative for TTF1,. File. MOC31 and monocional CEA. The histological features and Immunohistochemical profile is compatible with malignant. mesothelioma of epithelloid type. Conta. DIAGNOSIS: Patier. PARIETAL PLEURA - MALIGNANT MESOTHELIOMA, EPITHELIOID SUBTYPE. See. Patier. See F. Contir. Treatm. Signe.","Here's how I arrive at the T stage for this mesothelioma case, using the AJCC 7th edition staging manual as my guide: 

1. The pathology report indicates that the tumor is present in the ipsilateral parietal pleura. This matches the description for T1. 

2. However, the report also mentions that the malignant cells infiltrate between islands of fat cells and there are areas of fat necrosis. This suggests that the tumor has invaded the pleural adipose tissue, which would upgrade the T stage to T3. 

3. There is no mention of invasion into the diaphragm, lung, chest wall, mediastinal fat, pericardium, heart, or diaphragmatic muscle. 

4. Based on this information, I would predict a T3 stage for this mesothelioma case.",T3,,,,,False,"['If the tumor is limited to the ipsilateral parietal pleura, it might be T1.', ""If the tumor has invaded the diaphragm, it's T3."", ""If the tumor has invaded the lung, it's T3."", ""If the tumor has invaded the chest wall, mediastinal fat, pericardium, heart, or diaphragmatic muscle, it's T4."", 'If there is any doubt about the invasion of these structures, additional tests or imaging should be done.']"
MESO,TCGA-YS-A95B,TCGA-YS-A95B.F57E6E47-4A8E-42C2-ABB8-DD81EF21DBF6,T4,3.0,N3,3.0,PRIMARY SITE: Pleura. Pleural biopsy. Malign epithelioid mesothelioma.,"Given the long-term memory based on the AJCC Cancer Staging Manual (7th edition), I will explain my reasoning step by step to determine the T stage for this malign epithelioid mesothelioma case.",T2,,,,,False,"['If the tumor is limited to the ipsilateral parietal pleura, it might be T1.', ""If the tumor has invaded the diaphragm, it's T3."", ""If the tumor has invaded the lung, it's T3."", ""If the tumor has invaded the chest wall, mediastinal fat, pericardium, heart, or diaphragmatic muscle, it's T4."", 'If there is any doubt about the invasion of these structures, additional tests or imaging should be done.']"
MESO,TCGA-SC-A6LN,TCGA-SC-A6LN.579769F3-E1A6-4ACA-9217-B83152A63958,T2,1.0,N2,2.0,"MRNT. (Age: M. Clinical Diagnosis & History: Mesothelioma, right side, former smoker. Specimens Submitted: 1: Right pleural biopay (fs). 2: Level seven lymph nodes (fs). 3: Right internal mammary lymph node (fs). 4: Level four lymph nodes (fs). 5: Portion of the right sixth rib. 6: Right pleura. 7, Right level ten lymph nodes. DIAGNOSIS: 1. Pleura, right, biopay (fs) : - Malignant mesothelioma, biphasic type. 2. Lymph nodes, level seven, resection (fs) $. - Netastatic mesothelioma forming microscopic metastasis to four out of. twelve lymph nodes (4/12). 3. lymph node, right internal mammary, resection (fa) : - Metastatic mesothelioma forming microscopic metastasis to one lymph. noda (1/1), not seen in the frozen section slide. 4. Lymph nodes, level four, resection (fs) : - Fourteen benign lymph nodes (0/14), two of the lymph nodes show. necrosis. 5. Rib, right sixth, resection: - Fragments of bone with normo-cellular bone marrow elements. 6. Pleura, right, resection: - Malignant mesothelioma, biphasic type, see note. - No asbestos bodies seen in a minute amount of lung parenchyma. 7. Lymph nodes, right level ten, resection: - one benign lymph node (0/1). Note: Immunostains reveal that the tumor cells are positive for AE1/A83,. calretinin and WT1, while negative for TTF1 CEA (p), and CD15. The findings. are consistent with the above diagnosis. Some of the immunohistochemiatry and ISH tests were developed and their. performance characteristics were determined by the. They have not been cleared or approved by the US Food and Drug. Administration. The FDA has determined that such clearance or approval is. not necessary. These tests are used for clinical purposes, They should not. be regarded as investigational or for research. This laboratory is certified. under the Clinical Laboratory Improvement Amendments of 1988 (CLIA '88) as. qualified to perform high complexity clinical laboratory testing. I ATTEST THAT THE ABOVE DIAGNOSIS IS BASED UPON MY PERSONAL EXAMINATION or. THE SLIDES (AND/OR OTHER MATERIAL), AND THAT I HAVE REVIEWED AND APPROVED. THIS REPORT. Special Studies: Special Stain. Comment. FITE. GMS. GMS. Gross Description: 1. The specimen is received fresh for frozen section consultation, labeled. rubbery ""Right specimen is sectioned. pleural biopsy"" and consists of an irregular fragment of red-opaque,. tissue that measures 2.2 x 1.8 x 0.4 cm. The. revealing a white and opague, homogenous cut surface. Representative. sections are submitted for frozen section and TPS, where the remaining. specimen is submitted in its entirety in one block for permanent sections. Summary of sections: FSC -- frozen section control. r remaining specimen. 2. The specimen is received fresh for frozen section consultation, labeled. ""Level seven lymph nodes"" and consists of multiple fragments of red-black,. rubbery lymph node candidates that measure 4 x 2 x 0.5 cm in aggregate. The. lymph node candidates are submitted in their entirety for frozen section. examination in two blocks; the remaining tissue is submitted in a separate. block for permanent sections. Summary of sections: FSC frozen section control. x remaining specimen. 3. The specimen is received fresh for frozen section consultation, labeled. ""Right internal mammary lymph node"" and consists of an irregular fragment of. red-black, rubbery tissue that measures 1.8 x 0.6 x 0.2 cm. The entire. tissue is submitted for frozen section examination. Summary of sections: FSC frozen section control. 4. The specimen is received fresh for frozen section consultation, labeled. ""Level four lymph nodes"" and consists of multiple fragments of red-black,. rubbery lymph node candidates that measure 5.5 x 3 x 0.6 cm in aggregate. The lymph node candidates are submitted in their entirety for frozen section. examination in two blocks, the remaining tissue is submitted in a separate. block for permanent sections. Summary of sections. FSC -- frozen section control. r remaining specimen. 5) The specimen is received fresh . labeled ""Portion of the right sixth rib"". and consists of two segments of rib measuring 8.3 cm in length by 1.8 cm. wide, and 13.5 cm in length by 1.7 cm light cm. Red, tan soft tissue is. attached, The specimen is bisected to reveal a homogenous red tan granular. and bony cut surface. The cortical surface appears intact, and no discrete. lesions are noted. Representative sections are aubmitted for. decalcification. Summary of sections: U -- undesignated. 6) The specimen is received fresh, labeled ""Right pleura"", and consists of a. 16.0 x 8.0 x 3.7 cm aggregate of multiple irregular portions of pink-white. shaggy thickened focally hemorrhagic rubbery fibromembranous tissue. A. representative section is submitted. Summary of sections: U undesignated. ADD-additional sections. 7) The specimen ia received in formalin, labeled ""Right level 10 lymph node"". and consists of a gray purple rubbery node measuring 1.0 x 0.5 x 0.4 cm. The. lymph node is entirely submitted. Summary of sections: LN - lymph node. Summary of Sections: Part 1: Right pleural biopsy (fs). Block. Sect. Site. PCa. 1. fac. 1. 1. r. 1. Part 2: Level seven lymph nodes (fs). Block. Sect. Site. PCs. 1. faca. 1. 1. fscb. 1. Part 3: Right internal mammary lymph node (fa). Block. Sect. Site. PCs. 1. fso. 1. Part 4: Level four lymph nodes (is). Block. Sect. site. PCs. 1. faca. 1. 1. fach. 1. Part 5: Portion of the right sixth rib. Block. Sect. Site. PCs. 1. U. 3. Part 61 Right pleura. Block. Sect. Site. PCs. 9. ADD. 9. 1. U. 2. Part 7: Right level ten lymph nodes. Block. Sect. Site. PCs. 1. LN. 1. Intraoperative-consultation. Note: The diagnoses given in this section pertain only to the tissue. sample examined at the time of the intraoperative. consultation. 1. FROZEN SECTION DIAGNOSIS: Malignant epithelial tumor. PERMANENT DIAGNOSIS: aame. 2. FROZEN SECTION DIAGNOSIS: Benign lymph nodes. PERMANENT DIAGNOSIS: see final. FROZEN SECTION DIAGNOSIS: Benign lymph node. PERMANENT DIAGNOSIS: see final. 4. FROZEN SECTION DIAGNOSIS: One lymph node with necrosis. PERMANENT DIAGNOSIS same. Note: The diagnoses given in this section pertain only to the tissue. sample examined at the time of the intraoperative. consultation. 1. FROZEN SECTION DIAGNOSIS: Malignant epithelial tumor. PERMANENT DIAGNOSIS: same. FROZEN SECTION DIAGNOSIS: Benign lymph nodes. PERMANENT DIAGNOSIS: see final. FROZEN SECTION DIAGNOSIS: Benign lymph node. PERMANENT DIAGNOSIS: see final. 4. FROZEN SECTION DIAGNOSIS: One lymph node with necrosis. PERMANENT DIAGNOSIS: same.","The pathology report indicates that the patient has malignant mesothelioma, biphasic type, in the right pleura. The T stage of mesothelioma is determined by the extent of the tumor's invasion into surrounding structures. According to the long-term memory derived from the AJCC Cancer Staging Manual (7th edition), the tumor is considered T1 if it is limited to the ipsilateral parietal pleura. However, in this case, the tumor has invaded the pleura. Therefore, it cannot be T1. The tumor is considered T3 if it has invaded the diaphragm or lung. The pathology report does not indicate any invasion of the diaphragm or lung. The tumor is considered T4 if it has invaded the chest wall, mediastinal fat, pericardium, heart, or diaphragmatic muscle. The pathology report does not indicate any invasion of these structures. However, it is important to note that the report mentions that some of the immunohistochemistry and in situ hybridization (ISH) tests were not cleared or approved by the US Food and Drug Administration and should not be regarded as investigational or for research. Therefore, there may be some uncertainty regarding the extent of the tumor's invasion. Based on the information provided, the tumor is most likely T2, as it is invading the pleura but has not yet invaded the diaphragm, lung, chest wall, mediastinal fat, pericardium, heart, or diaphragmatic muscle.",T2,,,,,False,"['If the tumor is limited to the ipsilateral parietal pleura, it might be T1.', ""If the tumor has invaded the diaphragm, it's T3."", ""If the tumor has invaded the lung, it's T3."", ""If the tumor has invaded the chest wall, mediastinal fat, pericardium, heart, or diaphragmatic muscle, it's T4."", 'If there is any doubt about the invasion of these structures, additional tests or imaging should be done.']"
MESO,TCGA-MQ-A6BL,TCGA-MQ-A6BL.C2E205E9-C239-49A6-B725-0785545207B8,T2,1.0,N0,0.0,"THIS IS A CONFIDENTIAL AND PRIVILEGED COMMUNICATION. PLEASE DISPOSE OF PAPER COPIES APPROPRIATELY. Test Name: PLEURA RT.{7TH RIB{PLEURA RT. Test Date: SPECIMEN NUMBER: SPECIMENS: 1. PLEURA RT. 2. 7TH RIB. 3. PLEURA RT. DIAGNOSIS: 1. PLEURA, RIGHT: BIOPSY. - DIFFUSE MALIGNANT MESOTHELIOMA, BIPHASIC TYPE (MIXED EPITHELIAL. AND SARCOMATOID TYPE). SEE COMMENT. 2. RIB, SEVENTH: EXCISION. - UNREMARKABLE RIB. 3. PLEURA, RIGHT: BIOPSY. - DIFFUSE MALIGNANT MESOTHELIOMA, BIPHASIC TYPE (MIXED EPITHELIAL. AND SARCOMATOID TYPE). SEE COMMENT. Comment: Immunohistochemical stains are positive for calretinin and. negative for TTF-1 and CD34. CK 5/6 is negative. The morphology and. immunohistochemical findings support the above diagnoses. The case. has been reviewed within the department. CLINICAL HISTORY AND PRE - OPERATIVE DIAGNOSIS: Rule out mesothelioma. MACROSCOPIC DESCRIPTION: The specimen is received fresh in three parts each labeled with the. patient's name. 1. Part one is received fresh for intraoperative consultation. labeled 'pleura right'. It consists of a 1 x 0.5 x 0.3 cm piece of. tan soft tissue. The pleural surface is identified, which is black. and focally nodular. The specimen is bisected and entirely. submitted for frozen section. 2. Part two is labeled '7th rib'. It consists of a 7 x 1.5 x 0.5 cm. portion of unremarkable rib. Representative tissue is submitted. after decalcification. 3. Part three is labeled 'pleura right'. It consists of two pieces. of firm soft tissue (1.5 x 1 x 0.5 cm and 1 x 0.4 x 0.2 cm). The. pleural surface appears thickened. The specimen is entirely. submitted. SUMMARY OF SECTIONS: 1A frozen section control. 2A representative rib. 3A larger piece. 3B smaller piece. SPECIAL PROCEDURES: Calretinin, CK5/6, TTF-1, CD34. INTRA - OPERATIVE CONSULTATION: 1. Pleura, right, lesion; biopsy (frozen section). - Atypical spindle and epithelioid proliferation with. inflammation, favor mesothelioma, to be further studied in permanent. sections. Diagnosis read back by Dr. at. Intra-Operative Consultation #1 performed by. Final Diagnosis performed by. The electronic signature attests that the named Attending. Pathologist has evaluated the specimen referred to in the signed. section of the report and formulated the diagnosis therein. This report may include one or more immunohistochemical stain. results that use analyte specific reagents. The tests were developed and their performance characteristics. determined by. They have not been cleared or approved by the US Food and Drug. Administration. The FDA has determined that such clearance or approval is not. necessary.","The pathology report indicates that the patient has diffuse malignant mesothelioma, biphasic type (mixed epithelioid and sarcomatoid type), involving the right pleura. The report also mentions that the 7th rib is unremarkable. The AJCC 7th edition T staging for mesothelioma is as follows: 

T1: Tumor limited to the ipsilateral parietal pleura, including diaphragmatic and mediastinal pleura, with or without involvement of the lung 
T2: Tumor involving the ipsilateral pleura, lung, and/or diaphragm 
T3: Tumor involving the lung, diaphragm, and/or mediastinal pleura, with or without extension to the endothoracic fascia, soft tissues of the chest wall, and/or the pericardium 
T4: Tumor invading the mediastinal organs or through the diaphragm into the peritoneal cavity, or involving the contralateral pleura, lung, or pericardium 

Based on the pathology report, the tumor has involved the right pleura, but there is no mention of involvement of the lung, diaphragm, mediastinal pleura, endothoracic fascia, soft tissues of the chest wall, pericardium, mediastinal organs, peritoneal cavity, or contralateral pleura. Therefore, based on the information provided, the T stage for this patient would be T1. However, it is important to note that the report does not mention whether any additional tests or imaging were done to assess for invasion of these structures, so there may be some uncertainty regarding the T stage.",T1,,,,,False,"['If the tumor is limited to the ipsilateral parietal pleura, it might be T1.', ""If the tumor has invaded the diaphragm, it's T3."", ""If the tumor has invaded the lung, it's T3."", ""If the tumor has invaded the chest wall, mediastinal fat, pericardium, heart, or diaphragmatic muscle, it's T4."", 'If there is any doubt about the invasion of these structures, additional tests or imaging should be done.']"
MESO,TCGA-3H-AB3M,TCGA-3H-AB3M.3D2B553B-192D-4300-AF57-781143D0F10B,T3,2.0,N2,2.0,"DIAGNOSIS. (A) PLEURAL BIOPSY: MALIGNANT EPITHELIOID MESOTHELIOMA (SEE COMMENT). COMMENT: Immunohistochemical studies done on tumor sections show strong positive staining for WT-1, mesothelin and keratin 5/6 and. negative staining for MOC-31 in the neoplastic cells. The immunohistochemical patterns supports the above diagnosis. GROSS DESCRIPTION. (A) PLEURAL BIOPSY - Two pieces of tan-white tissue (0.2 X 0.2 x 0.2 and 1.2 x 0.5 x 0.3 cm). The smallest piece and half of. the larger piece are submitted for frozen section. The remaining tissue is submitted for permanent. SECTION CODE: A1, frozen section (three pieces of tissue); A2, remaining pleural biopsy. FS/DX: MALIGNANT NEOPLASM CONSISTENT WITH HISTORY OF MALIGNANT MESOTHELIOMA. CLINICAL HISTORY. Left pleural mesothelioma. SNOMED CODES. T-29000, M-90503. ""Some tests reported here may have been developed and performance characteristics determined by. . These tests have not been. specifically cleared or approved by the U.S. Food and Drug Administration."". Entire report and diagnosis completed by: END OF REPORT--.","1. The pathology report provides a diagnosis of malignant epithelioid mesothelioma, which is consistent with the clinical history of left pleural mesothelioma. The T stage is not explicitly stated in the report, so we must use the AJCC 7th edition rules to determine it. \r\n2. The report mentions that the tumor is located in the left pleura, which is the ipsilateral parietal pleura. According to the AJCC 7th edition rules, this could indicate a T1 stage. \\r\n3. However, the report does not provide enough information to confirm or deny the invasion of the diaphragm, lung, chest wall, mediastinal fat, pericardium, heart, or diaphragmatic muscle. Therefore, we cannot definitively assign a T stage of T1, T3, or T4. \\r\n4. The report does mention that some tests were developed and performance characteristics determined by third parties, but these tests have not been specifically cleared or approved by the U.S. Food and Drug Administration. This lack of information and potential uncertainty means that we cannot rely solely on these test results to determine the T stage. \\r\n5. Given the information provided in the pathology report and the AJCC 7th edition rules, we can only conclude that the tumor is located in the ipsilateral parietal pleura, which could indicate a T1 stage. However, without further information on the invasion of other structures, we cannot definitively assign a T stage beyond T1. \\r\n6. Therefore, our final predicted T stage is T1, but we acknowledge the potential for uncertainty and the need for additional tests or imaging to confirm the T stage.",T1,"{""reasoning"": ""1. The pathology report provides a diagnosis of malignant epithelioid mesothelioma, which is consistent with the clinical history of left pleural mesothelioma. The T stage is not explicitly stated in the report, so we must use the AJCC 7th edition rules to determine it. \\r\\n2. The report mentions that the tumor is located in the left pleura, which is the ipsilateral parietal pleura. According to the AJCC 7th edition rules, this could indicate a T1 stage. \\\\r\\n3. However, the report does not provide enough information to confirm or deny the invasion of the diaphragm, lung, chest wall, mediastinal fat, pericardium, heart, or diaphragmatic muscle. Therefore, we cannot definitively assign a T stage of T1, T3, or T4. \\\\r\\n4. The report does mention that some tests were developed and performance characteristics determined by third parties, but these tests have not been specifically cleared or approved by the U.S. Food and Drug Administration. This lack of information and potential uncertainty means that we cannot rely solely on these test results to determine the T stage. \\\\r\\n5. Given the information provided in the pathology report and the AJCC 7th edition rules, we can only conclude that the tumor is located in the ipsilateral parietal pleura, which could indicate a T1 stage. However, without further information on the invasion of other structures, we cannot definitively assign a T stage beyond T1. \\\\r\\n6. Therefore, our final predicted T stage is T1, but we acknowledge the potential for uncertainty and the need for additional tests or imaging to confirm the T stage."", ""stage"": ""T1""}",,,,False,"['If the tumor is limited to the ipsilateral parietal pleura, it might be T1.', ""If the tumor has invaded the diaphragm, it's T3."", ""If the tumor has invaded the lung, it's T3."", ""If the tumor has invaded the chest wall, mediastinal fat, pericardium, heart, or diaphragmatic muscle, it's T4."", 'If there is any doubt about the invasion of these structures, additional tests or imaging should be done.']"
MESO,TCGA-TS-A8AF,TCGA-TS-A8AF.7BB8D997-D3AB-4336-8B3C-D9D23AAA221C,T2,1.0,N2,2.0,"Prant Dace. Accession assail. Date of Birth: Nume. ; MALE. Reg.No. Physic: an : consui. Copies. DATE RECEIVED IN LAB : The case material was reviewed and the report. vei f ..d by: (Electronic siguature). Nank. Print Date. #. Date of Birth: Reg.No. : MALE. Consult : Copies. DATE RECEIVED IN LÁB. CLINICAL INFORMATION: year old male with mesothelioma. OPERATION: Bronch, Pleurectomy, PDT. SPECIMEN: 1. Previous incision; Right. 2. rib; 3. Visceral pleura; 4. Parietal 405/27/14. pleura; 5. Previous biopsy site; 6. INtercostal nerve; 7. Intercostal nodes;. 8. Pericardial fat; 9. Tumor; 10. Mediastinal parietal pleura; 11. Diaphragmatic pleura; 12. Interlobar lymph node; 13, Diaphragm; 14. Pericardial surface; 15. Hilar nodes; 16. Anterior chest wall; 17. Right chest. wall; 18. Apical pleura; 19. Treated diaphragm; 20. Peritoneum; 21. Phrenic. nerve; 22. Pericardial implant; 23. Pericardium; 24. Rib 8th; 25. Superior. aspect old incision; 26. Posterior intercostal nodes; 27. Superior previous. biopsy site. GROSS DESCRIPTION: The specimen is received in formalin in 27 containers, each labeled with the. patient's name and medical record number. Specimen #1 is designated ""previous incision"" and consists of an elliptical. portion of skin and underlying soft tissue. The skin surface measures 4.8 cm. in length and 1.6 cm in width. The underlying soft tissue measures up to 2.2. cm from point of attachment. The skin surface is tan wrinkled and devoid of. hair. There is a centrally located previous incision site measuring 0.8 cm in. length and 0. cm in width. The site is grossly hemorrhagic and partially. healed. The underlying soft tissue is tan yellow gray and homogenous. Representative sections are submitted in two cassettes labeled 1A and 1B. Specimen #2 is designated ""right rib"" and consists of four segments of tan. gray rib measuring from 5.2 to 6.1 cm. Each piece contains a small amount of. adhesed tan purple gray membranous soft tissue to its outer surface. Each. segment is sectioned to show a homogenous cut surface. No suspicious lesions. or abnormalities are grossly identified. Representative sections from each. piece is submitted in two cassettes, 2A and 2B. Specimen #3 is designated ""visceral pleura"" and consists of multiple fragments. of tan purple gray membranous soft tissue with a small amount of adhesed tan. yellow gray adipose tissue measuring in aggregate 7.0 x 7.0 x 3.0 cm. Some of. the pieces contain thickened area of yellow gray firm and rubbery soft. tissue. Representative sections of these areas are submitted in two cassettes. labeled 3A and 3B. Continue. Print Date. Date of Birth: Reg. No. : MALE. Consult : Copies. DATE RECEIVED IN LAB : Specimen #4 is designated ""parietal pleura"" and consists of multiple fragments. of tan purple gray membranous soft tissue with a small amount of adhesed tan. yellow gray adipose tissue measuring in aggregate 6.0 x 6.0 x 2.0 cm. Some. of. the pieces contain thickened area of yellow gray firm and rubbery soft. tissue. Representative sections of these areas are submitted in two cassettes. labeled 4A and 4B. Specimen #5 is designated ""previous biopsy site"" and consists of a strip of. tan pink and yellow gray soft tissue measuring 7.3 cm in length with a. greatest diameter of 1.6 cm. The specimen has adhesed underlying soft tissue. measuring up to 2.5 cm from point of attachment. Sectioning through this. specimen shows a tan yellow gray thickened cut surface and homogenous. underlying soft tissue. Representative sections are submitted in two cassettes. labeled 5A and 5B. Specimen #6 is designated ""intercostal nerve"" and consists of multiple. convoluted segments of tan pink and gray cylindrical soft tissue measuring in. aggregate 2.0 x 2.0 x 0.5 cm. The specimen is submitted in toto in one. cassette labeled #6. Specimen #7 is designated ""intercostal nodes and consists of two tan yellow. gray rubbery soft tissue fragments measuring 0.5 and 1.2 cm. The specimen is. submitted in toto in one cassette labeled #7,. Specimen #8 is designated ""pericardial fat"" and consists of multiple fragments. of tan yellow gray adipose tissue measuring in aggregate 10.0 x 10.0 x 5.0 cm. Sectioning through the specimen shows multiple focal areas of yellow gray firm. and rubbery soft tissue nodules measuring up to 1.5 cm in greatest dimension. Representative sections of this area is submitted in two cassettes labeled 8A. and 8B. Specimen #9 is designated ""tumor"" and consists of a convoluted portion of tan. pink and gray firm and rubbery soft tissue measuring 11.0 cm in length with a. greatest diameter of 3.0 cm. The specimen is sectioned to show a tan yellow. gray homogenous cut surface. Representative sections are submitted in two. cassettes labeled 9A and 9B. Specimen #10 is designated ""mediastinal parietal pleura"" and consists of. of tan purple gray membranous soft tissue with a small amount of adhesed tan. yellow gray adipose tissue measuring in aggregate 9.0 x 9.0 x 3.0 cm. Some of. 2. Continue. Print Date. Date of Birth: Reg. No. Sex : MALE. Consuit : Copies. DATE RECEIVED IN LAB : the pieces contain thickened area of yellow gray firm and rubbery soft. tissue. Representative sections of these areas are submitted in two cassettes. labeled 10A and 10B. Specimen #11 is designated ""diaphragmatic pleura"" and consists of multiple. convoluted portions of tan pink and gray thickened soft tissue measuring in. aggregate 4.0 X 4.0 x 1.0 cm. The specimen is sectioned to show a tan yellow. gray homogenous cut surface. Representative sections are submitted in two. cassettes 11A and 11B. Specimen #12 is designated interlobar lymph node"" and consists of two purple. gray rubbery portions of soft tissue measuring 1.0 and 1.3 cm. The specimen is. submitted in toto in one cassette labeled #12. Specimen #13 is designated ""diaphragm"" and consists of multiple fragments of. can purple gray membranous soft tissue with thickened areas of yellow gray. f irm and rubbery soft tissue measuring in aggregate 5.0 x 5.0 x 2.0 cm. The. specimen is sectioned to show a tan reddish brown cut surface with thickened. areas of yellow gray homogenous soft tissue. Representative sections are. submitteed in two cassettes 13A and 13B. Specimen #14 is designated ""pericardial surface"" and consists of multiple. fragments of tan purple gray rubbery soft tissue with a small amount of. adhesed tan yellow adipose tissue measuring in aggregate 2.0 x 2.0 x 1.0 cm. The specimen is sectioned to show a tan yellow gray homogenous cut surface. with tan yellow gray firm and rubbery interlacing soft tissue. Representative. section is submitted in one cassette labeled #14. Specimen #15 is designated ""hilar nodes"" and consists of two tan purple gray. rubbery portions of soft tissue measuring 0.5 and 1.2 cm. The specimen is. submicted in toto in one cassette labeled #15. Specimen #16 is designated ""anterior chest wall"" and consists of multiple. fragments of tan yellow gray rubbery soft tissue measuring in aggregate 3.0 x. 3. 0 X 1.0 cm. The specimen is sectioned to show a homogenous cut surface. Representative sections are submitted in two cassettes labeled 16A and 16B. Specimen #17 is designated ""right chest wall' and consists of multiple. fragments of tan yellow gray rubbery soft tissue measuring in aggregate 1.0. 1.0 X 0.5 cm. The specimen is sectioned to show a tan yellow gray homogenous. cut surface. Representative sections are submitted in one cassette labeled. 3. Continue. Prime Date. Date of Birt: Reg. No. : MALE. Consult : Copies. DATE RECEIVED IN LAB : #17. Specimen #18 is designated ""apical pleura"" and consists of multiple fragments. of tar yellow gray rubbery soft tissue and tan purple gray convoluted. membranous sort tissue measuring in aggregate 4. 0 x 4.0 X 1.0 cm. The specimen. is sectioned to show a tan yellow gray homogenous cut surface. Representative. sections are submitted in two cassettes labeled 18A and 18B. Specimen #19 is designated ""treated diaphragm"" and consists of multiple. fragments of can reddish brown soft tissue with interlacing yellow gray firm. and rubbery soft tissue nodules measuring up to 1.8 cm. Soft tissue is. sectioned to show homogenous cut surface. The nodule is sectioned to show a. tan ye.low gray ""uf surface. Representative sections of the yellow gray soft. tissue is submitted in two cassettes 19A and 19B. Specimen #20 is designated ""peritoneum"" and consists of a convoluted portion. cf purple gray membranous soft tissue measuring in aggregate 2.0 x 2. 0 X 0.: 5. cm. The specimen is sectioned to show a homogenous cut surface. Representative. section is submitted in one cassette labeled #20. Specimen #21 S designated ""phrenic nerve"" and consists of a portion of tan. pink and yellow gray cylindrical soft tissue measuring 21.6 0 cm in length with. a greatest diameter of 0.2 cm. The specimen has a small amount of adhesed tan. yei: ow gray soft tissue to its outer surface. The specimen is submitted in. toto in one cassette Labeled #21. Specimen #22 is designated ""pericardial implant"" and consists of three. fragments of tan yellow gray rubbery soft tissue measuring from 0.5 to 1.6 cm. The specimen is submitted in toto in one cassette labeled #22. Specimen #23 is designated ""pericardium and consists of multiple fragments of. tan yellow gray rubbery soft tissue with admixed purple gray membranous soft. tissue measuring in aggregate 4.0 X x 1.0 cm. The specimen is sectioned. to show a homogenous cut surface. Representative section is submitted in two. cassettes 23A and 23B. Specimen #24 is designated ""rib 8th"" and consists of three segments of tan. pink and gray rib measuring from 4.5 to 7.0 cm. Each segment has a moderate. amount of adhesed purple gray membranous soft tissue and red brown soft tissue. adhesed LO its outex surface. The smaller segiment of rib is grossly. asymmetrical and is discolored a lighter yellow gray. Sectioning through this. 4. Continue. Princ Date. Date of Birth: Reg. No. : MALE. Consult : Copies. DATE RECEIVED IN LAB : specimen shows a yellow gray co yellow brown cut surface (24B). The other two. segments of rib are sectioned to show a homogenous cut surface. Representative. sections are submitted in two cassettes as follows: 24A. two larger segments of rib. 24B representative section of smaller asymmetrical rib. Specimen #25 is designated ""superior aspect old incision"" and consists of a. portion of tan pink and gray membranous soft tissue measuring 6.2 cm in length. with a greatest diameter of 1.6 cm. The specimen is sectioned to show a red. brown cut surface with thickened areas of yellow gray rubbery soft tissue. Representative sections are submitted in two cassettes 25A and 25B. Specimen #26 is designated ""posterior intercostal nodes"" and consists of three. can vellow gray rubbery soft tissue fragments measuring 0. 8 to 1.2 cm. The. specimen is subminted in toto in one cassette labeled #26. Specimen #27 is designated ""superior previous biopsy site"" and consists of an. elliptical portion of skin and underlying soft tissue. The skin surface. measures 8. 7 em in length and 2.1 cm in width. The underlying soft tissue. measures up to 5. 0 em from point of attachment. The skin surface is tan gray. wrink: ed and devoid of hair. The specimen is sectioned to show a tan yellow. gray homogenous underlying suft tissue. Representative section is submitted in. two cassettes 27A and 27B. This case was reviewed with. DICTATOR: SPECIAL STAINS PERFORMED TO AID IN THE INTERPRETATION OF THIS CASE: CYTOKERATIN 7. CYTOKERATIN 20. DATE RECEIVED IN DAB : MICROSCOPIC DIAGNOSIS: 1. PREVIOUS INCTSION: A fragment of skin showing fibrosis, chronic inflammation, fat necrosis and. foci of giant cell reaction consistent with previous biopsy site. No evidence of residual tumor in representative sections submitted. 2. RIGHT RIB: Fragments of benign lameliar bone containing unremarkable bone marrow. Concinue. Print Dace. Date of Birth: Nome. Reg. No. : MALE. Consult. Copies. DATE RECEIVED IN LAB : elements. Adherent benign ribroadipose tissue and striated muscle. Negative for malignancy,. 3. VISCERAL PLETRA: Pragments of fibroadipose tissue showing foci of invasive malignant. mesothezioma, epithelioid type, see note. Tumor foca' y invades the adherent underlying alvoelar lung tissue. Foci of ymphovascular invasion also identified. 1. PARIETAL PLEURA: Fragments OF ribroadipose tissue and striated muscle showing foci of invasive. marignant mesothelioma. Foci of lymphovascul y invasion also identified. PREVIOUS BIOPSY. Fragments of fibroadipose tissue and striated muscle showing foci of invasive. mai gnant. 6. INTERCOSVA NERVE. Benign fibroadipose tissue containing lagge nerve trunk. Negative for malignancy. INTERCOSTAL NODES: Fragments of lymph node, no cumor seen. 8. PER CARDIAL. Fragments of fibroadipose tissue showing foci of invasive malignant. mesothelioma. 9. TUMOR: Fragments of fibroadipose tissue and striated muscle showing foci of invasive. malignant mesothelioma. Foci of lymphovascular invasion also present. 10. MEDIASTINAL PAR. ETAL PLEURA: Fragments of fibroadipose cissue showing foci of invasive malignant. mesothelioma. Foci of ly.phovascular invasion also present. 11. DIAPHRAGMATTC PLEURA: Fragments of libroadipose tissue and striated muscle showing foci of invasive. malignant mesnthelioma. Nane: Continue. Print Dace. Date of Birth: Reg.No. : MALE. Consuit : Copies. DATE RECEIVED IN LAB : Foci of lymphovascular invasion also present. 12. IN TERLOBAR LYMPH NODE: Fragments of lymph tode, no tumor seen. 13. DIAPHRAGM: Fragments or fibroadipose tissue and striated muscle showing foci of invasive. malignant mesothelioma. Foci of lymphovascular invasion also present. 34. PERICARDIAL SURFACE: Fragments of fibroadipose tissue showing foci of invasive malignant. mesorhe. oma. Foci of lynphovascular invasion also present. 15. HITAR NOUES: Fragments of nodular fibroadipose tissue con aining few lymphoid tissue. showing foci of inalignant mesothelioma. 16. ANTERIOR CHEST WALL: Fragments of fibroadipose tissue showing foci of invasive malignant. mesothel oma. 17. RIGHT CHEST WALD: Fragments of Tibrous tissue showing foci of invasive malignant mesothelioma. 18. APICAL PLEURA: Fragments of fibroadipose tissue showing foci of invasive malignant. mesotheliona. Few smal.1 nodular foci of hyalinized pleural plaque also noted. 19. TREATED D1APHRAGM: Fragments of fibroadipose tissue and striated muscle showing foci of invasive. malignant mesothelioma. Foci of ymphovascular invasion also present. 20. PERITONEUM: Fragments of mesothe iai ceil lined fibroadipose tissue containing striated. muscle. Negative for malignancy. 21. PHRENIC NERVE: Fibroadipose : issue containing large nerve showing few foci of malignant. Cont inne. Print Date. Date of Birth: Reg. No. : MALE. Consui. Copies. DATE RECEIVED IN LAB. meso: heiloma. Tumor is only present within the fibroadipose tissue, but the nerve tissue. itself is free . f invasive tumor. 22. PERICARDIAL MPLANI: Fragments of : proadipose cissue showing foci of invasive malignant. mesothe. 23. PERICARUTUM: Fragments of f broadipose tussue showing foc. of invasive malignant. mesothe ioma. 24. R'B 8Th: Benign Tamellar hone containing unremarkable bone marrow elements. Benign cartinge, fibroadipose cissue and striated muscle. Negar ive for nalionancy. 25. SUPERIOR ASPECT OLD INCISION: Fragments of bening broadipose tissue showing scant foci of invasive. mal gnanc mesotherioma. Focus of embedded lamellar bone without evidence of invasion also present. 26. INTERCOSTAL NODES: Fragments of ymph node showing foci of metastatic malignant mesothelioma. 27. SUPENTOR PREVIOUS BIOPSY SITE: F ragment 01 skin showing fibrosis, chronic inflammation, fat necrosis and. focal giant celi reaction consistent with previous biopsy site. No evidence of residual tumor in the representative sections submitted. Note: Inmustains are performed on block #3A with adequate positive and. negative controls. Tumor celis are postive for CK5/6,CK7, calretinin,. D2-40 (membranous staining; and WT-1. Tumor cells are negative for CK20. and TTF-1 These features are consistent with malignant mesothelioma, see. disclaimer. Disclaimer. Tue above in viaro HC tests may have used reagents labeled for IVD (In Vitro. Diagnostic Use), 200 (irvestigational Use Oniy) and/or RUO (Research Use Only). and have not been C. earea or approved by the U.S Food and Drug. Continue. Print Date. Date of Birth: Reg.No. Consuit : Copies. DATE RECEIVED IN LAB. Administration. However, the FDA has determined that such clearance or. approval is not necessary for ASR class I tests intended to provide. patho. ogists with adjunctive information to assist their morphologic. evaluation. The tests using IUO or IUO reagents were developed and their. per formance charanteristies were validated for diagnostic use by the. This laboratory is regulated under the Clinical. Laboratory Improvement Amendments of 1988 (CLIA) as qualified to perform high. complexit, V clinical cests. These Class I ASR tests are not intended to provide. diagnostic, prognostic, predictive or therapeutic information that are not. directly confirmed by routine h. stopathologic internal or external control. specimens. Concinue.","The pathology report mentions that the patient is a male with mesothelioma who underwent a bronch, pleurectomy, and PDT. The specimens removed include various structures such as the parietal and visceral pleura, rib, intercostal nerve, intercostal nodes, pericardial fat, tumor, mediastinal parietal pleura, diaphragmatic pleura, interlobar lymph node, diaphragm, pericardial surface, hilar nodes, anterior chest wall, right chest wall, apical pleura, treated diaphragm, peritoneum, phrenic nerve, pericardial implant, pericardium, rib 8th, superior aspect old incision, posterior intercostal nodes, and superior previous biopsy site.  

The gross description of the specimens reveals that the tumor has invaded the visceral and parietal pleura, as well as the adherent underlying lung tissue. Additionally, foci of lymphovascular invasion are identified in the visceral and parietal pleura, tumor, and mediastinal parietal pleura. The diaphragmatic pleura also shows foci of invasive malignant mesothelioma, and the diaphragm has foci of invasive malignant mesothelioma and lymphovascular invasion. The pericardial surface, hilar nodes, anterior chest wall, right chest wall, apical pleura, and treated diaphragm also have foci of invasive malignant mesothelioma. The pericardial implant and pericardium have fragments of invasive malignant mesothelioma. The rib 8th has a small asymmetrical segment with a yellow-brown cut surface, while the other two segments have a homogenous cut surface. The previous biopsy site has foci of invasive malignant mesothelioma, and the posterior intercostal nodes have fragments of invasive malignant mesothelioma. 

Based on the AJCC 7th edition staging manual, T3 is defined as tumor invasion of the diaphragm, lung, mediastinal pleura, or pericardium. The current case shows that the tumor has invaded the lung, diaphragm, mediastinal parietal pleura, pericardial surface, and pericardium. Therefore, the T stage for this patient is T3.",T3,,,,,False,"['If the tumor is limited to the ipsilateral parietal pleura, it might be T1.', ""If the tumor has invaded the diaphragm, it's T3."", ""If the tumor has invaded the lung, it's T3."", ""If the tumor has invaded the chest wall, mediastinal fat, pericardium, heart, or diaphragmatic muscle, it's T4."", 'If there is any doubt about the invasion of these structures, additional tests or imaging should be done.']"
MESO,TCGA-LK-A4O7,TCGA-LK-A4O7.A9C93568-D495-49A1-BF59-B14B9B1D90CC,T3,2.0,N1,1.0,"FINAL DIAGNOSIS: PART 1:6TH RIB, RESECTION -. A. BONE MARROW WITH TRILINEAGE HEMATOPOIESIS, NEGATIVE FOR METASTATIC TUMOR. B. ATTACHED SKELETAL MUSCLE AND ADIPOSE TISSUE FREE OF TUMOR. PART 2:PLEURAL TISSUE, PLEURECTOMY- -. MALIGNANT MESOTHELIOMA, EPITHELIOID TYPE (SEE COMMENT). PART 3: SUBCARINAL LYMPH NODE, BIOPSY -. FRAGMENTED LYMPH NODE (THREE (3) FRAGMENTS) NEGATIVE FOR METASTATIC MESOTHELIOMA WITH. ANTHRACOSIS. PART 4: LEVEL 5 LYMPH NODE, BIOPSY -. ONE OF THREE (1/3) FRAGMENTS OF LYMPH NODE POSITIVE FOR METASTATIC MESOTHELIOMA WITH. ANTHRACOSIS. PART 5:LEVEL 11 LYMPH NODE, BIOPSY -. FOUR OF FOUR (4/4) FRAGMENTS OF LYMPH NODE POSITIVE FOR METASTATIC MESOTHELIOMA WITH. ANTHRACOSIS. PART 8: LEVEL 7 ZETA LYMPH NODE, BIOPSY -. THREE OF THREE (3) LYMPH NODES POSITIVE FOR METASTATIC MESOTHELIOMA WITH ANTHRACOSIS. PART 7:LEVEL 9 LYMPH NODE, BIOPSY -. A. THREE OF THREE (3) FRAGMENTS OF LYMPH NODE POSITIVE FOR METASTATIC MESOTHELIOMA WITH. EXTRANODAL EXTENSION. B. TUMOR PRESENT IN THE SOFT TISSUE. PART 8: LOWER LOBE LEVEL 10 LYMPH NODE, BIOPSY -. ONE OF ONE (1/1) LYMPH NODE POSITIVE FOR METASTATIC MESOTHELIOMA WITH ANTHRACOSIS. PART :LEFT LUNG WITH PORTION OF PERICARDIUM, MEDIASTINAL FAT AND DIAPHRAGM, LEFT PLEURAL. PNEUMONECTOMY -. A. DIFFUSE MALIGNANT EPITHELIOID MESOTHELIOMA EXTENSIVELY. INVOLVING THE ENTIRE PLEURA. B. TUMOR INFILTRATING PERICARDIUM BUT NOT THROUGH IT. C. TUMOR INFILTRATING DIAPHRAGMATIC MUSCLE BUT NOT THROUGH IT. D. TUMOR INFILTRATING ADJACENT MEDIASTINAL ADIPOSE TISSUE. E. TUMOR FOCALLY INFILTRATING ADJACENT LUNG PARENCHYMA. F. LYMPHOVASCULAR INVASION PRESENT. G. BRONCHIAL AND VASCULAR MARGINS OF RESECTION FREE OF TUMOR. H. THREE OF THREE (3/3) PERIBRONCHIAL LYMPH NODES POSITIVE FOR METASTATIC MESOTHELIOMA. I. LUNG PARENCHYMA WITH ATELECTASIS AND EMPHYSEMATOUS CHANGES. J. 7TH EDITION AJCC PATHOLOGIC TNM STAGE: pT3 N2 MX. COMMENT: P: The immunostains are as follows: Calretinin - positivei. WT1 positive. D240 positive. Cytokeratin AE1/3 - positive. P72.3 - negative,. All controls staified adequately. The morphology and immunostain pattern support the diagnosis. The resection odges of pericardium, diaphragm and mediastinum appear free of tumor. Due to the nature of the disease. please correlate clifically for the completeness of resection. CASE SYNOPSIS. SYNOPTIC RATA PRIMARY MESOTHELIOMA. SPECIMENT,. S5 I. IGNA. Other: pleura, lung, pericardium, diaphragm and mediastinal fat. PROCEDURE: MIG. Other: pleural pneumonectomy. intact. SPECIMEN-LATERALITY. Left. TUMOR SITE: Visceral pleura. MC. Diaphragm. ING. Pericardium. TUMOR FOCALITY: Diffuse. HISTOLOGIC TYPE: Epitheloid mesothelioma. on. TUMOR EXTENSION: if. Confluent visceral pleural tumpr. (including fissure). Into.bi not through diaphragm DA 05 J: VI. Lung'barenchyma. Into médiastinal fat. IX. Into but not through pericardium. MARGINS: Cannot be assessed. TREATMENT EFFECT: Not applicable. PATHOLOGIC STAGING (pTNM). pN2. pM Not applicable. ANCIht ARV STUDIES. Immunohistochamical stain(s).","1. The tumor is involving the entire pleura, including the visceral pleura and fissure, which makes it T3 based on the long-term memory that a tumor involving the visceral pleura is at least T3. This is also confirmed in the pathology report which states 'diffuse malignant epithelioid mesothelioma extensively involving the entire pleura'.

2. The tumor is invading the diaphragmatic muscle but not through it, which is consistent with T3. This is stated in the pathology report as 'tumor infiltrating diaphragmatic muscle but not through it'.

3. The tumor is invading the adjacent mediastinal adipose tissue, which is consistent with T3. This is stated in the pathology report as 'tumor infiltrating adjacent medialstinal adipose tissue'.

4. The tumor is focally infiltrating the adjacent lung parenchyma, which is consistent with T3. This is stated in the pathology report as 'tumor focally infiltrating adjacent lung parenchyma'.

5. There is no mention of invasion into the chest wall, mediastinal fat, pericardium, heart, or diaphragmatic muscle, so these are not considered for T staging.

Therefore, based on the long-term memory and the pathology report, the final predicted T stage is T3.",T3,,,,,False,"['If the tumor is limited to the ipsilateral parietal pleura, it might be T1.', ""If the tumor has invaded the diaphragm, it's T3."", ""If the tumor has invaded the lung, it's T3."", ""If the tumor has invaded the chest wall, mediastinal fat, pericardium, heart, or diaphragmatic muscle, it's T4."", 'If there is any doubt about the invasion of these structures, additional tests or imaging should be done.']"
MESO,TCGA-3H-AB3O,TCGA-3H-AB3O.D5828CA0-5ED9-4AF6-9E3C-CBE57826E43F,T3,2.0,N0,0.0,"M. DIAGNOSIS. (A) LYMPH NODE, 4R, LYMPHADENECTOMY: Two lymph nodes, no tumor present (0/2). (B) LYMPH NODE, STATION 7, LYMPHADENECTOMY: One lymph node, no tumor present (0/1). (C) DIAPHRAGM, BIOPSY: Portion of diaphragm, no tumor present. (D) RIGHT LIVER, BIOPSY: Liver parenchyma with fibrosis, no tumor present. (E) RIGHT PLEURA, BIOPSY: EPITHELIOID MALIGNANT MESOTHELIOMA. GROSS DESCRIPTION. (A). 4R LYMPH NODE - Received are two possible lymph nodes measuring 0.6 to 1.0 cm in greatest dimension. Specimen. submitted entirely in A. (B). STATION. 7 LYMPH NODE - Received is one possible lymph node measuring 0.6 cm in greatest dimension. Specimen. submitted entirely in B. (C). BIOPSY OF DIAPHRAGM - Received is a single fragment of tan-pink soft tissue measuring 0.2 cm in greatest dimension. Specimen submitted entirely in C. (D) RIGHT LIVER BIOPSY - Received are two fragments of tan-pink soft tissue both measuring 0.2 cm in greatest dimension. Specimen submitted entirely in D. (E). RIGHT. PLEURAL TUMOR - A single (2.3 X 1.1 x 0.9 cm) portion of pink-tan to white fibrous tissue that is entirely submitted for. frozen section evaluation in E. FS/DX: POSITIVE MALIGNANT MESOTHELIOMA. CLINICAL HISTORY. Mesothelioma. SNOMED CODES. T-2900, M-90503. ""Some tests reported here may have been developed and performance characteristics determined by. These tests have not been. specifically cleared or approved by the U.S. Food and Drug Administration."". Entire report and diagnosis completed by: END OF REPORT----. Page : 2. M.","1. The tumor is an epithelioid malignant mesothelioma located in the right pleura, as indicated in the gross description of section E.    
2. There is no mention of the tumor invading the ipsilateral parietal pleura only, but since it's located in the right pleura, it might be T1. However, there is no clear evidence of invasion limited to the ipsilateral parietal pleura.    
3. The pathology report does not mention any invasion of the diaphragm, lung, chest wall, mediastinal fat, pericardium, heart, or diaphragmatic muscle.    
4. The diaphragm biopsy result (section C) shows no tumor present.    
5. The report does not provide enough information to confirm or rule out T3 (invasion into the diaphragm or lung).    
6. Due to the lack of information about invasion into other structures, we cannot confirm T4.    
7. Given the information provided, the most appropriate T stage would be T2, as the tumor is in the pleura without clear evidence of invasion into other structures.",T2,,,,,False,"['If the tumor is limited to the ipsilateral parietal pleura, it might be T1.', ""If the tumor has invaded the diaphragm, it's T3."", ""If the tumor has invaded the lung, it's T3."", ""If the tumor has invaded the chest wall, mediastinal fat, pericardium, heart, or diaphragmatic muscle, it's T4."", 'If there is any doubt about the invasion of these structures, additional tests or imaging should be done.']"
MESO,TCGA-MQ-A4LC,TCGA-MQ-A4LC.731F15DB-25D3-41A5-AEA5-4C96F1249ABA,T2,1.0,N0,0.0,"Result date: SPECIMEN DESCRIPTION. SPECIMEN DESCRIPTION. LEVEL NO 7 LYMPH NODE. TUMOR RIGHT LUNG. RIGHT LUNG. LEVEL NO 8 LYMPH NODE. LEVEL NO 9 LYMPH NODE. DIAPHRAGMATIC TUMOR. LEVEL NO 4 LYMPH NODE. 6TH RIGHT RIB FOR. PATHOLOGY NO.: HOSPITAL ID: HOSPITAL NO. : ACCOUNT NO.: DATE RECEIVED: PHYSICIAN (S) : ACCN REQ. NO. : NOT GIVEN. DIAGNOSIS: A. LEVEL VII LYMPH NODE, EXCISION: ELEVEN LYMPH NODES NEGATIVE FOR MALIGNANCY. B. RIGHT LUNG, TUMOR EXCISION: MALIGNANT MESOTHELIOMA, TUBULOPAPILLARY TYPE. c. RIGHT LUNG, EXTRAPLEURAL PNEUMONECTOMY: MALIGNANT MESOTHELIOMA, EPITHELIAL, TUBULOPAPILLARY TYPE, DIFFUSE. BRONCHIAL MARGIN NEGATIVE FOR TUMOR. LUNG PARENCHYMA FREE OF TUMOR. NINE HILAR LYMPH NODES NEGATIVE FOR MALIGNANCY. LEVEL VIII LYMPH NODE, EXCISION: THREE LYMPH NODES NEGATIVE FOR MALIGNANCY. E. LEVEL IX LYMPH NODE, EXCISION: ONE LYMPH NODE NEGATIVE FOR MALIGNANCY. F. LABELED DIAPHRAGMATIC TUMOR: MALIGNANT MESOTHELIOMA, EPITHELIAL, TUBULOPAPILLARY TYPE, INVADING. FIBROCOLLAGENOUS TISSUE AND FOCALLY THE SKELETAL MUSCLE. G. LEVEL IV LYMPH NODE, EXCISION: FOUR LYMPH NODES NEGATIVE FOR MALIGNANCY. H. RIB, RESECTION: FOR GROSS ONLY. COMMENT: The tumor present in specimens B, C and F is formed by epithelial. cells with eosinophilic cytoplasm. round nucleus and prominent nucleoli. These cells are arranged in glands and. form papilla as well as nests. The immunohistochemical studies confirm the. diagnosis of malignant mesothelioma: the tumor cells are positive for. calretinin, thrombomodulin , WT-1, cytokeratin and negative for B72.3, CEA, and. BEREP-4. SPECIMEN: A. LEVEL NO 7 LYMPH NODE. B. TUMOR RIGHT LUNG. C. RIGHT LUNG. D. LEVEL NO 8 LYMPH NODE. E. LEVEL NO 9 LYMPH NODE. F. DIAPHRAGMATIC TUMOR. G. LEVEL NO 4 LYMPH NODE. H. 6TH RIGHT RIB FOR. OPERATION: R EXTRAPLEURAL PNEUMONECTOMY. PRE-OP DIAGNOSIS: LUNG CANCER RT. POST-OP DIAGNOSIS: SAME. CLINICAL DATA: NOT GIVEN. GROSS DESCRIPTION: The specimen is received in eight separate containers. A. Received fresh labeled level 7 lymph node is one fragment of fibroadipose. tissue measuring 5.5 x 2.0 x 0.5 cm. Summary of sections: 1- one lymph node bisected,. 2- two possible lymph nodes,. 3- one lymph node bisected,. 4- two lymph nodes bisected,. 5- one lymph node bisected,. 6- one lymph node bisected,. 7- one lymph node,. 8= one lymph node bisected. B. Received fresh labeled tumor right lung is one fragment of fibroadipose. tissue measuring 2.0 x 1.0 x 0.2 cm. Entirely submitted in two cassettes. C. Received fresh labeled right lung is a right extrapleural pneumonectomy. specimen measuring 20.0 X 15.0 X 4.0 m.weighing 800 gm.total. The parietal. pleura is attached at the superior part of the specimen and measures 30 x 15. cm, with 0.2 cm thickness. The thoracic, diaphragmatic, and mediastinal. surface of the lung is almost entirely covered by granular, tan indurated. nodules. The lung is serially sectioned. The lung's parenchyma is soft, red,. and free of tumor, except at the mediastinal aspect of the lung where the tumor. appears to invade the lung parenchyma. The parietal pleura also shows multiple. nodules, the largest measuring 10 x 3 x 3 cm and appears to invade the lung. Summary of sections: 162-sections from the tumor,. 3-bronchial margin with two lymph nodes,. 4-vessels with one hilar Tymph node,. 5-three possible lymph nodes,. 6 -three possible lymph nodes,. 7-tumor to lung parenchyma,. 8&9-tumor and parietal pleura. 10-tumor. D. Received fresh labeled level 8 lymph node is a piece of tissue measuring. 1.5 x 0.8 x 0.3 cm. Two lymph nodes are identified measuring 0.5 and 0.7 cm. Summary of sections: D1- one lymph node bisected,. D2- one lymph node bisected. E. Received fresh labeled level 9 lymph node is one lymph node measuring 1.0 x. 0.5 x 0.2 cm. The specimen is bisected and entirely submitted in one cassette. F. Received fresh labeled tumor diaphragmatic are multiple fragments of. fibroadipose tissue with fibrous white granular tissue aggregating to 5.0 x 5.0. x 1.0 cm. Representative sections are submitted in two cassettes. G. Received fresh are two anthrocotic lymph nodes measuring 1.2 and 0.5 cm. Summary of cassettes: 1- - one lymph node bisected,. 2- one lymph node. H. Received fresh labeled ribs are six fragments of bone submitted for Dr. study. CPT CODE: Completed Action List: Perform by.","1. The pathology report describes the excision of a tumor in the right lung, which was found to be malignant mesothelioma (specimen B and C). The report also mentions a diaphragmatic tumor, which was also found to be malignant mesothelioma and invading fibrocollagenous tissue and focally the skeletal muscle (specimen F).

2. Based on the long-term memory rules derived from the AJCC Cancer Staging Manual (7th edition), if the tumor has invaded the diaphragm, it is classified as T3. The diaphragmatic tumor is specifically mentioned to be invading the fibrocollagenous tissue and skeletal muscle, which meets the criteria for T3.

3. There is no mention of the tumor invading the lung, chest wall, mediastinal fat, pericardium, or heart. Therefore, based on the information provided, the tumor is not classified as T4.

4. The tumor is not limited to the ipsilateral parietal pleura, as it has invaded the diaphragm. Therefore, it is not classified as T1.

5. The tumor has invaded the diaphragm, but there is no mention of it involving the entire ipsilateral lung or mediastinal pleura. Therefore, it is not classified as T2.

6. Based on the above reasoning, the final predicted T stage for this mesothelioma cancer is T3.",T3,,,,,False,"['If the tumor is limited to the ipsilateral parietal pleura, it might be T1.', ""If the tumor has invaded the diaphragm, it's T3."", ""If the tumor has invaded the lung, it's T3."", ""If the tumor has invaded the chest wall, mediastinal fat, pericardium, heart, or diaphragmatic muscle, it's T4."", 'If there is any doubt about the invasion of these structures, additional tests or imaging should be done.']"
MESO,TCGA-LK-A4O6,TCGA-LK-A4O6.5A8CDA1B-CD49-4177-9716-FD42DE663E29,T3,2.0,N1,1.0,"FINAL DIAGNOSIS: Summary Statement. This extrapleural pneumonectomy specimen shows a biphasic mesothelioma diffusely Involving the visceral and parietal. pleural. The histolögy Is predominantly epithelioid, with a minor spindle cell component. The tumor Invades the. diaphragm (non-transmural) and paricardial fat. Isolated tumor nodules within the lung parenchyma, together with the. angiolymphatic Invasion seen in the lung, are best interpreted as metastatic disease. Almost all submitted lymph nodes. are Involved by tumor. Pertinent negatives include the absence of pleural plaques, ferruginous/asbestos bodies. [pT3N1M1 AJCC 7th Ed.). PART 1: LUNG, LEFT LOWER LOBE, WEDGE RESECTION -. MESOTHELIOMA, INVOLVING THE VISCERAL PLEURA. PART 2: PLEURA, PARIETAL, INCISIONAL BIOPSY -. MESOTHELIOMA. PART 3: LYMPH NODE, LEVEL 10, BIOPSY -. MESOTHELIOMA IN SUBCAPSULAR SINUSES. PART 4: LYMPH NODE, LEVEL 11, BIOPSY -. MESOTHELIOMA. PART 5: LYMPH NODE, NEAR INFERIOR PULMONARY VEIN, BIOPSY -. MESOTHELIOMA. PART 6: PERICARDIAL FAT, BIOPSY -. MESOTHELIOMA, FORMING MULTIPLE SMALL FOCI IN ADIPOSE TISSUE. PART 7: DIAPHRAGM FAT, BIOPSY -. MESOTHELIOMA, FORMING ONE SMALL (0.1 CM) IMPLANT IN ADIPOSE TISSUE. PART 8: LUNG, LEFT, EXTRAPLEURAL PNEUMONECTOMY -. A. BIPHASIC MESOTHELIOMA, PREDOMINANTLY EPITHELIOID WITH MINOR SPINDLE CELL COMPONENT,. CIRCUMFERENTALLY AND DIFFUSELY INVOLVING THE VISCERAL AND PARIETAL PLEURA.. a. SURGICAL MARGINS ARE POSITIVE FOR TUMOR AT THE LATERAL PARIETAL AND INFERIOR. PARIETAL PLEURAL MARGINS!. b. BRONCHOVASCULAR MARGINS AR NEGATIVE FOR TUMOR: c. ANGIOLYMPHATIC INVASION is PRESENT. y a. d. PATHOLOGIC STAGE: PT3N1MA (AJCC 7th Ed.). B. METASTATIC MESOTHELIOMA FORMING'ISOLATED PULMONARY NÓDULES: c. FIVE N1 LYMPH NODES WITH METASTATIC MESOTHELIOMA (5/6). o. NO FERRUGINOUSIASBESTOS BODIES IDENTIFIED ON IRON STAINS OF TWO SECTIONS. E. NO PLEURAL PLAQUE IDENTIFIED. F NON-NEOPLASTIC LUNG SHOWING BRONCHIECTASIS AND BRONCHIOLECTASIS WITHOUT INTERSTITIAL. FIBROSIS. PART 9: DIAPHRAGM, RESECTION -. MÉSOTHELIOMA, INFILTRATING SKELETAL MUSCLE (NON-TRANSMURAL). COMMENT: Immunohistochemiéal staining shows tumor cells to be positive for AE1/2, Cam5.2 and focally positive for calretinin,. CK5/6, WT1, D2-40, BerEp4 and CD15. Tumor cells are negative for TAG72, MOC31, monocional CEA, PAX-8, Inhibin, and. TTF-1. Mucin stains-muclcarmine, PASD) are negative. Immunoreactivity for BerEp4 and CD15 is less extensivo than that. for the other mesottiellal markers. The mesothelial markers highlight predominantly the epitheliold component, while the. spindle cell component ruostyl stains with cytokeratin antibodies. A pancytokeratin also stain highilghts the tumar cells. in the level 10 lympri node (Part op: IIA,. CASE SYNOPSIS: SYNOPTIC DATA, PRIMARY MESOTHELIOMA. SPECIMEN: IMA. Pleura. Other; Lung. PROCEDURE: Extrapleural pneumonectomy. SPECIMEN INTEGRITY: Disjupted. SPECIMEN LATERALITI. Left,. TUMOR SITE: Parietal pieura,. 8. Diaphragm. 1. Pericardium. Other Lung. TUMOR FOCALITY: Diffúse. HISTOLOGIC TYPE: Biphasic mesothelloma. TUMOR EXTENSION. Confluent viscéral pleural tumor (including fissure). Into but not thrbugh diaphragm. Lurg parenchyma. Diffúse or multiple foci invading soft tissue of chest wall. Into but not through pericardiura. MARGINS: Margin(s) involved by mesothelioma. Margin(s): Outer soft tissue margin, multifocal. TREATMENT EFFECT: Not-applicable. PATHOLOGIC STAGING (pTNM). pN1. Number examined: 9. Number involved: 8. pM1. Site(s): Lung. ADDITIONAL PATHOLOGIC FINDINGS: None identified. ANCILLARY STUDIES: Immpunohistechemical stain. Histochemical stain(s).","Step 1: Examine the pathology report for information about the tumor's invasion of surrounding structures. The report mentions that the tumor involves the visceral pleura, parietal pleura, diaphragm, and pericardial fat. It also notes that there are isolated tumor nodules within the lung parenchyma, which are best interpreted as metastatic disease. Step 2: Compare this information with the long-term memory (AJCC 7th-aligned rules) to determine the T stage. T1 would apply if the tumor was limited to the ipsilateral parietal pleura, but this is not the case here. T2 would apply if the tumor invaded the visceral pleura or covered the entire lung, which is also not the case here. T3 applies if the tumor has invaded the diaphragm or lung, which is consistent with the pathology report. T4 would apply if the tumor invaded the chest wall, mediastinal fat, pericardium, heart, or diaphragmatic muscle. While the tumor has invaded the diaphragm and pericardial fat, the report specifies that this invasion is non-transmural, meaning it does not extend through the full thickness of these structures. Therefore, T4 does not apply. Step 3: Based on the above reasoning, the final predicted T stage is T3.",T3,,,,,False,"['If the tumor is limited to the ipsilateral parietal pleura, it might be T1.', ""If the tumor has invaded the diaphragm, it's T3."", ""If the tumor has invaded the lung, it's T3."", ""If the tumor has invaded the chest wall, mediastinal fat, pericardium, heart, or diaphragmatic muscle, it's T4."", 'If there is any doubt about the invasion of these structures, additional tests or imaging should be done.']"
MESO,TCGA-UD-AAC6,TCGA-UD-AAC6.A033FA57-9895-4942-B3D5-0DA6134881AB,T2,1.0,N0,0.0,"Anatomical Pathology results - Performed from. M. Histopatliology. At least 1 Final Result. Histopathology. LAB. NO. DOCTOR. WARD. M. DATE RECEIVED. CONSULTANT. SPECIMEN: Pleura. CLINICAL : Malignant mesothelioma left pleura. MACROSCOPIC: An irregular strip of pleura 130 X 120 X 2mm. The surface is studded by several. irregular firm nodules measuring up to 10mm in diameter. Also submitted are. three separate strips of fibrous tissue the largest 30 x 10mm and the smallest. 20 X 10mm. BLOCK KEY: 1-6:Largest pleural fragment, :Sections from smaller pleural fragments. MICROSCOPIC: The sections show strips of pleura composed of fibrous connective tissue and. adipose tissue. Both tissue components show infiltration by a malignant. mesothelioma. Most of the tumour is of epithelioid type, being composed of. neoplastic. epithelial cells displaying tubulopapillary architecture and forming. irregular nodules. The neoplastic cells have large irregular nuclei with fine. chromatin,. prominent nucleoli and moderate to abundant amounts of eosinophilic. cytoplasm with often distinct cellular boundaries. There is moderate nuclear. pleomorphism. Apoptotic cells are present and mitotic figures are easily. identified. Focally the neoplasm is less cellular and displays increased amounts of fibrous. connective tissue. The constitutive cells in these areas are spindled in shape. and constitute the sarcomatoid component. Elsewhere the neoplastic cells are. separated by varying amounts of myxoid-appearing stroma. Interspersed are occasional nodular areas containing birefringent inorganic. material in keeping with tale particles. In association are epithelioid. histiocytes and occasional multinucleated foreign body-type giant cells. At the. periphery of the tumour is a moderately dense chronic inflammatory cell. infiltrate consisting predominantly of lymphocytes. There is accompanying. lymphoid aggregate formation. Some of the tissue strips show paucicellular areas composed of dense collagen,. most likely representing part of a pleural plaque. A single section shows blood. clot containing aggregates of neoplastic mesothelial cells. The PAS reaction with diastase digestion for mucin is negative. The Alcian blue. stain is positive in the areas of myxoid stroma. Immunohistochemistry: The epithelioid malignant cells are positive for cytokeratin 5/6, calretinin and. WT-1 and show strong peripheral membranous staining for EMA. The sarcomatoid. malignant cells are positive for calretinin and negative for CK5/6 and WT-1 and. show patchy cytoplasmic and membranous staining for EMA. Staining for BerEP4. and CEA is negative. CONCLUSION: Pleura - Malignant mesothelioma, epithelioid (predominantly) and sarcomatoid. patterns. Clinical history of asbestos exposure and pleural thickening is noted in the. previous report of left pleural effusion (lab ref. REGISTRAR: DOCTOR REVIEWING: Printed from: Page: I of 2. Anatomical Pathology results - Performed from. M. Electron Microscopy. At least 1 Final Result. Electron Microscopy. LAB. NO. M. WARD. DOCTOR. DATE RECEIVED. CONSULTANT. SPECIMEN: Pleura. ELECTRON MICROSCOPY: Specimen unsuitable for ultrastructural analysis. Dense collagenous fibrous. stroma only in all representative blocks. Printed from: Page: 2 01 2.","The pathology report indicates that the tumor is a malignant mesothelioma, with both epithelioid and sarcomatoid patterns present in the left pleura. The tumor has infiltrated the pleura, as shown by the fibrous and adipose tissues being composed of malignant mesothelioma. The tumor is large, measuring 130 x 120 x 2mm, and has several irregular firm nodules up to 10mm in diameter. The tumor has also invaded the chest wall, as indicated by the presence of a chronic inflammatory cell infiltrate consisting predominantly of lymphocytes at the periphery of the tumor. Additionally, there are paucicellular areas composed of dense collagen, most likely representing part of a pleural plaque. However, there is no mention of invasion into the diaphragm, lung, mediastinal fat, pericardium, heart, or diaphragmatic muscle. Therefore, based on the AJCC 7th edition staging manual, the tumor would be classified as T3 (tumor invades the chest wall, mediastinal fat, or diaphragm) but since the report does not mention invasion of the diaphragm, it would be more appropriate to classify it as T2 (tumor involves the parietal and visceral pleura with at least one of the following: invades the diaphragm, invades and thickens the mediastinal pleura, or invades the lung) ",T2,,,,,False,"['If the tumor is limited to the ipsilateral parietal pleura, it might be T1.', ""If the tumor has invaded the diaphragm, it's T3."", ""If the tumor has invaded the lung, it's T3."", ""If the tumor has invaded the chest wall, mediastinal fat, pericardium, heart, or diaphragmatic muscle, it's T4."", 'If there is any doubt about the invasion of these structures, additional tests or imaging should be done.']"
MESO,TCGA-ZN-A9VO,TCGA-ZN-A9VO.D10B7DE3-1AE6-42A3-BC9A-53CECC84BD96,T4,3.0,N2,2.0,"Report Status: Final. Procedure Date: PATHOLOGIC DIAGNOSIS: A. PORT SITE 1: Skin, subcutaneous soft tissue, and skeletal muscle with scar and f. foreign body giant cell reaction. There is no evidence of malignancy. B. RIB: Bone marrow with maturing trilineage hematopoiesis. There is no evidence of malignancy. C. LEVEL 9: One (1) lymph node, negative for tumor. D. LEVEL 8: One (1) lymph node, negative for tumor. E. RIGHT LUNG, DIAPHRAGM, PERIOTENUM, PERICARDIUM, (INCLUDING FSA) : DIFFUSE MALIGNANT MESOTHELIOMA, EPITHELIOID TYPE. Tumor involves chest wall parietal pleura, maximal thickness of 4cm and. mediastinal pleura and diaphragmatic pleura. Tumor involves visceral pleura. Visceral pleural involvement by tumor is confluent and includes an interlobar. fissure. Tumor invades lung parenchyma through the diaphragm to the peritoneum. does NOT extend to the inner surface of the pericardium. Tumor is present at all resection margins. Lymphovascular invasion is not identified. ""Diaphragmatic"" LYMPH NODES: Metastatic mesothelioma present in 1 of 1 lymph node (s) . ""Intraparenchymal"" LYMPH NODES: Metastatic mesothelioma present in 0 of 2 lymph node (s) . AJCC Classification (7th edition) : ypT4N2M1 (including all parts) . NOTE: The tumor is present at the bronchial resection margin on the frozen section. slide, but not the permanent slide. F. OMENTAL BIOPSY (INCLUDING FSB) : MALIGNANT MESOTHELIOMA, epithelioid type, involving fibroadipose tissue. G. LEVEL 7: Two (2) lymph nodes, negative for tumor. H. 4R: METASTATIC MALIGNANT MESOTHELIOMA, epithelioid type, involving two (2) lymph. nodes. I. OMENTUM: MALIGNANT MESOTHELIOMA, epithelioid type, involving fibroadipose tissue. J. CHEST WALL: Page: 1 of 4. MALIGNANT MESOTHELIOMA, epithelioid type, involving fibroadipose tissue and. skeletal muscle. K. PORT SITE 2: Skin, subcutaneous soft tissue and skeletal muscle with scar, foreign body. giant cell reaction and chronic inflammation. There is no evidence of malignancy. TISSUE SUBMITTED: A/1. Port site #1. B/2. Rib. C/3. Level 9. D/4. Level 8. E/5. Right lung, diaphragm, peritoneum, pericardium. F/6. Omental biopsy (FS). G/7. Level 7. H/8. 4R. I/9. Omentum. J/10. Chest wall. K/11. Port site #2. O.R. CONSULTATION: SPECIMEN LABELED ""5. RIGHT LUNG, DIAPHRAGM, PERITONEUM, PERICARDIUM"" (FSA) : Epithelioid malignant mesothelioma present in small nests in bronchial. resection margin soft tissue. SPECIMEN LABELED ""6. OMENTAL BX"" (FSB) : Metastatic malignant mesothelioma. The senior physician certifies that he/she personally conducted a gross and/or. microscopic examination of the described specimen (s) and rendered or confirmed. the rapid diagnos (es) related thereto. GROSS DESCRIPTION: The specimen is received fresh, in eleven parts, each labeled with the. patient's name and medical record number. Part A, ""#1. Port site #1"", consists of multiple soft tissue fragments (4.6 x. 4.5 x 1.6 cm) consisting of skin (3.2 x 0.7 cm) with underlying soft tissue up. to a depth of 4.4 cm. There are no masses or lesions identified. Micro A1: Skin with underlying soft tissue, 3 frags,. Micro A2: Soft tissue fragments, 3 frags,. Part B, ""#2. Rib"", consists of two segments of rib (12.8 x 1.5 x 0.9 cm, 6.4 x. 1.6 x 0.9 cm) with scant attached fragments of red/brown ragged skeletal. muscle. A rib bone marrow squeeze is submitted for histologic examination. Micro B1: Rib bone marrow squeeze, multi frags,. Part C, ""#3. Level 9"", consists of two tan/pink/brown soft tissue fragments. (1.2 X 0.9 x 0.6 cm in aggregate) The specimen is entirely submitted for. histologic examination. Micro C1: Soft tissue fragments, 2 frags,. Part D, ""#4. Level 8"", consists of a tan/pink soft tissue fragment (1.5 x 1.5. x. 0.8 cm). The specimen is entirely submitted for histologic examination. Page: 2 of 4. Micro D1: Soft tissue fragment, bisected, 2 frags,. Part E, ""#5. Right lung, diaphragm, peritoneum, pericardium"", consists of a. 750-gram right extrapleural pneumonectomy specimen (23 x 17.3 x 4 cm) including. lung (20 x 11.1 x 6.5 cm), open bronchial resection margin (2.3 cm in length x. 1.8 cm in diameter), parietal pleura, pericardium (14 x 7.4 cm) and. hemidiaphragm (31.8 x 19.5 x 11 cm) . The parietal pleura contains greater than. a hundred tan/white nodules (up to 4 cm in greatest dimension), is disrupted,. and adherent only to the apex of the lung. All parietal pleural disruption. margins are positive for tumor. The visceral pleura contains greater than two. hundred tan/white surface nodules (up to 1.8 cm in greatest dimension) that are. present on all lobes. The hemidiaphragm is disrupted and connected only to the. anterior parietal pleura. Both surfaces of the hemidiaphragm are covered by. greater than one hundred tan/white surface nodules (up to 10 cm in greatest. dimension) All diaphragmatic margins are grossly positive for tumor. The. bronchial margin is grossly free of tumor and entirely frozen en face for. frozen section analysis as FSA. The pericardium contains three full thickness. tan/white nodules (up to 2.4 cm in greatest dimension) . The tumor extends into. the lung parenchyma in the lower lobe and thickens the entire length of all of. the intralobular septae. The uninvolved lung parenchyma shows mild. emphysematous changes. Gross photographs are taken. Micro E1: Bronchial resection margin, FSA remnant, 1 frag, ESS. Micro E2: Apical parietal pleural margin, 1 frag, RSS. Micro E3: Medial parietal pleural margin, 1 frag, RSS. Micro E4: Lateral parietal pleural margin, 1 frag, RSS. Micro E5: Anterior parietal pleural margin, 1 frag, RSS. Micro E6: Posterior parietal pleural margin, 1 frag, RSS. Micro E7: Medial diaphragm margin, 1 frag, RSS. Micro E8: Lateral diaphragm margin, 1 frag, RSS. Micro E9: Anterior diaphragm margin, 1 frag, RSS. Micro E10: Posterior diaphragm margin, 1 frag, RSS. Micro E11: Diaphragm and tumor, full thickness section, 1 frag, RSS. Micro E12: Tumor and interlobar septae, 1 frag, RSS. Micro E13: Tumor with extension into lung parenchyma, 2 frags, RSS. Micro E14: Upper lobe, uninvolved parenchyma, 1 frag, RSS. Micro E15: Middle lobe, uninvolved parenchyma, 1 frag, RSS. Micro E16: Lower lobe, uninvolved parenchyma, 1 frag, RSS. Micro E17: Pericardium with tumor, 2 frags, RSS. Part F, ""#6. Omental biopsy"", consists of tan/yellow soft tissue and lobulated. adipose tissue (13.5 x 12 x 0.3 cm) with few scattered firm tan/white nodules. (up to 0.3 cm in greatest dimension) and focal hemorrhage. A representative. section of soft tissue and nodules is submitted for frozen section analysis as. FSB. Micro F1: Soft tissue and nodule, FSB remnant, 1 frag, ESS. Micro F2: Soft tissue and nodules, 2 frags, RSS. Part G, ""#7. Level 7"", consists of two tan/brown soft tissue fragments (1.3 x. 1.1 x 0.7 cm in aggregate). The specimen is entirely submitted for histologic. examination. Micro G1: Soft tissue fragments, 2 frags, ESS. Part H, ""#8. 4R"", consists of a tan/yellow soft tissue fragment (2.5 X 1.4 x. 0.8 cm) containing one potential lymph node. The specimen is entirely. submitted for histologic examination. Micro H1: Potential lymph node, 1 frag, ESS. Part I, ""#9. Omentum"", consists of yellow lobulated fibroadipose tissue (15 x. 12.2 x 4.5 cm) with no masses grossly identified. Representative sections are. submitted for histologic examination. Micro I1-I3: Fibroadipose tissue, 1 frag each, RSS. Page: 3 of 4. Part J, ""#10. Chest wall"", consists of a soft tissue fragment (5.1 x 2.8 x 1.4. cm) with a smooth glistening serosalized surface (6.3 X 2.8 cm) that is 80%. covered by tan/white nodules (up to 1.4 cm in greatest dimension) The. remainder of the specimen is tan/brown/pink soft tissue mixed with red/brown. ragged skeletal muscle. Micro J1-J3: Nodules with underlying soft tissue, 1 frag each, RSS. Part K, ""#11. Port site #2"", consists of two soft tissue fragments (4.1 x 3.5 x. 1.7 cm) containing skin (2.1 x 0.9 cm) and underlying soft tissue up to a depth. of 3.5 cm. There are no masses or lesions identified. Micro K1: Skin and underlying soft tissue, 1 frag, RSS. Micro K2: Underlying soft tissue, 1 frag, RSS. Micro K3: Additional soft tissue fragment, 1 frag, RSS. By his/her signature below, the senior physician certifies that he/she. personally conducted a microscopic examination (""gross only"" exam if so stated). of the described specimen (s) and rendered or confirmed the diagnosis (es). related thereto.","1. The tumor involves the ipsilateral parietal pleura, visceral pleura, and lung parenchyma. It also invades the diaphragm and peritoneum. Based on the long-term memory (AJCC 7th-aligned), if the tumor is limited to the ipsilateral parietal pleura it might be T1; however, in this case, the tumor has invaded other structures beyond the parietal pleura such as the lung parenchyma, diaphragm, and peritoneum. This rules out a T1 stage.   

2. The tumor has invaded the diaphragm, which according to the long-term memory (AJCC 7th-aligned) corresponds to a T3 stage. However, we need to further evaluate if the tumor has invaded any of the other structures listed under T4.   

3. The tumor has invaded the lung parenchyma and peritoneum, which are listed under T4 in the long-term memory (AJCC 7th-aligned). This means that the tumor has reached a T4 stage.   

4. The long-term memory (AJCC 7th-aligned) states that if there is any doubt about the invasion of these structures, additional tests or imaging should be done. However, based on the pathology report, there is clear evidence of invasion of the lung parenchyma and peritoneum.   

5. Therefore, based on the long-term memory (AJCC 7th-aligned) and the pathology report, the final predicted T stage is T4.",T4,,,,,False,"['If the tumor is limited to the ipsilateral parietal pleura, it might be T1.', ""If the tumor has invaded the diaphragm, it's T3."", ""If the tumor has invaded the lung, it's T3."", ""If the tumor has invaded the chest wall, mediastinal fat, pericardium, heart, or diaphragmatic muscle, it's T4."", 'If there is any doubt about the invasion of these structures, additional tests or imaging should be done.']"
MESO,TCGA-LK-A4NY,TCGA-LK-A4NY.841AD538-D6BE-4560-BA50-D33557B130CB,T3,2.0,N0,0.0,"FINAL DIAGNOSIS: Summary Statement. The right pneumonectomy and lymph node dissection shows a diffuse malignant mesothelioma, mixed epithellold and. sarcomatous type, with invasion of the parietal pleura, lung, dlaphragmatic muscle, and azygous vein, but with no. evidence of lymph node metastases. Pathologic stage: T3 NO MX. PART 1: SOFT TISSUE, ""CHEST WALL ON TOP OF 5TH RIB, RIGHT"". BIOPSY -. SUTURE GRANULOMA. NO EVIDENCE OF MALIGNANCY. PART 2: BONE, ""PARTIAL RIB, RIGHT"", RESECTION -. SPECIMEN UNDERGOING DECALCIFICATION. ADDENDUM REPORT TO FOLLOW. PART 3: PLEURA, BIOPSY -. A. DIFFUSE MALIGNANT MESOTHELIOMA. B. SUTURE GRANULOMA. PART 4: BONE, ""PARTIAL RIGHT 5TH RIB"", RESECTION -. SPECIMEN UNDERGOING DECALCIFICATION. ADDENDUM REPORT TO FOLLOW. PART 5: SOFT TISSUE, CHEST WALL, BIOPSY -. ACUTE FIBRINOUS AND ORGANIZING PLEURITIS ASSOCIATED WITH FOREIGN BODY GIANT CELL REACTION. NO EVIDENCE OF MALIGNANT MESOTHELIOMA. PART 6: LYMPH NODE, LEVEL 10 LYMPH NODE, BIOPSY -. FIVE (5) FRAGMENTS OF LYMPH NODE WITH NO EVIDENCE OF MALIGNANT MESOTHELIOMA. PART 7: SOFT TISSUE, ""VAGUS"", BIOPSY -. A. LARGE NERVE WITH NO SIGNIFICANT ABNORMALITY. B. THREE (3) FRAGMENTS OF LYMPH NODE WITH NO EVIDENCE OF METASTATIC MALIGNANCY. PART 8: LYMPH NODE, SUBCARINAL LYMPM NODE, BIOPSY -. SOLITARY LYMPH NODE WITH REACTIVE CHANGE. NO EVIDENCE OF MALIGNANCY. PART 9: BRONCHUS, ""FREE END MARKS PROXIMAL MARGIN"", RESECTION -. PORTIONS OF BRONCHUS AND BRONCHIAL MUCOSA WITH NO SIGNIFICANT PATHOLOGIC ABNORMALITY. PART 10: LYMPH NODE, ""LYMPH NODE NEAR INFERIOR PULMONARY LIGAMENT"", BIOPSY -. SOLITARY LYMPH NODE WITH REACTIVE CHANGE. NO EVIDENCE OF MALIGNANCY. PART 11: LUNG, RIGHT, PLEUROPNEUMONECTOMY -. A. DIFFUSE MALIGNANT MESOTHELIOMA, MIXED EPITHELIOID AND FIBROSARCOMATOUS TYPE, WITH. INVASION OF THE PARIETAL PLEURA, PLEURAL ADIPOSE TISSUE, DIAPHRAGMATIC MUSCLE, FISSURE. AND PULMONARY PARENCHYMA WITH INTRAPARENCHYMAL NODULES. PATHOLOGIC STAGE: T3 NO. MX. B. APICAL CAP OF LEFT UPPER LOBE. C. TWENTY-FIVE (25) N1 LYMPH NODES WITH NO EVIDENCE OF METASTATIC MALIGNANT MESOTHELIOMA. PART 12: PERICARDIUM, PERICARDECTOMY -. DIFFUSE MALIGNANT MESOTHELIOMA. PART 13: SOFT TISSUE, ""NODULE ON AZYGOUS VEIN"", BIOPSY -. DIFFUSE MALIGNANT MESOTHELIOMA. COMMENT: The malignant mesothelloma for the most part shows a tubulopapillary growth pattern associated with abundant myxoid. stroma, and extracellular hyaluronic acid production. in occasional areas, a spindle cell component Is Identified and for. this reason we have classified this as a mixed epithelioid and fibrosarcomatous malignant mesothelloma. Previous material on this case has been worked up for a varlety of mesothelial markers. revealing an. immunophenotype characteristic of malignant mesothelioma. The underlying lung shows no evidence of asbestosis and Iron stains fail to reveal significant numbers of ferruginous. bodies. Addendum. Sections of the Part 2 and Part 4 bone samples representing ""partial 7th rib right"" and ""partial right 5th rib"" show normal bone and. bone marrow with trilineage representation and maturation. No evidence of malignancy is seen.","1. The tumor has invaded the ipsilateral parietal pleura, which according to long-term memory, could be T1. However, it has also invaded the lung, making it at least T3.   
2. The tumor has also invaded the diaphragmatic muscle. This fact alone would make it T4, but since the report states T3, we'll go with that.   
3. There is no mention of invasion into the chest wall, mediastinal fat, pericardium, heart, or diaphragmatic muscle beyond what's already been considered, so we don't need to adjust our T stage further based on these criteria.",T3,,,,,False,"['If the tumor is limited to the ipsilateral parietal pleura, it might be T1.', ""If the tumor has invaded the diaphragm, it's T3."", ""If the tumor has invaded the lung, it's T3."", ""If the tumor has invaded the chest wall, mediastinal fat, pericardium, heart, or diaphragmatic muscle, it's T4."", 'If there is any doubt about the invasion of these structures, additional tests or imaging should be done.']"
MESO,TCGA-TS-A7PB,TCGA-TS-A7PB.10F97F63-EE6F-448D-98E1-8AAA21F55753,T3,2.0,N2,2.0,"GA-TS-A7PB-01A-PR. Date Printed: Date Collected : Date Received: years Sex: Male. Accession Ne. Surgical P / It 0 / 0 R 0 a 0 l' I. Clinical Information. year old male with mesothelioma, Left Thoracotomy, Pleurectomy, PDT, Bronchoscopy. Final Diagnosis. 1. RIB: Section of rib with bone marrow, no tumor seen. Fibroadipose tissue and skeletal muscle, no tumor seen. 2. LYMPH NODE, STATION 10: One fragment of lymph node, no tumor seen (0/1). 3. LYMPH NODE, STATION 8: Two out of two lymph node showing small focus of metastatic mesothelioma (2/2), confirmed by CK5/6 and calretinin. immunostains. 4. LYMPH NODE, STATION 6: Three out of four lymph nodes showing metastatic mesothelioma (3/4). 5. LYMPH NODE, PERICARDIAL: Two out of two lymph nodes showing metastatic mesothelioma (2/2). 6. LYMPH NODE, LEVEL 7: One lymph nodes showing metastatic mesothelioma (1/1). 7. LYMPH NODE, PHRENIC NODE: One lymph node, no tumor seen (0/1). 8. LYMPH NODE, ANTERIOR HILAR: One lymph node, no tumor seen (0/1). 9. LYMPH NODE, LEVEL 2: One out of two lymph nodes showing metastatic mesothelioma (1/2). 10. LYMPH NODE, LEVEL 5: One out of four lymph nodes showing metastatic mesothelioma (1/4). Adipose tissue with focal presence of mesothelioma, epithelioid type, confirmed by CK5/6 immunostain. 11. PHRENIC NERVE: Peripheral nerve fibers, no tumor seen. Date Printed: Date Collected. Date Received. years Sex: Male. Accession No. Loc.: surgical P a 1 It 0 / 0 y y R 0 0 l' I. Fibroadipose tissue with focal presence of mesothelioma, epithelioid type, confirmed by CK5/6 and calretinin. immunostains. 12. POSTERIOR INTERCOSTAL: Two out of two lymph nodes showing metastatic mesothelioma (2/2). 13. PLEURA: Biphasic malignant mesothelioma (~90% epithelioid and - -10% sarcomatoid) with focal necrosis. Tumor involves skeletal muscle and superficial lung tissue. See synoptic report. 14. PERICARDIAL MASS: Biphasic malignant mesothelioma (~20% epithelioid and - -80% sarcomatoid) with focal necrosis. Tumor involves underlying superficial lung tissue. Inked pericardial margin is free of tumor. See comment and synoptic report. The case material was reviewed and the report verified by: (Electronic signature). Verification Date: Note. Immunohistochemical stains are performed with adequate controls (see disclaimer). The tumor cells are positive for. CK5/6, calretinin, D2-40 and WT-1; the tumor cells are negative for TTF-1 and Moc31. This immunoprofile supports the above diagnosis. Slides 10A, 14B and 14D reviewed with. Disclaimer: The above in-vitro IHC tests may have used reagents labeled for IVD (In Vitro Diagnostic Use), IUO (Investigational Use. Only) and/or RUO (Research Use Only) and have not been cleared or approved by the U.S Food and Drug. Administration. However, the FDA has determined that such clearance or approval is not necessary for ASR class / tests. intended to provide pathologists with adjunctive information to assist their morphologic evaluation. The tests using IUO or. IUO reagents were developed and their performance characteristics were validated for diagnostic use by the. This laboratory is. regulated under the Clinical Laboratory Improvement Amendments or 1988 (CLIA) as qualified to perform high complexity. clinical tests. These Class I ASR tests are not intended to provide diagnostic, prognostic, predictive or therapeutic. information that is not directly confirmed by routine histopathologic internal or external control specimens. Date Printed: Date Collected : Date Received: years Sex: Male. Accession No. Loc.: surgical P a t h 0 / 0 g y Il 0 l' t. Synoptic Report. Site: Left. Histologic Type. Biphasic mesothelioma. Margins. Cannot be assessed. Lymph nodes. Specify: Number examined: 20. Number involved: 12. Pathologic Staging: pT3N2Mx. Gross Description. The specimen is received in 14 parts in formalin in a container labeled with the patient's name and medical record. number. Specimen #1 received in formalin labeled ""Rib"" and consists of two ragged and irregular fragments of tan-white to tan-. brown bone, grossly consistent with portions of rib, measuring 1.1 and 1.8 cm in greatest dimension. The largest fragment. is serially sectioned and the specimen is submitted entirely in cassette 1A following decalcification. Specimen #2 received in formalin labeled ""Station 10"" and consists of a 0.8 x 0.5 x 0.2 cm gray-black, irregular soft tissue. fragment, which is submitted in toto in cassette 2A. Specimen #3 received in formalin labeled ""Station 8 and consists of two tan-yellow, irregular to nodular soft tissue. fragments measuring 0.7 and 0.8 cm in greatest dimension. The more nodular fragment is bisected to reveal tan-white,. dense cut surfaces. The larger fragment is submitted entirely in cassette 3A and the smaller, intact fragment is submitted. in toto in cassette 3B. Specimen #4 received in formalin labeled ""Station 6"" and consists of four gray-black to tan-yellow, irregular to vaguely. nodular soft tissue fragments ranging from 0.8 to 1.5 cm in greatest dimension. The two larger fragments are bisected and. submitted entirely in cassettes 4A and 4B, respectively, and the remaining two soft tissue fragments are submitted in toto. in cassette 4C. Specimen #5 received in formalin labeled ""Pericardial Node"" and consists of two tan-yellow to tan-white, irregular to. nodular soft tissue fragments each measuring 1.2 cm in greatest dimension. Each fragment is bisected to reveal tan-. white, dense cut surfaces. The specimen is submitted entirely in cassettes 5A and 5B, respectively. Date Printed: Date Collected : Date Received: Age: I. years Sex: Male. Accession No. Loc.: S l' g i C a Pathology 8 Il 0 l' t. fragment, Specimen which is bisected to reveal tan-white to gray-black, firm cut surfaces. The specimen is submitted. #6 received in formalin labeled ""Level 7"" and consists of a 1.5 x 0.9 x 0.8 cm tan-gray, nodular soft entirely tissue in. cassette 6A. #7 received in formalin labeled ""Phrenic Node"" and consists of a 2.3 x 2.2 x 0.8 cm tan-yellow to gray-black, is. Specimen nodular soft tissue fragment, which is bisected to reveal gray-black to red-brown, dense cut surfaces. The specimen. submitted entirely in cassette 7A. #8 labeled ""Anterior Hilar Node"" and consists of a 2.0 x 1.3 x 1.1 cm gray-black, nodular soft tissue in fragment, cassette. Specimen which is bisected to reveal gray-black to red-brown, dense cut surfaces. The specimen is submitted entirely. 8A. Specimen tissue fragments measuring 0.8 and 1.5 cm in greatest dimension. The larger fragment is bisected and specimen. #9 received in formalin labeled ""Level 2"" and consists of two tan-yellow to gray-black, irregular the to nodular soft is. submitted entirely in cassette 9A. #10 received in formalin labeled ""Level 5"" and consists of two grey-black to tan-yellow, nodular soft tissue to. Specimen measuring 1.3 and 2.3 cm in greatest dimension. The larger fragment is bisected to reveal tan-yellow of the specimen red-. fragments brown, dense cut surfaces. The larger fragment is submitted entirely in cassette 10A, and the remainder. is submitted in toto in cassette 10B. Specimen #11 received in formalin labeled ""Phrenic Nerve"" and consists of a 2.5 x 0.8 x 0.3 11A. cm tan-white to tan-yellow,. irregular to vaguely cylindrical soft tissue fragment, which is submitted in toto in cassette. Specimen soft tissue fragments measuring 0.6 cm in greatest dimension each. The specimen is submitted in toto in. #12 received in formalin labeled ""Posterior Intercostal"" and consists of two tan-yellow to gray-black, cassette irregular 12A. Specimen #13 received in formalin labeled ""Pleura"" and consists of a 638.4 g, 21.5 x 18.4 x 7.5 cm There ragged are areas of red-. and. irregular. portion rubbery muscle and tan-yellow, lobulated adipose tissue attached. Focal areas are diffusely thickened. of tan-yellow to tan-white, rubbery soft tissue, grossly consistent with a portion of pleura. and reveal. brown, tan-white, dense cut surfaces, measuring up to 19.0 cm in greatest dimension. Focal areas are calcified. Representative. sections are submitted in cassettes 13A through 13F. #14 received in formalin labeled ""Pericardial Mass"" and consists of a 4,5 x 3.6 x 2.1 cm irregular portion of tan. to tan-yellow, focally ragged soft tissue which per the surgeon denotes the deep margin facing the heart (inked reveals black). The 3.9 x. Specimen cauterized, firm soft tissue. One surface is covered by a 3.9 x 3.5 cm portion of tan-pink to tan-white,. glistening, surface displays a portion which was removed by the surgeon for research purposes. Sectioning heart. There a is. remaining 1.8 cm tan-white to tan-yellow, firm mass which grossly abuts the black inked deep margin facing the in. 2.9 only x a small amount of tan-yellow to tan-white, uninvolved soft tissue identified. Representative sections are submitted. Date Printed: I. Date Collected. Date Received. years Sex: Male. Accession Noz. Loc.: !. surgical athology R a p 0 / I. cassettes 14A through 14E. Pathologist(s).","1. According to the long-term memory (AJCC 7th-aligned), we need to determine if the tumor has invaded specific structures to assign the T stage. The structures in question are the ipsilateral parietal pleura, diaphragm, lung, chest wall, mediastinal fat, pericardium, heart, or diaphragmatic muscle. 

2. From the pathology report, we can see that the tumor has been found in various lymph nodes (stations 8, 6, pericardial, 7, 2, and 5) and the pleura, as well as a pericardial mass. 

3. The report mentions that the tumor involves skeletal muscle and superficial lung tissue in the pleura specimen (section 13). This indicates that the tumor has invaded the lung (T3), but we do not have enough information to determine if it has invaded the chest wall, mediastinal fat, pericardium, heart, or diaphragmatic muscle. 

4. Since the tumor has invaded the lung (T3), we do not need to consider T1 or T2 stages. 

5. We cannot definitively assign a T4 stage without clear evidence of tumor invasion into the chest wall, mediastinal fat, pericardium, heart, or diaphragmatic muscle. 

6. Therefore, based on the information provided in the pathology report and using the AJCC 7th edition staging manual as a guide, the predicted T stage for this mesothelioma is T3.",T3,,,,,False,"['If the tumor is limited to the ipsilateral parietal pleura, it might be T1.', ""If the tumor has invaded the diaphragm, it's T3."", ""If the tumor has invaded the lung, it's T3."", ""If the tumor has invaded the chest wall, mediastinal fat, pericardium, heart, or diaphragmatic muscle, it's T4."", 'If there is any doubt about the invasion of these structures, additional tests or imaging should be done.']"
